fecha_transaccion,encrypt_rut,comuna,marca,detalle,brand_origin,retail,precio_de_lista_synt,margen_retail,margin_pct,loss_making,price_band,year,month,quarter
2021-05-28,3aa098da085ca36887d4f59d837605aa51e133e28cb180a1f98742f976946831,VALPARAISO,Renault,SYMBOL ZEN 2 C,Incumbent,ces,7149787.653852023,546772.6875,0.07647397572785543,0,Mid,2021,5,2
2021-01-29,c52c28b0b840eadb61335d36f51febc5e71f9dbb0fa4e279f0a928e5df5a5e88,LO BARNECHEA,Suzuki,ALTO 800 GLX AC,Incumbent,propio,5217824.413408046,449747.90625,0.08619452680207096,0,Economy,2021,1,1
2017-01-30,5ea01abc39851b4ed86d0ea89e53d5258dd97a5edd98e299f410b6dcdcfecd7f,CONCEPCION,Suzuki,ERTIGA 1.4 GLX,Incumbent,ces,7598711.5867932355,395315.375,0.05202400044858509,0,Mid,2017,1,1
2014-12-27,7f3155ef36500350483d80685fbd9d5ff429a00747bcfa875d1a93093181e172,CONCON,Mazda,NEW MAZDA3 SPORT V 2.0 6MT,Incumbent,ces,10885728.47033218,826218.5,0.07589923836992306,0,Premium,2014,12,4
2015-05-30,3934ac5dc8ab1fe9a45c087ddc42f4ec278df9fed3a49a596c45039d2b335f68,LA FLORIDA,Suzuki,JIMNY 1.3 JLX AB SPORT AC,Incumbent,propio,7165043.550964458,410637.6875,0.05731126190359662,0,Mid,2015,5,2
2016-11-17,09062ed98b8103b1af128db95acc7edac48dc7be12a0dbba122a6bcff974b17f,LAS CONDES,Suzuki,SWIFT 1.2 GLX AC,Incumbent,ces,7034110.431649958,251008.84375,0.035684518488732636,0,Mid,2016,11,4
2021-09-25,4f087444a09978807fa6751846d4038f9bd7ca490f600bdfa756d95b26be6bdc,TILTIL,Mazda,NEW CX-3 R 2.0L 2WD 6MT IPM,Incumbent,propio,13293175.856411232,886722.9375,0.0667051235218812,0,Premium,2021,9,3
2010-02-09,7ae391d2951e975b6a3f0fd912c8841079bb5223790de93c91f462e1b6123fd5,ESTACION CENTRAL,Suzuki,GRAND NOMADE 2.0 2WD GLX,Incumbent,propio,8495672.46104886,705195.875,0.08300648103292553,0,Premium,2010,2,1
2021-05-28,9aa587bac5e19bbd9dc40ae949f4c1bb2c10e920b92c9006cd2766bdfed993cd,SANTIAGO,Suzuki,SPRESSO 1.0 GLX AC,Incumbent,ces,6283341.730216454,427899.59375,0.0681006400928729,0,Mid,2021,5,2
2014-08-21,91257c137ce3c3c846d5cd7edb5df94bf4e856366b676882aa3182fd7f243859,SANTIAGO,Suzuki,CELERIO 1.0 GA,Incumbent,ces,3731737.6199569865,228319.15625,0.061183067916932406,0,Economy,2014,8,3
2013-04-23,dc1a752520cf0395c2d780e9ba337fb6baa60f3b988a767c91e7a8c1c7bac1a5,VILLA ALEMANA,Geely,LC 1.3 GB HB,Chinese,ces,2836848.984675616,179764.203125,0.06336756171938261,0,Economy,2013,4,2
2014-07-31,0757946d765c41b1c21dd1e9bc8b0e77232c62532e8b9d3c5ba7878e71180c02,PEDRO AGUIRRE CERDA,Renault,SYMBOL 1.6 SDN EXPRESSION,Incumbent,propio,4686318.897745129,331407.84375,0.07071815874704138,0,Economy,2014,7,3
2014-12-16,5c845d742243df4072e9ef650e5d29ecf56b16654758fb651c3d7761f5898fae,COQUIMBO,Mazda,CX-5 R 2.0 2WD 6AT I-STOP E5,Incumbent,ces,12534552.110675696,692042.5,0.055210788059238784,0,Premium,2014,12,4
2022-03-09,da75dfc6563fc9d523b0d341ea17351032934b371bbb4a786e671527ecabd579,SAN FERNANDO,Haval,HAVAL JOLION 1.5T AT 4X2 ELITE,Chinese,ces,13805563.684066202,1074958.0,0.07786411512053441,0,Premium,2022,3,1
2020-02-28,42810abd4c71cb3df1f99c28e25abed5187e5ba39a99805580581572e0913581,LOS ANGELES,JAC Cars,S4 CE COMFORT 1.6 MT,Chinese,ces,7933897.777334623,380840.40625,0.04800167798203502,0,Mid,2020,2,1
2013-05-06,9b0058c4940e72ffde69b27f157338b62d130ef436693991a401504fa1b24c83,PIRQUE,JAC Cars,J3 1.3 VVT SPORT BSE,Chinese,propio,3745107.867161234,247828.515625,0.06617393261167998,0,Economy,2013,5,2
2009-11-10,efc53425b7dac5972b4dc415cd5b834588da494928a6eabf64790e8de35b6d63,SANTIAGO,Mazda,CX-7 2.5L R 2WD AT,Incumbent,propio,13189386.4030607,1074958.0,0.08150174444434713,0,Premium,2009,11,4
2019-12-30,8aaa5ffa286ab6286c7ef4e845d34aaa1cc159a639ed68f98d602fb158ba41c4,RENCA,Mazda,NEW MAZDA3 SP 2.0L 6MT VOLANTE CUERO,Incumbent,ces,9910397.407528538,653929.375,0.06598417279444674,0,Premium,2019,12,4
2013-05-24,4ca5fd9a6a82e1091ff4f15ec75b4d9329e030cefa2f10ae97cfc9d8346cdc17,LO PRADO,JAC Cars,J2 1.0 5P AE,Chinese,ces,2180348.2837808165,149159.5625,0.06841088811799874,0,Economy,2013,5,2
2014-01-10,104abc912229b5fee5eb9bd6e6be881a07b36f2b7a98213ef279cbbb59de3c79,SANTIAGO,Mazda,NEW MAZDA6 2.0 6MT,Incumbent,propio,10045151.41609826,401092.875,0.039929002399825705,0,Premium,2014,1,1
2018-12-20,a592929c213723a90a60d656d13e21bfb3b97faaf20f635c7dd7e781759516f6,PUREN,Mazda,ALL NEW MAZDA6 SDN V 2.0L 6MT,Incumbent,ces,11033481.096413292,616216.0625,0.055849650451688944,0,Premium,2018,12,4
2013-06-17,2d20a6a86378d30e42970d06a0ed6a5a1f093e1a7b8facf96d064b128e11c49a,RECOLETA,Suzuki,GRAND VITARA 1.6 GLX SPORT,Incumbent,ces,7984590.980038955,483348.46875,0.0605351570241162,0,Mid,2013,6,2
2021-12-02,1cf48f0ea0b4bc9117ec4ebd7af000e5f5b30330bcca40cff8a9ff8eb3bfcc9b,COLBUN,JAC Cars,JS2 COMFORT SMART,Chinese,ces,6726226.263168572,160093.921875,0.023801447589065102,0,Mid,2021,12,4
2016-08-12,b981ed05b6e9a2c73a8068452fa329ee5fde418720a0a10f7dea58894029577f,COQUIMBO,Mazda,NEW MAZDA2 SDN V 1.5L 6MT,Incumbent,ces,9131356.840271523,415014.71875,0.04544940319489907,0,Premium,2016,8,3
2013-08-09,3780749855ad941591ff6f7b05ae9f50cd6a78a0e11d262f7d67df995351b39f,SANTIAGO,Suzuki,SWIFT 1.4 GL AC SE,Incumbent,ces,5986846.60324877,342764.625,0.0572529492928712,0,Economy,2013,8,3
2018-07-31,2de492b188ca4260757870f80ab40338637dc446744d4ceb501bf53802022087,LOS ANGELES,Changan,MD201 CARGO BOX E5 EPS,Chinese,ces,4677317.299451148,347962.0,0.07439349903433556,0,Economy,2018,7,3
2021-12-21,7862953c0662674197427d5d5f3d11ad12f3fbe0bf68eb423c93ea19c67d756c,VALLENAR,JAC Cars,JS8 LUXURY SE DCT,Chinese,ces,14418848.038199345,835091.8125,0.057916680326168965,0,Premium,2021,12,4
2020-04-03,676084caeda057650df6eb5dc200267b9a30288e2cd07a34e0b96283a11f6a94,LA SERENA,Suzuki,BALENO 1.4 GLX,Incumbent,ces,8162430.239647451,540504.4375,0.06621856746469974,0,Mid,2020,4,2
2018-02-07,379afa21df3f8d7c8f1347118c22b29b18d03f9a8a08c8ed3b7ee31287d674d1,VITACURA,Mazda,NEW CX-9 GT AWD 2.5L TURBO 6AT,Incumbent,ces,22238010.80964836,909996.1875,0.04092075479634095,0,Premium,2018,2,1
2019-01-17,fb409e3c1f75fb93fcc1bc79194e81dc8097f20dfe6280ce2ff310d310472b0c,LAS CONDES,Mazda,ALL NEW MAZDA6 SDN V 2.0L 6AT (C.N),Incumbent,ces,12490629.27318638,468235.53125,0.037486944893573994,0,Premium,2019,1,1
2012-12-22,e2ad900848d0bfb60aa123306aa6cc9fc3bdea859d6103e7154eb95d5350657d,LAS CONDES,JAC Cars,SUNRAY 2.8 MB 17P LE DIESEL,Chinese,propio,16160570.309507392,671932.625,0.04157852180530391,0,Premium,2012,12,4
2017-07-13,512a94aeb30d2f834b6c143726a3e0c56dd809a94ccfd4bed06a5a824a4312ff,SAN FERNANDO,Mazda,NEW MAZDA3 SDN S 1.6 5MT,Incumbent,ces,8369317.896462412,532289.625,0.0636001202947484,0,Mid,2017,7,3
2018-04-28,5ff06ac0afc13523e5af9e5034f128b212ba1b2ec4d08a0e338b61959d139aed,BUIN,Changan,CX70 LUXURY MT,Chinese,ces,7689712.08697656,376471.0,0.04895774974951251,0,Mid,2018,4,2
2020-12-31,861ca997ccb04ac0a8b18738d8f02d745aa420a7c083f8a982b8e730d3c56bf9,SANTIAGO,Suzuki,SPRESSO 1.0 GLX AC,Incumbent,propio,5193355.811885504,414748.53125,0.07986137408509683,0,Economy,2020,12,4
2015-01-31,6dddd7b3ac704b7f2ffbf55bf2844a38093259286886eee8cad00d682d28f177,BULNES,Changan,CV1 LUXURY,Chinese,ces,3942766.5693491744,221176.078125,0.05609667076017365,0,Economy,2015,1,1
2014-11-29,eb8c0c7f2af3eaa95f37272b364f6598659dacad96903e5994c75adad69dc5d8,SANTIAGO,Suzuki,CELERIO 1.0 GLX SPORT AC,Incumbent,ces,4339104.069187042,310419.75,0.07154005643800082,0,Economy,2014,11,4
2011-10-28,4bec0a0842443156a9f3151fe6faeadd538900b60ff5739c501ce91616fb4e95,MELIPILLA,Suzuki,ALTO K10 1.0 DLX,Incumbent,propio,3095160.1488080826,240485.0,0.07769711046861615,0,Economy,2011,10,4
2021-11-26,9baff069324969a750d42ce5b9ad184a081a0fe3a2caa41298173655694cb7d0,LA PINTANA,Suzuki,SWIFT 1.2 SMART HYBRID,Incumbent,ces,11435357.544717964,812773.3125,0.07107546128939564,0,Premium,2021,11,4
2021-10-08,6d1f514971dfc08e9a7d9274df10caca681c757a0395023349fab43831f0a07d,PENAFLOR,Suzuki,DZIRE SEDAN 1.2 GL,Incumbent,propio,7488734.65804824,645514.625,0.08619809012811759,0,Mid,2021,10,4
2013-11-07,d9fef5884ac3eaa3caa1c50ee45eb933b525c247dbc281f88e48e61c7ba567eb,PROVIDENCIA,Mazda,CX-9 GTX AWD AT,Incumbent,ces,19013953.87143005,430251.5625,0.02262820060516117,0,Premium,2013,11,4
2022-03-05,e13e8649299a193281ce3a108d61d91f9311bb600915bf1e64d13ad28f8894b4,SAN MIGUEL,Changan,CX70 ELITE PLUS TURBO AT,Chinese,propio,11136748.399242878,1001008.375,0.08988336084418075,0,Premium,2022,3,1
2021-11-10,0dc9430f3be4b8f101164fd88aed9320ca8530cd39ab99586d00111f938b2c15,VALDIVIA,Suzuki,VITARA II 1.6 4WD GLX,Incumbent,ces,13917563.227092888,1024538.0625,0.07361475897631013,0,Premium,2021,11,4
2019-08-30,eaaa52fa43b3a50fdabb8b8f858bcc8ea30c075f055f41a96c29c3d8590b50bc,HUECHURABA,Suzuki,BALENO 1.4 GLS,Incumbent,propio,5742709.417091707,324198.125,0.05645386201069257,0,Economy,2019,8,3
2021-12-15,e68041b476d363a41ebd2779dc68babd028a6b9c7daac03f6b2f9bc77dc1bb35,SANTIAGO,Suzuki,SPRESSO 1.0 GLX AC,Incumbent,ces,6055230.984842922,553949.625,0.09148282309735373,0,Economy,2021,12,4
2015-07-23,120b0b58c1af78d8556e0c4ae1045e284cf1406bd544ea88d109fc8d1000fa35,CHILLAN,Mazda,NEW MAZDA6 SEDAN V 2.0 6AT (CUERO NEGRO),Incumbent,ces,13320731.200389802,702202.5,0.052715011618840533,0,Premium,2015,7,3
2019-04-30,4e94dcb49a44f7cc7cdc32cb1204b2711308b107b18490bcbe446d7f13d816cb,VILLA ALEMANA,Suzuki,DZIRE SEDAN 1.2 AT GL SPORT,Incumbent,ces,6391580.878146886,441807.03125,0.06912327946291956,0,Mid,2019,4,2
2021-03-23,efe8d106fc46e9ecdc7c214863c3b32b4f5c624d2d9a5a175eb54798cc29ddda,COLINA,Suzuki,SWIFT 1.2 AMT GLX,Incumbent,ces,9348921.681573834,678319.5625,0.0725559145325741,0,Premium,2021,3,1
2017-11-22,cc49297413691d439087f6fe1df06846dcfc82c0baf7a9ba185e573ee50d81fe,PUENTE ALTO,Suzuki,ERTIGA 1.4 GLX,Incumbent,propio,7574330.405466695,508363.625,0.06711664236789747,0,Mid,2017,11,4
2013-04-05,ce6b209758639747d5b7f3614d7dec930c403950df5a7a148189ae26e144ea62,LA SERENA,Suzuki,GRAND NOMADE 2.4 2WD GLX SPORT,Incumbent,propio,7929843.33199428,631260.5,0.07960567107966356,0,Mid,2013,4,2
2009-05-17,8cbaae351253f3db5635eb397b3f7258ac945be44f58e1cf01ecd79d95d12681,LA GRANJA,Changan,CARGO VAN S300 1.0,Chinese,propio,4102090.7432370153,327200.0,0.07976420330033998,0,Economy,2009,5,2
2010-12-09,8a5c375da432ab18786196e342c6769324e9cb001e6f0c30488aeb620565a29f,SAN MIGUEL,Suzuki,ALTO K10 1.0 GL AC,Incumbent,propio,3347069.0584239573,189642.640625,0.056659315154464575,0,Economy,2010,12,4
2019-08-27,4a84fcb12cc38d09c9cbf41b55cf361167f75650de5d7d2f9bd55042bb3bdf4a,QUINTA NORMAL,Suzuki,GRAND NOMADE 2.4 2WD GLX NAV,Incumbent,propio,8273848.578153185,334884.3125,0.04047503520722516,0,Mid,2019,8,3
2018-10-20,53d49d6f87952081d84bfd1fe8e6a213edf2ac38e71a19d93584c2800cbefec0,SANTIAGO,Mazda,NEW MAZDA2 SEDAN 1.5L V 6AT,Incumbent,propio,7883379.753347802,525876.4375,0.06670697771177118,0,Mid,2018,10,4
2011-04-25,19fc13f0c1ee7941a17d3056134f1e248aecb38df0674d571235cab45b7e3d3a,CERRO NAVIA,Great Wall,FLORID CROSS 1.5 HATCHBACK,Chinese,propio,4649699.368291148,239571.3125,0.05152404349704161,0,Economy,2011,4,2
2018-10-31,f49f2d60b185c142c84a84b0d1ca7efdc10ced59e3eab3c8a2b386a2add638ab,SAN RAMON,Suzuki,CELERIO 1.0 GLX AC BT,Incumbent,ces,5266186.2458950095,300352.1875,0.05703409896186722,0,Economy,2018,10,4
2011-07-28,f719d3d30d038d9476f36f38f76f1d4b261de4d3c303c86ed48b36e9e6a07356,LA SERENA,Suzuki,SX4 SEDAN 1.6 GLX,Incumbent,propio,5444474.749889462,264856.0,0.04864674962545786,0,Economy,2011,7,3
2018-08-16,06c2af1890d6008e7cbb31431be7e6e02e6efd56a01893f5c2458bb2e10a466d,COPIAPO,Renault,CLIO IV 1.2 HB EXPRESSION E6 F2 MT,Incumbent,ces,6333437.853191463,631260.5,0.09967106564121467,0,Mid,2018,8,3
2015-04-11,4b34ed8197e046c5423d703a68bcaf8121e3baa052fdc8e140370da9a6d8a488,LA PINTANA,Mazda,NEW CX-5 R 2.0 AWD 6MT I-STOP,Incumbent,ces,12213132.418002935,801972.625,0.06566477767962633,0,Premium,2015,4,2
2018-01-31,98cff2b88dc0ec5deb419c572a3272e88d0d5eb74ab76559a032a0444f1e5812,CONCEPCION,Suzuki,SWIFT 1.2 GA AC,Incumbent,ces,5573057.403063207,345846.28125,0.062056830970358766,0,Economy,2018,1,1
2018-08-23,54be2ca75f5124cc8455c87814eca44361c33c91fd32fe80cedf63360bd75d74,MACUL,Mazda,NEW MAZDA3 SDN S 1.6 5MT,Incumbent,ces,7794594.924464166,419974.59375,0.05388023339504982,0,Mid,2018,8,3
2018-08-22,0c43e359300c9fe19b04514637dd32a136ca326e9830f1293b817400576b0ca7,SAN MIGUEL,Mazda,NEW MAZDA3 SP 2.0L 6MT VOLANTE CUERO,Incumbent,propio,9870279.595866622,647179.75,0.06556853265544975,0,Premium,2018,8,3
2018-10-29,325b4078627f88402329fd3115ce6212e5bef65c583c599f50faf007951c930e,YERBAS BUENAS,Suzuki,VITARA 1.4DIT 4WD GLX,Incumbent,ces,10874467.860173354,532832.0625,0.048998449335754986,0,Premium,2018,10,4
2018-08-13,7d9e8678424aee5948d8314a0fc85494df67f7b92f938d5cc9b5442248a82887,SANTIAGO,Suzuki,GRAND NOMADE 2.4 2WD GLX NAV,Incumbent,propio,8206167.915872515,604834.3125,0.07370484234548975,0,Mid,2018,8,3
2019-05-31,c4b1a251f2d1bc1503bb3aacb5b49d510fa1659d0572f88e89cf978445b0dcbb,CALAMA,Great Wall,M4 1.5 LE,Chinese,ces,5518393.2753880685,381665.3125,0.06916239808464181,0,Economy,2019,5,2
2014-05-27,9832cc6cc4e965f8838f1a5d23963d9144bedf1c9e001a18b17c326da955f415,COPIAPO,Suzuki,GRAND NOMADE 2.4 GLX NAV,Incumbent,ces,9127352.104600923,714503.875,0.07828161626851585,0,Premium,2014,5,2
2013-03-21,96ee6f4e7f8c290f0086e5bc6df8b77655add86753d71029e2255a0858055aa6,SAN BERNARDO,Samsung,SM3 1.6 SEDAN ENTRY 3,Incumbent,ces,4841503.804312481,143772.125,0.029695757932057726,0,Economy,2013,3,1
2020-02-12,3dd104068f836f0892705fa6ab636d3fab986409eb036a5855077f047f64039e,QUILICURA,Great Wall,M4 1.5 LE,Chinese,propio,6063516.680293654,344610.96875,0.056833515420181974,0,Economy,2020,2,1
2013-12-08,86eba2eb43db1abab3a783d5c4d7470cf7b72d6705b8b3ed4b4363c197a8befb,TEMUCO,Suzuki,CELERIO 1.0 GLX AC,Incumbent,propio,4203567.138949507,301585.875,0.07174522614508969,0,Economy,2013,12,4
2017-12-29,274afce3e2bdf10450772db2646551f9f5435abe2f1977fd78cd76752f10baac,TEMUCO,Suzuki,ALTO K10 1.0 2AB GLX AC,Incumbent,ces,4240432.947760895,281680.3125,0.06642725305885042,0,Economy,2017,12,4
2019-05-14,f239260d3ff225791fb433c38efe666d5c4ef8b1112f1bf6c88e170fbc61616d,UNKNOWN,JAC Cars,S2 CE COMFORT 1.5 MT,Chinese,ces,5507550.001199022,313615.5625,0.05694284435578874,0,Economy,2019,5,2
2012-08-28,b68bef7b42aa770491655cf6d23afca9fa447b2cd023c1928ae59face69b95b7,VALPARAISO,Great Wall,HAVAL H5 2.4 4X2 LX,Chinese,ces,7003194.653533312,471476.03125,0.06732299394421758,0,Mid,2012,8,3
2013-06-28,d31be7946960726b01137549bb2852e7c9323589dae0f5155b9a69f1068dbcae,SANTIAGO,Renault,SANDERO 1.6 HB EXPRESSION FASE 2,Incumbent,propio,3673965.634280484,72515.9609375,0.019737789668166465,0,Economy,2013,6,2
2019-04-09,26966b09ac66fd38a2e358100c4e02f7f59c56a01347f4b4a5fdc8780528d112,LO BARNECHEA,Renault,SYMBOL ZEN,Incumbent,ces,5420288.574092978,383834.71875,0.07081444345686526,0,Economy,2019,4,2
2020-08-31,e5d0a0ed8a0ad9abf01518580cc9b999ef88eb1f85ff725da01dec15afc464e3,PUERTO MONTT,Renault,CLIO IV 1.2 HB AUTHENTIQUE E6 F2 MT,Incumbent,ces,5788133.60234316,530420.1875,0.0916392440017754,0,Economy,2020,8,3
2021-11-08,3c14b18b8120ed8db45398af2e64be6fa7036c8d4824774628d1dfecd83b900d,HIJUELAS,Great Wall,WINGLE 5 G 2.2 4X2 ELITE,Chinese,ces,8986478.001122473,566118.0,0.06299664895738775,0,Premium,2021,11,4
2021-11-24,c668bef3b488fa9d3062efe8f5312055932c45cdf1b29b6df64fc323ef7a01c5,SANTIAGO,JAC Cars,JS2 COMFORT SMART,Chinese,propio,7304342.49847743,584266.0625,0.0799888645174824,0,Mid,2021,11,4
2021-02-26,24cab1a52f33ac01df66e60d0ace48bd39f6206bff4c06f7f4d363e8ac255fc3,VALPARAISO,Changan,M201 FURGON CARGO A/C EPS,Chinese,ces,5462852.675154529,405131.0,0.07416107006556606,0,Economy,2021,2,1
2020-11-26,8e4b7671b8b60dd17bac3560cb577187388487e4c521e92cd79bd7d97efb9a3c,TEMUCO,Suzuki,JIMNY 1.5 AT GLX,Incumbent,ces,13074671.971055506,864957.8125,0.06615522090457256,0,Premium,2020,11,4
2018-05-28,da804232d61ef1495e86b0ca60218adce2e2657f4719d9da0309e1c50fb9fb8a,HUECHURABA,Great Wall,HAVAL NEW H3 2.0 4X2 LE,Chinese,propio,6891577.108307904,551134.375,0.07997216984419994,0,Mid,2018,5,2
2013-01-29,1751665427a978ecd5df3c61c15c183739e704289e8cfc9de3209dc121bba8af,CALAMA,Great Wall,HAVAL H5 2.4 4X2 LX,Chinese,ces,7432209.332063443,597647.0625,0.08041310945342711,0,Mid,2013,1,1
2015-10-30,33752e420136d9c4387ebd998b7621b8215b192f345837af2c1d92ea9edb5e66,PUNTA ARENAS,Suzuki,S-CROSS 1.6 4WD GLX,Incumbent,ces,10352785.29872368,548773.25,0.05300730520004643,0,Premium,2015,10,4
2019-04-18,a816eb78e435725467212f606811e5ecf6ab473f5f48a645097ed33008791417,LAS CONDES,Suzuki,JIMNY 1.5 GLX,Incumbent,propio,9056314.710906092,806050.375,0.08900423635116297,0,Premium,2019,4,2
2013-08-31,547788578183fd16beeee047490107155e1859ce89e4b5ae400f4519d34c151e,LA REINA,Suzuki,CELERIO 1.0 GA,Incumbent,ces,3740585.357680181,197283.4375,0.05274132752910906,0,Economy,2013,8,3
2015-05-07,1fc5536c36cc3d1a5487d7ce2536e191d1b450cbe3c5277216dbcb77ca71284f,LOS ANDES,Renault,FLUENCE 1.6 SDN EXPRESSION MT E5 F3,Incumbent,ces,7626545.41175432,419365.5625,0.0549876175723884,0,Mid,2015,5,2
2016-08-29,00309697e27ffc0ee7c4cdcdeefb6691b53235c876a6a61cdd81ad17e1a6eb1e,PENALOLEN,Mazda,MAZDA3 SEDAN V 2.0L 6AT,Incumbent,propio,11588623.543380208,536441.1875,0.0462903282250835,0,Premium,2016,8,3
2020-12-29,5bffda1ba7e0cfbdfed3cf5ba453b49ea573c00cb3782c78f868f70722e526c6,TEMUCO,Great Wall,WINGLE 7 2.0T.D 4X4 ELITE,Chinese,ces,12823367.260231491,789200.0,0.06154389747905833,0,Premium,2020,12,4
2021-11-09,201725238a91b4eec5755ec6ef3260db756e0aea102af69d89ff31f439c2e81c,PUENTE ALTO,Great Wall,POER PLUS AT 2.0 TD 4X4 DELUXE,Chinese,propio,19193927.24456286,1695200.0,0.08831960121554623,0,Premium,2021,11,4
2017-11-28,b953e1a6a8f5536f5f1d3fda4b3b44a3a9131ee48a961d1ff55c33a7b8d44003,QUILPUE,Renault,"DUSTER LIFE 1,6L 5MT 4X2",Incumbent,ces,7040867.529846655,233041.28125,0.03309837605410472,0,Mid,2017,11,4
2012-11-29,5b0ab08dbddd021ed0d7262e43be0237939dc5985dd268ff685ec7e55408f675,TALCAHUANO,Suzuki,CELERIO 1.0 GLX SPORT AC,Incumbent,ces,5310914.086584359,297655.6875,0.05604603701872969,0,Economy,2012,11,4
2020-10-30,6f323c8c73f27734d1cde75d1226cbaa412e0f926feb2ace235702431599974f,MAIPU,JAC Cars,T8 XE ADVANCE 2.0T DIESEL MT 4X2,Chinese,ces,12116346.62362556,797959.5,0.06585809442295631,0,Premium,2020,10,4
2020-09-11,a011387ed109a1cec25d75c65e64333b1c64073060e8bc7390373f6afa1ca005,SAN CARLOS,Suzuki,CIAZ SEDAN 1.4 GL BT,Incumbent,ces,6478625.980433348,248352.359375,0.03833410975183167,0,Mid,2020,9,3
2019-04-10,2bf56409af7abe2d032a0a7ff7430007ff0c511b3a8ab9b272a4ff29740da66c,PADRE HURTADO,Suzuki,DZIRE SEDAN 1.2 GL,Incumbent,ces,5588461.955234281,196141.15625,0.0350975201801794,0,Economy,2019,4,2
2013-10-30,9f8376afd46e2ae8bd27632bac129fe0747b51f64b938f737743bb9b2e6cce5c,MACUL,Suzuki,GRAND VITARA 1.6 GLX SPORT,Incumbent,propio,7662691.201425444,494870.125,0.06458176533434393,0,Mid,2013,10,4
2020-11-09,ff82fa8dde27926bd5f195bbfd34250ae2b87c2a0ccb5dec89cbc489e702fa53,PUENTE ALTO,Mazda,NEW CX-5 R 2.0L 2WD CA 6AT IPM,Incumbent,propio,15869453.980655974,889933.75,0.056078410201433664,0,Premium,2020,11,4
2021-07-29,8bdc636ff9441ea7a338b9c007f6758e46301e6daa07aff3bacaf6505b19ddfe,ROMERAL,Suzuki,DZIRE SEDAN 1.2 AMT GL SPORT,Incumbent,ces,8036274.706691743,464858.15625,0.05784498081715851,0,Mid,2021,7,3
2019-11-29,033f553d0deb7fd15c1baae18d456c04dab5d09967623d9f1d9a5801c5e3cba4,RANCAGUA,Changan,CX70 LUXURY MT,Chinese,ces,7665505.261426407,516286.09375,0.06735186737761482,0,Mid,2019,11,4
2014-06-05,d7fcbd14fdb7ef2242142784dcaf581a1b430f8c2b0bbcd02ae76583d5805aa1,RANCAGUA,Mazda,NEW MAZDA6 2.0 6AT,Incumbent,propio,12161863.554906612,874434.25,0.07189969251441043,0,Premium,2014,6,2
2017-10-19,e19dda9aa1cd6304f0a3558db17c3c504889457c68e369d577d657fda9013f1d,VALPARAISO,Mazda,NEW MAZDA3 SDN 2.0 6AT,Incumbent,ces,10140756.0165151,707902.8125,0.06980769592988126,0,Premium,2017,10,4
2020-11-20,9ee25d6dceedc7701ef4bec7b68d68722e8fa4731954dcbad1d2158d477f0157,VINA DEL MAR,Renault,CLIO IV 0.9 HB EXPRESSION E6 F2 MT,Incumbent,ces,8418430.379172731,630419.875,0.07488567899304176,0,Mid,2020,11,4
2017-02-10,c4a61facd7dd2a360536046b6f00c11830307c44ab624e2446163531727c645f,VINA DEL MAR,Suzuki,BALENO 1.4 GLX,Incumbent,ces,7833900.968618562,439663.71875,0.0561232163275011,0,Mid,2017,2,1
2017-08-28,ce730cfba4f0dd765581bc89f7ac722d9490940989f0244d3ae22490bf3d6290,CONCON,Mazda,NEW CX-5 R 2.0 AWD 6AT I-STOP,Incumbent,ces,13999419.831417978,788822.625,0.05634680826056072,0,Premium,2017,8,3
2016-03-15,2c41c100a0d007bddc9d8d33fb4f991b3d15e91b0d85f9ef059d4b992bea2f8a,MACHALI,Suzuki,ERTIGA 1.4 GLX,Incumbent,ces,7420738.859071302,497173.625,0.06699786024571423,0,Mid,2016,3,1
2019-07-23,47918b21461c01ee5bffad9b8de58dc9c57069ebdbc2e38b3621eb85aa556f7d,PAINE,Renault,"CAPTUR ZEN 1,5 F2 DIESEL MT.",Incumbent,propio,9725453.566519724,571008.4375,0.05871278224654942,0,Premium,2019,7,3
2013-11-30,e8f218f23a0c28db7739fe6b73866b5290ba2d73ecf457f5473fab642d4fa583,TALAGANTE,Mazda,MAZDA3 SEDAN 1.6L V MT,Incumbent,propio,8746575.437698057,609894.25,0.06972949062684965,0,Premium,2013,11,4
2021-07-29,2174c5006a2cbd945c28f719fd8cf702f24396d1b18e10fd88f8807ba36cb41a,PUENTE ALTO,JAC Cars,JS3 1.6 COMFORT,Chinese,ces,8092080.954797111,691764.75,0.0854866324081831,0,Mid,2021,7,3
2015-06-12,4cf9e0e71e276bfccef2468b928a041ee9c8f14a74fef584100709f19e419c8a,PUERTO MONTT,Great Wall,C30 1.5 SR,Chinese,ces,5694905.206065576,377479.4375,0.06628370865558063,0,Economy,2015,6,2
2021-12-28,a0f1fd9f00e5dd68eb294fd2e076d60db64c080685f8c69a8771ae5f12764d0f,LA FLORIDA,Great Wall,POER 2.0 TD 4X2 ELITE,Chinese,propio,14173896.798764843,1143200.0,0.08065530716292657,0,Premium,2021,12,4
2015-05-27,c55abd1ec47c4bb3214c9bdec7d4700735d0e30cfebbcf2fc90d33b696df0671,RANCAGUA,Mazda,NEW CX-5 R 2.0 2WD 6AT I-STOP,Incumbent,ces,12460547.30357916,1034621.8125,0.08303181130758325,0,Premium,2015,5,2
2018-03-26,d31892dfc4702b281471929f6824af0c166fa942fa20120e621dfd24d8f26de9,RECOLETA,Suzuki,BALENO 1.4 GLX,Incumbent,propio,7158886.391409913,533004.75,0.07445358409927594,0,Mid,2018,3,1
2014-03-31,872b3c146bde8f4e3983740cf290fef43a89d0fa1aa05749b8509bccfceaeb68,RANCAGUA,Suzuki,GRAND NOMADE 2.4 2WD GLX SPORT,Incumbent,ces,8624729.179885443,538823.9375,0.062474302237413196,0,Premium,2014,3,1
2020-01-30,698433b6cc9b41d5a67c1dec5dd4b50e3ed33f8675eebceb65850164ffa65ec8,MAIPU,JAC Cars,S2 PLUS 1.5 MT,Chinese,propio,6448423.238174731,335713.875,0.05206138967624992,0,Mid,2020,1,1
2013-03-18,d961d3512adf793b4297d09fc92a1d0a567b62351da1ddf586dfcb29cfaf80ec,LAS CONDES,JAC Cars,B CLASS 1.5 VVT 4P BSE,Chinese,ces,5433097.421877692,422857.125,0.07782984404020855,0,Economy,2013,3,1
2017-12-16,37da9586fd9473ee1e9ab28a4dffc2dc62864061d93b0c72a4725638cc1e8e76,LO ESPEJO,Renault,SYMBOL ZEN,Incumbent,propio,4222269.02483753,270143.0,0.06398052762883694,0,Economy,2017,12,4
2013-12-16,1d1b979865da2eda86f58d92492e7a60cb363fac543b9de2f07abd765e551de9,LA REINA,Mazda,MAZDA3 SEDAN 1.6L S MT,Incumbent,ces,7258925.094046103,604369.6875,0.08325884062307166,0,Mid,2013,12,4
2014-01-13,6dbee9234006f78639e2d9576c4813fa111f9b3e29ffa9f9111768443ea996f1,MACUL,Suzuki,ALTO 800 GL,Incumbent,ces,3133815.0950754983,200529.203125,0.06398884332394504,0,Economy,2014,1,1
2017-05-31,392150ef0c7900904b716ff8d998af7a2aeba762f2e9041cc2198d1af44ca548,SANTIAGO,Great Wall,HAVAL NEW H3 2.0 4X2 LE,Chinese,ces,7007616.39029183,528793.375,0.07545980623776391,0,Mid,2017,5,2
2021-11-24,ab0d0fe60323514f05eb789b0f8c3692792a6f368fc7e352afdb9319d6194ad8,LAS CONDES,JAC Cars,T8 XE ADVANCE 2.0T DIESEL MT 4X4,Chinese,propio,12748640.655820588,-970203.1875,-0.07610248133059103,1,Premium,2021,11,4
2022-01-29,79bdbaa57ffbb49a9a6f45cfe4feec2150ab528b55125eb897d57ae4f180c9dc,SANTIAGO,Suzuki,DZIRE SEDAN 1.2 GL,Incumbent,propio,7878445.854018982,659400.4375,0.08369676579850127,0,Mid,2022,1,1
2014-04-22,5243c25382721c68d8dd1eebcb34ac8cdc3443ded3ae798edbd240cdfa73e4eb,SAN PEDRO DE LA PAZ,Mazda,BT-50 D/C 3.2L 4X4 SDX 6AT,Incumbent,ces,17931687.772319518,754415.0,0.04207161141655402,0,Premium,2014,4,2
2012-01-31,6a1dae9277fbc015a8b976e410cf928471b186d8b54bf424a307ed192fd61064,CONSTITUCION,Samsung,SM3 1.6 SEDAN SE 3,Incumbent,propio,5340887.954011837,101603.5625,0.01902372103194562,0,Economy,2012,1,1
2022-01-29,594730cf4e3a18b701408e98267b6f637c2978f69bfb30c613637c7f4bfc9a87,VALDIVIA,Renault,ARKANA 1.3 4X2 AT INTENS TECH,Incumbent,ces,20415625.28534575,1443025.25,0.07068239301177796,0,Premium,2022,1,1
2017-06-28,1160d0103e712d8de4b27620a5cd7a97b54fe5114f16e0a9637ed3cd282454c3,RANCAGUA,Great Wall,M4 1.5 LE,Chinese,ces,6175662.940330677,429736.3125,0.06958545449324502,0,Mid,2017,6,2
2021-05-31,52b9ad87babbb094a1f9f3f22d56f9ec243637aeb6930102abe4c44c119857f1,EL MONTE,Changan,ALSVIN COMFORT MT,Chinese,propio,5392845.914051846,516974.8125,0.09586307874158741,0,Economy,2021,5,2
2020-10-16,1ac3e08bae2f73564177bd8210d36a339624a6baed08775c0370655a6d3c60c2,QUILLOTA,Mazda,NEW CX-9 GT AWD 2.5L TURBO CA 6AT,Incumbent,ces,22870428.03910844,1465077.5,0.06405990729577588,0,Premium,2020,10,4
2019-05-14,8a1f26446b54defa548f560a53b44cabed599b415223cb58f25d28d168976c2e,MAIPU,Suzuki,ALTO 800 2AB GL,Incumbent,propio,3829763.052490659,187598.71875,0.04898441918697725,0,Economy,2019,5,2
2010-03-20,f443b0cce7bd0db155e9e399eb1d4d8cf6479746098c4a08515c1bfc76dd3be3,QUINTA NORMAL,Suzuki,SWIFT 1.5 AT GL,Incumbent,propio,6264565.357401614,488993.8125,0.07805710126756862,0,Mid,2010,3,1
2013-04-21,edcf1c00d690b0cc938533a299079900647bbbbaab3788a525c6e128d1ef84b7,CORONEL,Suzuki,SWIFT SEDAN 1.2 GLA,Incumbent,ces,5799069.33966757,394285.84375,0.06799122767043898,0,Economy,2013,4,2
2015-06-19,76f5c7649e20b8bc4f6cd6162b886c5da839e6b1f5e62254bcd9968aaa6587e7,COYHAIQUE,Suzuki,GRAND NOMADE 2.4 AT GLX LTD NAV,Incumbent,ces,10785153.795619171,900168.0625,0.08346362783121739,0,Premium,2015,6,2
2013-01-08,4fe071bbd15333277aab7535f7dabbd52c057712e40ebd095b753e3fd494ac18,SAN BERNARDO,Renault,LAGUNA III 2.0 DYNAMIQUE HB AT TURBO,Incumbent,ces,13247218.280871468,965714.5625,0.0728994225070224,0,Premium,2013,1,1
2022-03-10,0ddec17acb53f95d71b9edaaa5716e9dd49c23403982750c20dcb3e2ce50175d,CALAMA,Great Wall,WINGLE 7 2.4 G 4X2 ELITE,Chinese,ces,10586757.705923475,895200.0,0.08455846680038025,0,Premium,2022,3,1
2010-06-07,d0d6f38c0d8af7d3dabae9e85e8547e1a9f69d7960ba1a16581b3d7d63196e55,SANTIAGO,Mazda,MAZDA3 SPORT 1.6L V MT,Incumbent,propio,9174735.739830451,395889.4375,0.04314995534763119,0,Premium,2010,6,2
2020-04-30,598b393355e4db61f6eb3be2b28eadc6f476b5b7dc70c138f0ae64718a6fad07,QUILPUE,Great Wall,M4 1.5 EN,Chinese,ces,5042042.884391715,414279.53125,0.08216501540128804,0,Economy,2020,4,2
2021-09-15,7d028c9d97b5ecd4a24c96a397bdd1ba447cb4ffa1274fc4217b793d42e2f431,VITACURA,Suzuki,BALENO 1.4 GLX,Incumbent,propio,8650077.438999636,788946.5625,0.09120687855844677,0,Premium,2021,9,3
2021-11-16,c0896d8c8978221e3e63ac59bb30fb78f88cc0016dcce568ea4838261d6d35e9,INDEPENDENCIA,Changan,CS15 COMFORT MT,Chinese,ces,6954621.248079466,332264.40625,0.04777606060743503,0,Mid,2021,11,4
2018-07-31,e5a6d82ec1a4c2f6c2895fd597ee9840e2e932547689e68b6b8631ec139724a2,SAN PEDRO DE LA PAZ,Suzuki,SWIFT 1.2 GL SPORT AC,Incumbent,ces,6236498.1621026695,370392.15625,0.05939104712653683,0,Mid,2018,7,3
2014-08-31,f93692f43663fae6ca71a397711276ff4da2564094f3b5cbd92fb1953358fa62,CALAMA,Mazda,CX-5 R 2.0 AWD 6AT I-STOP E5,Incumbent,ces,12081465.497013578,916402.8125,0.07585195792071135,0,Premium,2014,8,3
2019-11-30,3e5ed3b182410b94dec214f1740b00538f6c2cba802ac2a051f08f9fc5b1af0e,ANGOL,Great Wall,C30 1.5 COMFORT,Chinese,ces,5142702.450567471,219710.078125,0.04272268913803406,0,Economy,2019,11,4
2022-01-21,a6ca12935cc06709b8b8f718a8a61861a001f64ddd5d05d5002bd2b363b734cf,NUNOA,Suzuki,SWIFT 1.2 AMT GL SPORT,Incumbent,ces,9125081.595909314,671596.8125,0.07359899256145505,0,Premium,2022,1,1
2018-09-29,bb80f5419b6bdd5a3abdcc30709368f7251b2703550a0d1dec3a443296e3bb81,QUILICURA,Suzuki,BALENO 1.4 AT GLX,Incumbent,propio,7649972.047813367,467084.25,0.06105698780082591,0,Mid,2018,9,3
2012-12-27,65241087adfa9d27a9162ef3b29540db69d49cdd85bb89d05f70f99264fd7b84,NUNOA,Suzuki,GRAND NOMADE 2.4 AT GLX SPORT,Incumbent,ces,9541835.324372858,574689.3125,0.06022838300636589,0,Premium,2012,12,4
2012-11-23,8b6a51ddd23202da403b4c1d238d7ed240bf3d3d89bbef75c9efaaef07864b67,TALCAHUANO,JAC Cars,J2 1.0 5P CE,Chinese,ces,3477361.9867494632,181570.640625,0.05221505305368768,0,Economy,2012,11,4
2017-11-10,bc74bcc77d5c658264dc2739838be0c47d61bb1bbf4d14e9f620034617ee53a6,LA FLORIDA,Renault,CLIO IV 1.2 HB EXPRESSION E6 F2 MT,Incumbent,propio,7568538.132479896,442671.46875,0.058488371334261206,0,Mid,2017,11,4
2012-08-13,a27e154dcccd1cdbc2cd94751bf6a4d5eec0ea16cc389a39231a9e9f5327cb6e,COLINA,Suzuki,CELERIO 1.0 GLX SPORT AC,Incumbent,propio,4496553.746158978,210377.3125,0.046786344470964546,0,Economy,2012,8,3
2021-03-11,6db7d88f06a2ef5efe3da0a1f16566ee573876798a933455147a2a6928c26a75,ALTO HOSPICIO,Renault,MEGANE IV 1.8 HB RS T MT,Incumbent,ces,23572826.913940508,1864032.25,0.07907546501763214,0,Premium,2021,3,1
2020-12-30,ffb333121fc2242c460ab3cd96a19fce145dc20411c280093f69540a7b003f64,QUILICURA,Suzuki,BALENO 1.4 GLS,Incumbent,propio,8001480.553795811,711932.8125,0.08897513500326727,0,Mid,2020,12,4
2015-05-02,96ec77dfd5328e5450f003b8f61549340b5e3a28bed0e16578732b175ee811df,ILLAPEL,Mazda,CX-9 GT AWD AT,Incumbent,ces,17220346.355604194,1053445.375,0.061174459168596595,0,Premium,2015,5,2
2014-10-27,63745086fb89b1b9714873cfe1a6322eb04e8b263c8fb7120237f47f70bfb544,VALPARAISO,Suzuki,SWIFT 1.2 GLX AC,Incumbent,ces,6857829.598869106,347402.3125,0.05065776387288605,0,Mid,2014,10,4
2018-03-23,3eb25a21f677a579bd745c228319c80e9318bffaee6426cab19869788e176d90,LO BARNECHEA,Mazda,NEW CX-3 R 2.0L 2WD 6AT,Incumbent,propio,10217961.966317683,414989.6875,0.04061374360835996,0,Premium,2018,3,1
2018-07-13,bd01bf8b3e39f25a997d0bb2aac94ddfc691d35d20611ce3752971984ab6d484,LO BARNECHEA,Suzuki,BALENO 1.4 AT GLX,Incumbent,propio,7917839.894112768,585720.25,0.07397475294183538,0,Mid,2018,7,3
2012-05-31,417cf83dd268b9dc1dc15a12618d8d496dbbac6f19c83b281fff896aab679abd,SANTIAGO,Suzuki,ALTO K10 1.0 DLX AC,Incumbent,ces,3953254.1102500046,305210.09375,0.07720477491154709,0,Economy,2012,5,2
2012-02-08,8236bdb87e69f7893beee584dd136ca4489c2c26f7e44f7323ab166e15b36f55,TALCA,Samsung,SM3 1.6 SEDAN ENTRY 3,Incumbent,ces,5123123.943079214,201420.84375,0.03931602006664269,0,Economy,2012,2,1
2017-12-07,6eaed2031da3d8430da81e6b2a09c081c02faa78e145de30db7a133a39a89a47,PROVIDENCIA,Suzuki,GRAND NOMADE 2.4 2WD GLX SPORT,Incumbent,ces,8359567.237338695,531529.625,0.06358339013362788,0,Mid,2017,12,4
2013-04-23,5681929203ddd16789ffb8a72a7d4c8235bd0b38665b67c784a0d925990ff976,TEMUCO,Great Wall,WINGLE 5 2.2 4X2 SEP,Chinese,ces,5692364.222132844,353400.0,0.06208316724111274,0,Economy,2013,4,2
2020-02-28,2d6efa51384344cd96986e95509da5a550f75718d0ac59b45af04513c79879c1,PROVIDENCIA,Suzuki,BALENO 1.4 GLS,Incumbent,ces,5953924.966254415,347599.40625,0.0583815564052486,0,Economy,2020,2,1
2017-05-18,a0b746f8b5abfd6a22e9f5098e447895bb0c06a6bcd73eb28048e6aa16b0cb36,TALAGANTE,Suzuki,IGNIS 1.2 GL,Incumbent,ces,6981843.428317828,273292.96875,0.03914338262607615,0,Mid,2017,5,2
2014-10-15,0a7b2f63088b487717f65455e69665ffbceac354efe983e4652707b13bd58057,VALPARAISO,Great Wall,VOLEEX C30 1.5 EN,Chinese,ces,4715318.023564015,373096.03125,0.07912425617646887,0,Economy,2014,10,4
2021-02-26,698dc6ff7958cdc0dae394969d78c4ec7b349fd1845bd975efcddb3b409ccc76,PROVIDENCIA,Suzuki,SPRESSO 1.0 GLX AC,Incumbent,ces,6605791.591449649,427899.59375,0.06477642956581633,0,Mid,2021,2,1
2010-01-13,0de4acd393d2454bea3c70cad37e865ae2fd7c61a914e74281efb81858e80e08,UNKNOWN,Suzuki,CELERIO 1.0 GA,Incumbent,propio,3544134.325976138,294745.15625,0.08316421702465249,0,Economy,2010,1,1
2010-12-28,2f91db9ad9a158b8102b13bd1f28dbea159287d0af0f091abe73db8620a7767c,RANCAGUA,Suzuki,CELERIO 1.0 GA,Incumbent,ces,3787692.130337322,315294.09375,0.08324174270254661,0,Economy,2010,12,4
2018-03-27,2bae6fcc7f665637b201f404590d723c2be34cf17593875b96940999b182f993,LAS CONDES,Mazda,NEW MAZDA3 SP 2.0 6AT,Incumbent,propio,10946389.83795521,531868.6875,0.048588502270932574,0,Premium,2018,3,1
2018-03-29,f8e04609c211bb2fd47833b2bf5104c80a2a66c5a97db22b1a657165d9012769,NUNOA,Suzuki,SWIFT 1.2 GL SPORT AC,Incumbent,ces,5455205.942717336,309813.15625,0.056792201706628236,0,Economy,2018,3,1
2011-10-24,e13463f30db2c2771c091c83db4527aea441e4a99e491f5b9095649a3c5de70e,LA PINTANA,Geely,NEW CK 1.3 16V GS,Chinese,propio,3307201.689799667,170262.28125,0.05148227934665624,0,Economy,2011,10,4
2015-11-27,5ae895d916b35dad477d538dee5797d3520027e1d30dda4a49a72916d927d97c,OSORNO,Mazda,NEW CX-5 R 2.0 2WD 6AT I-STOP,Incumbent,ces,13751483.238164166,1068235.25,0.07768145671990873,0,Premium,2015,11,4
2021-02-27,fcd1f4db87afa7a317ac422dd204c822bd8f8d788d82d78aa9db8874e8abaf2b,SAN BERNARDO,Mazda,NEW CX-5 R 2.0 2WD 6AT,Incumbent,ces,14950800.823420102,1024900.4375,0.06855154112510922,0,Premium,2021,2,1
2020-09-29,943d402e948dfd3173bbdf8cdcb646a450cb0598040bea1b76dc93dfef49d390,BUIN,Changan,CX70 ELITE PLUS TURBO AT,Chinese,ces,9868528.71561334,558313.375,0.056575138107129705,0,Premium,2020,9,3
2018-08-24,cfda57546143ac587b9c459e8374ef0750c7e4231915a51b5d041647659bac99,SAN FELIPE,Mazda,ALL NEW CX-5 R 2.0 2WD 6MT,Incumbent,ces,12832777.552543355,517898.625,0.040357484798554506,0,Premium,2018,8,3
2013-08-31,46741db0d39ca5b5bd4ef70400f9fa6029575df141697be6b8f8fa1910ea2033,PENALOLEN,Mazda,MAZDA3 SEDAN 1.6L V MT,Incumbent,propio,5989222.189917581,429242.6875,0.07166918739842358,0,Economy,2013,8,3
2021-03-30,e5355e98a5c6fb477948ab0b2e2b45a8f4d4699cfffaf99fb9dcd1d4432058e8,VITACURA,Mazda,ALL NEW CX-30 V 2.0 2WD 6AT 7G,Incumbent,propio,14308881.082826914,589429.8125,0.041193284722130775,0,Premium,2021,3,1
2021-11-30,e108daa7b85b0338a8e0d00b891c5ff879c4e178f0d5edde9e907b1f18e8798b,MARIQUINA,Renault,SYMBOL ZEN 2 C,Incumbent,ces,7124177.9508912815,678319.375,0.09521370460926482,0,Mid,2021,11,4
2014-11-30,a6b359a68a408a0e2cac3bea91a1c569baab98776974b00cc43bd3a2164137b0,LA FLORIDA,Suzuki,SWIFT 1.2 GL AC,Incumbent,propio,5510019.451353833,316958.0,0.0575239348605425,0,Economy,2014,11,4
2013-07-05,44799bf2882f23cf108cda909aaa365677f38a342d9d221adaf3fbf890d3ba66,VALPARAISO,Suzuki,SWIFT 1.4 GA AC,Incumbent,ces,5196478.0156288985,362512.5625,0.0697612039172896,0,Economy,2013,7,3
2009-06-04,d20890114b2025e24dff10e940c2a5c2225ac69cfae9c2ba375345c88ab3c03f,SANTIAGO,Mazda,MAZDA3 SPORT 1.6L V AT,Incumbent,propio,10663672.573586645,826218.5,0.07747973264356407,0,Premium,2009,6,2
2018-10-29,84cf30a7167b9b69b9b86d0902b360877ae414f9b57b4bef5afea653514b3d7a,SANTIAGO,Renault,SYMBOL ZEN BLACK,Incumbent,ces,6044831.140515063,246586.0,0.04079286819896,0,Economy,2018,10,4
2021-10-13,e83e0efe03c139935a42dea1917c07db7c7c4eeb98c41297b72b13a6df2ca554,SAN BERNARDO,JAC Cars,JS2 COMFORT SMART,Chinese,propio,6913307.738813188,651428.5625,0.09422820263630144,0,Mid,2021,10,4
2018-07-20,cd3fd4c4b2cbc0953c15864dcc698af227e9feb1bb65f65f42a45906d1241f6b,ANTOFAGASTA,Renault,SYMBOL ZEN,Incumbent,ces,5169962.806703641,345174.0,0.0667652772187122,0,Economy,2018,7,3
2012-11-16,07cb86a9d837ac84e7097e1006bc0d120e75faeabf467cf35f0cc38b1f5b990e,LAJA,Renault,FLUENCE 2.0 SDN EXPRESSION MT,Incumbent,ces,6762572.674299946,408460.25,0.06040012724037503,0,Mid,2012,11,4
2018-04-20,c50f323cc65eb30b6ed134d78dbd89a7fbed05c77806f3fc2934b8876706960e,LAS CONDES,Mazda,NEW MAZDA3 SDN S 1.6 4AT,Incumbent,propio,8517617.128403623,772227.3125,0.09066236493829483,0,Premium,2018,4,2
2019-10-12,48b84b806cf1e6af455d1063e7055f5a1e68b88e8c0f46010c1945b19f887195,QUILICURA,Haval,HAVAL H6 1.5T 4X2 ELITE,Chinese,propio,9105381.000734013,531555.5,0.058378172199180865,0,Premium,2019,10,4
2021-04-30,c7e74b98020ae6007c7c70e4881e0e4d5f808152dca7e6f13b2ead124b7aef64,LINARES,JAC Cars,T8 CE COMFORT 2.0T DIESEL MT 4X2,Chinese,ces,11899490.130470036,860550.125,0.07231823511466771,0,Premium,2021,4,2
2013-09-13,c3d84484f11529815b08a6ae6b763c3b480fd578eb7e65b85dd66017e03c9f23,PUERTO MONTT,Great Wall,HAVAL H5 2.4 4X2 LX,Chinese,ces,7268097.444370873,458991.40625,0.06315152070580561,0,Mid,2013,9,3
2018-07-24,1daa946d995ecc3acb78a43fe1421d59bda30d9e23fb7a29cf504b7912d1a44f,NUNOA,Suzuki,CELERIO 1.0 GLX SPORT AC BT,Incumbent,ces,4854449.84099034,270223.28125,0.055665068154226234,0,Economy,2018,7,3
2015-09-14,b7419b84a0fd540e0f2eb0c357eceaa8f804d4a71b80c5b29ff2042e03e1dfa4,RECOLETA,Mazda,NEW MAZDA3 SEDAN V SR 2.0 6AT,Incumbent,ces,10227139.438827744,472426.28125,0.04619339396668581,0,Premium,2015,9,3
2009-10-09,f06388163f29de87c4797d6a0ed25febc515375edd09cfb58e22579c79d72b0e,PUENTE ALTO,Suzuki,SWIFT 1.3 GA,Incumbent,propio,5372677.839018247,276891.1875,0.05153690502138809,0,Economy,2009,10,4
2017-12-28,1e98c6a3513f86813e86a21f9682f4cfbf869fc3832187a7e6ee0890eef9566a,NUNOA,Mazda,ALL NEW CX-5 GT 2.0 AWD 6AT (C.N.),Incumbent,ces,16788304.492901452,1086182.0,0.06469873121846623,0,Premium,2017,12,4
2017-01-16,241dee6eaca8706832883fa7522667149bac8824e46ce539e3860d5ff21e292a,LA SERENA,Haval,HAVAL H6 1.5T 4X2 ACTIVE,Chinese,ces,9586749.900191918,582521.0625,0.06076314377287953,0,Premium,2017,1,1
2021-10-29,75805e1ee361fe4d58d9ee3528c3be30b9143360cc4d784417342d83d77c2ac5,COPIAPO,Changan,MD201 PICK UP A/C EPS,Chinese,ces,6134011.53149421,503200.0,0.08203440724171958,0,Mid,2021,10,4
2021-08-28,f53555275abdabe751a5f4d68db87efe09e1185861fc38629c08d352c8d90589,VINA DEL MAR,Mazda,NEW BT-50 DOB CABINA 2.2 SDX 6MT 4X2 DI,Incumbent,ces,17833424.71811419,1231954.875,0.06908122777722271,0,Premium,2021,8,3
2018-05-28,e29c91f17fce24c585edc914472999e2685ab56a97401a879a717374848841c3,NUNOA,Mazda,NEW MAZDA3 SP 2.0L 6MT VOLANTE CUERO,Incumbent,ces,9784270.431467395,697495.375,0.0712874178903284,0,Premium,2018,5,2
2018-10-26,278497fedc8c26a20ec7f12818446f235ce1f7069e3d09322c9060b72c3e65fc,PUERTO MONTT,Suzuki,BALENO 1.4 GLS,Incumbent,ces,6293112.261200046,407731.125,0.06479006063722259,0,Mid,2018,10,4
2021-07-29,99e663a6d8a47f28772c7848128672e0343eb548bb7447d4f6aac55b722c5d12,SANTIAGO,Renault,KWID 1.0 HB OUTSIDER 4X2 MT,Incumbent,ces,6933049.418826646,604369.75,0.08717228357825321,0,Mid,2021,7,3
2017-03-09,43ac5303d592e4330a9a92ace36049ad2fbc494e09f8a383480dab783f08f151,VITACURA,Mazda,NEW MAZDA3 SP 2.0 6AT,Incumbent,ces,11991754.488721823,911933.0625,0.0760466755183879,0,Premium,2017,3,1
2012-06-29,3ded389854fe024c720bc6bc56dea4545883e007ea1404f5f3fa2c8a1798819e,MAIPU,JAC Cars,J3 1.3 VVT SPORT BSE,Chinese,ces,4593527.577014523,334510.875,0.07282221982814548,0,Economy,2012,6,2
2021-11-24,827bf813d7d8080cbb8b31e990a808a4959f0788813974698d5fa2a038ae6990,CONCHALI,Suzuki,SPRESSO 1.0 GLX AC,Incumbent,propio,6052449.389405323,547226.875,0.09041411828373293,0,Economy,2021,11,4
2018-08-23,5c0d0da681b3d52a53fc0fe4b0e0fe24c87cccd6f3727b304fed0bab0f34f617,INDEPENDENCIA,Mazda,NEW MAZDA3 SDN S 1.6 4AT,Incumbent,propio,7243733.591394539,450310.3125,0.0621654988851278,0,Mid,2018,8,3
2021-09-23,43154f6273a1305a2da88f49f39d86ddf857f039d04c9040395bb83dbc7a4ece,LAUTARO,Changan,MD201 PICK UP XL 1.5 EPS A/C,Chinese,ces,6361485.720656853,575200.0,0.09041912931317685,0,Mid,2021,9,3
2013-11-21,fb07893ed7952483729056ca457093d6bfde9b917a032b49466a6612a8981ff4,HUECHURABA,Great Wall,VOLEEX C30 1.5 EN,Chinese,propio,4167062.908090413,297929.25,0.07149622085655727,0,Economy,2013,11,4
2018-05-14,c2db243717c9dce9e4fbee567c538d3185d565d31decf2858681367b913086e5,MAIPU,Mazda,NEW BT-50 DOB CABINA 2.2 SDX 6MT 4X4 DI,Incumbent,propio,15563187.85705539,880854.0,0.0565985586044748,0,Premium,2018,5,2
2018-09-17,decc8e803b79f10cedfc2d936a349682e32265c2182ee164503f854bbfd01b7a,LAMPA,Renault,CLIO IV 0.9 HB DYNAMIQUE E6 F2 MT TURBO,Incumbent,propio,8294461.537062089,529921.5,0.06388859573730678,0,Mid,2018,9,3
2011-01-27,5c889c3e886eef9569130c0e100e9f642d66fa29e149b3541bb1b9f3499cb83e,LA FLORIDA,Suzuki,GRAND NOMADE 2.4 2WD AT GLX SPORT,Incumbent,propio,7988890.496171586,-664117.375,-0.08313011366450153,1,Mid,2011,1,1
2022-02-01,7884940700a5d0edb852caac5115675b2c6af72a81d810b761db75083e50e68d,ANTOFAGASTA,Changan,NEW CS15 ELITE AT,Chinese,ces,8798567.93447188,558991.625,0.0635321144489808,0,Premium,2022,2,1
2021-05-28,56a12ac30d25bc38b17474f4413837acf985c1d11f6d44553989eb488d4efd04,TEMUCO,Suzuki,BALENO 1.4 GLX,Incumbent,ces,9480932.035162268,808798.5,0.08530791034050032,0,Premium,2021,5,2
2021-06-22,a148c002632e56e5dca5c01f81c830424a4713b7a736b87dc3c9432eba7982d8,TALCAHUANO,JAC Cars,JS2 COMFORT SMART,Chinese,ces,7021100.883199534,637983.1875,0.09086654616038922,0,Mid,2021,6,2
2017-11-27,d24d30fe52184c865db46c1fa7462606e5d509b7ce7808b4e427ed128ecd5d8b,PAINE,Suzuki,CELERIO 1.0 GA,Incumbent,ces,4515667.6609474905,257483.6875,0.05702007030472522,0,Economy,2017,11,4
2017-03-13,146ec0245bb1808318309b199652bfa02b37da46b561ce1a30f92089d86c4ef6,PROVIDENCIA,Mazda,ALL NEW CX-9 GTX AWD 2.5L TURBO 6AT,Incumbent,ces,24192643.808914304,779681.8125,0.03222805323214445,0,Premium,2017,3,1
2016-01-20,5133854407f76efb72edac8ce1e8ef45d4d6a6585886030f0f8a04446f4d082b,VALPARAISO,JAC Cars,S3 1.5 4X2 6MT CE,Chinese,ces,6303502.830596505,413183.3125,0.0655482076559804,0,Mid,2016,1,1
2019-04-04,572cfb3861974bcba2017bfca1b2149dd731b17cdb6d65f5930fad03aa2390a7,COQUIMBO,Great Wall,GREAT WALL 3 2.0 4X2 LE,Chinese,ces,6755576.291793007,685042.0,0.10140393216078714,0,Mid,2019,4,2
2018-11-30,7f5945e8108e0aea0aa866bfb6e745aa363e32c5e0501bc8a3a5f1565d80aea9,CURICO,Haval,HAVAL H6 AT 2.0T 4X2 ELITE,Chinese,ces,10967557.72281926,564933.625,0.05150951919082139,0,Premium,2018,11,4
2021-10-04,b6f3da46e42d5746c48363d38d2aeca46985ae2cf5ed72640267e9babe756d8b,MAIPU,Suzuki,DZIRE SEDAN 1.2 GLX,Incumbent,propio,8467170.459192405,717757.4375,0.08476945645056252,0,Mid,2021,10,4
2020-03-06,0a52a045f3f470de145556557e0554aaf4401a71d76ba55fb11e5c57ee1a543a,PUERTO MONTT,Changan,MD201 CARGO BOX PUERTA LAT,Chinese,ces,5607525.2463293495,342850.0,0.0611410533058995,0,Economy,2020,3,1
2020-09-29,c078b08aa584f1cfa3549bcce7fe65eef89baaf4786c39f972ec665067265b45,LOS ANGELES,Changan,CX70 COMFORT MT,Chinese,ces,7358681.098078436,449613.375,0.061099722763826116,0,Mid,2020,9,3
2013-11-08,05d2f75e552daef1ab06547adce6082fdb38f46e53b7d9e304340a80a90eee56,SANTIAGO,Samsung,SM3 1.6 SEDAN LE P 3,Incumbent,propio,5517923.022988319,356601.1875,0.0646259808290832,0,Economy,2013,11,4
2018-01-27,e8c56b062b3f86628e04f099cb1b93823ab76075a770d1a5613f2311e74a1456,PUENTE ALTO,Mazda,NEW MAZDA3 SDN 2.0 6MT,Incumbent,propio,10035655.707595326,565554.9375,0.056354557587300326,0,Premium,2018,1,1
2018-09-25,d2cd02a9795d62d6fb109895195abf507a53bb2aab012ea6cd0a75c66ad129a8,TEMUCO,Suzuki,SWIFT 1.4 DIT AT SPORT,Incumbent,ces,10185319.893543364,749664.0,0.07360240108660936,0,Premium,2018,9,3
2021-09-30,40940edbeba67b65022e42693a4d6466e5b31dea67b454f97cba8e4365e12b8f,CONCEPCION,Changan,ALSVIN LUXURY MT,Chinese,ces,6651125.959802125,564033.625,0.0848027279003419,0,Mid,2021,9,3
2021-01-31,4a8ff8d76662c8ae881e7dfa7a11aec7abd50164dab63effcdd9f40fe064bb61,PUERTO MONTT,Suzuki,SPRESSO 1.0 GLX AC,Incumbent,ces,6116791.378148446,421176.875,0.06885585088035001,0,Mid,2021,1,1
2016-07-30,b815e19fdf26573612d205157406111fa5607a56ae08c5932a8e3f934ea71331,NUNOA,Mazda,ALL NEW MAZDA2 SPORT S 1.5L 6MT,Incumbent,ces,6996653.416611324,379961.375,0.05430615929865881,0,Mid,2016,7,3
2015-04-24,a6b8e4c215e0f847e7dd23b1f9a2799235d25e2da8b3b0ab3a791a4650658fce,OVALLE,Suzuki,ALTO 800 GL,Incumbent,ces,3583546.317615839,274958.0,0.07672790460342972,0,Economy,2015,4,2
2018-11-22,277e0594b874f4fb741865bcd66c9cdb8b4c233afcc6da17a4df103cf556a13e,VINA DEL MAR,JAC Cars,S2 1.5 4X2 SE BICOLOR,Chinese,ces,6365167.269210456,269636.4375,0.04236124929572292,0,Mid,2018,11,4
2011-12-22,c2540518ec60c3e78d8e07be92bfa1ef3f7a877f95bd1424c11957607ca2178d,PROVIDENCIA,Mazda,MAZDA3 SEDAN 1.6L V MT,Incumbent,propio,7239579.891815438,199793.484375,0.027597386500406263,0,Mid,2011,12,4
2010-12-10,ad74d1c424cd800daaaa9b9bc94c34dbf554ca94fd6307eefd3baff5739be090,LA REINA,Renault,KOLEOS 2.5 DYNAMIQUE 4X2 AT,Incumbent,propio,9483250.719784752,503781.40625,0.053123282420338105,0,Premium,2010,12,4
2010-12-03,6755c05233eb0fc25754647082c00fd048f19fb4fc087dfcb73c32e54d1e5a7f,VALPARAISO,Suzuki,ALTO K10 1.0 DLX,Incumbent,ces,2858623.995913172,268235.28125,0.093833705178954,0,Economy,2010,12,4
2010-09-27,54829716e134b657f46ab5eae27ebef6d495a9a60f56b607715a27bda6747a55,RECOLETA,Mazda,MAZDA3 SEDAN 1.6L V MT,Incumbent,propio,8871534.035749445,523952.375,0.059059952076905696,0,Premium,2010,9,3
2020-01-08,377c5b92fc77a8720fa345ae34a1130c59b6cf53cf8735c7f45f449173e988e1,LA SERENA,JAC Cars,S4 SE LUXURY BICOLOR 1.5T MT,Chinese,ces,7791683.273630172,528073.75,0.06777402667112888,0,Mid,2020,1,1
2020-03-31,6ead6021507831f9a6426ba22e570e5d9659071fa64d247059e633f6f393d1c5,OSORNO,Suzuki,BALENO 1.4 GLS,Incumbent,ces,5999406.57844291,463209.40625,0.07720920397600753,0,Economy,2020,3,1
2013-01-21,0bcb665b905d52bfb647fa5763a7f9aa8d22baf2300e71c11f13b2563b7bacf9,PUENTE ALTO,JAC Cars,J2 1.0 5P SE,Chinese,propio,3448341.6188507946,206917.71875,0.06000499417425993,0,Economy,2013,1,1
2018-12-17,944cf8b151a4e197a4d528fd0d6801e7b41a90042c7512487df527cf095e8eae,PROVIDENCIA,Suzuki,VITARA 1.6 4WD AT LIMITED,Incumbent,ces,11523574.721570486,493251.5625,0.04280369368167532,0,Premium,2018,12,4
2014-04-01,0b2f7789c0b02d8a65e2a263b550abb88cd69d10e2568980d53a122c451c94dc,TALCA,Changan,EADO ELITE,Chinese,ces,5300642.781489088,291816.84375,0.05505310502512698,0,Economy,2014,4,2
2016-03-23,83594edec49e395eeea4bad42902b7d07a897a7e5f1dd968f97e15d7b952a9eb,ANGOL,Renault,SYMBOL 1.6 SDN EXPRESSION,Incumbent,ces,5653710.138390212,311281.90625,0.05505798822905903,0,Economy,2016,3,1
2016-05-10,4f08973b732e33af7590e091ccb696ac42e7e53dd33dd497382fa1db222f547d,LOS ANDES,Changan,CS35 E5 LUXURY AT,Chinese,ces,8973390.36964424,650756.375,0.07252068038869906,0,Premium,2016,5,2
2022-01-21,52a5e00c295990855e8facf93624ed11235b8e89da1cd9c39a77c6969d9d5094,CHIGUAYANTE,Changan,ALSVIN COMFORT MT,Chinese,ces,7061945.328177032,520332.6875,0.07368121152451891,0,Mid,2022,1,1
2010-06-30,f2fcd182b6895038090a60276fbec316cf59dd9dabd1ee7def3cf0bcd895244b,SANTIAGO,Suzuki,GRAND NOMADE 2.0 2WD GLX SPORT,Incumbent,propio,8823808.612416131,505724.53125,0.05731363331457421,0,Premium,2010,6,2
2020-07-30,8c868437505bfc8e7ce83a8298b220991ff286f422771bbbd90cb8e7364255fc,YUMBEL,Suzuki,BALENO 1.4 GLS,Incumbent,ces,7261853.315373399,452149.1875,0.062263607906097015,0,Mid,2020,7,3
2020-09-04,eb8b193c10786bef5211bcbfa37a455a85006d2558516406fea834602b842f3a,MELIPILLA,Changan,NEW CS15 ELITE AT,Chinese,ces,7691298.350323367,487147.71875,0.06333751423509903,0,Mid,2020,9,3
2021-03-25,98d1e007aa7d60170ac55d21c39cd610c5cf9778d38e1bc68184bde61d331ed3,HUALPEN,Suzuki,SWIFT 1.2 GL,Incumbent,ces,8331425.773705609,570756.5,0.06850646161925078,0,Mid,2021,3,1
2020-01-30,e9365e53172d7c90348e46ee053848edf50adf3380522596b09b853989840d0f,PUERTO MONTT,JAC Cars,S2 CE COMFORT 1.5 MT,Chinese,ces,5533260.822208673,320336.15625,0.057892835082755716,0,Economy,2020,1,1
2019-03-29,90def5e19eecbcd3f3e0a6feb12cc3525e677aeb71f462424c4b00a789120a63,MACHALI,Changan,CX70 LUXURY CONNECT,Chinese,ces,7620258.079619227,711932.8125,0.09342633872258224,0,Mid,2019,3,1
2021-09-01,854763952685ace65e133c7bb0cb3a2e43de4489d7567226ebd2c990ec7299bb,LAS CONDES,Great Wall,POER 2.0 TD 4X4 ELITE,Chinese,propio,14539917.08178283,1223200.0,0.08412702721204347,0,Premium,2021,9,3
2017-12-26,ec789c27d16bcd1982457c677fd85d5fd66eebb63b865f0c0c9fd49b3b02f70c,RANCAGUA,Renault,"DUSTER ZEN TECH 2,0L 6MT 4X4",Incumbent,ces,9487936.923083082,629830.1875,0.06638220643812398,0,Premium,2017,12,4
2015-07-30,79cc96480070c1289a99f503391b4e9a1e08c78246ad648eca6c4df38cd4b3ea,TALCA,Changan,CV1 CONFORT,Chinese,ces,3219362.8925168174,221748.0,0.06887946696392558,0,Economy,2015,7,3
2015-12-30,e1956dccc43c3c3f952716f40b5be8eec01ec34e818a0d814f8ce2e3fd9c7e24,LAS CONDES,Suzuki,SWIFT 1.2 AT GLS AC,Incumbent,ces,6710441.35566512,306759.96875,0.04571382901528909,0,Mid,2015,12,4
2013-09-30,62a2ef468081e7ef1763646adf7b3e25c4c2b6d8d806d2e396ef36c3ecf9815a,SANTIAGO,Mazda,CX-5 R 2.0 2WD 6AT I-STOP,Incumbent,ces,12229025.969084583,490756.625,0.040130475333084614,0,Premium,2013,9,3
2016-02-08,d11c45631e2d2b7c14546289c18f63f41c2861df7ac4b55181b5f468dac2a394,VALPARAISO,Suzuki,GRAND VITARA 1.6 GLX SPORT,Incumbent,ces,8316721.341386,616645.8125,0.07414530163845007,0,Mid,2016,2,1
2020-11-24,24e1b63e7719f4bd5cdaf24a3232309ef6d94ea6cb4c676ab15bf65126572b27,VALPARAISO,Suzuki,SWIFT 1.2 GL,Incumbent,ces,6756786.615243855,513646.90625,0.07601940619098008,0,Mid,2020,11,4
2013-01-31,bfd894d8778e1c4b6be0fd877973fd54f6c706feb2f7f799aa1fc49b1efa5eb6,QUILICURA,Geely,NEW CK 1.3 16V GS,Chinese,propio,3213452.7537563457,120294.0,0.037434500899191085,0,Economy,2013,1,1
2018-11-30,23651f1c28f366b80d0a55bcb87c11b08549c668a2328882e9770591cc96c2ae,PENCO,JAC Cars,T6 CE COMFORT 2.0T DIESEL MT 4X2,Chinese,ces,9005383.543034624,671333.4375,0.07454801167455603,0,Premium,2018,11,4
2013-06-17,7d6a74ea94c0d7812069ee92dff2f9d4ef353e8794bf0eb566ddbdf8bb7e00f9,COLINA,Great Wall,VOLEEX C10 1.5 LE,Chinese,propio,4196127.061854661,183123.953125,0.043641183983609014,0,Economy,2013,6,2
2019-06-04,6a62f775332f36199489980d45446bf4bb519d3b201159737e88936ad542ce71,CODEGUA,Renault,NEW CAPTUR INTENS AT TURBO 1.2 GSL,Incumbent,ces,10459305.20499477,665147.125,0.06359381545557763,0,Premium,2019,6,2
2018-07-31,14c9bba72064c60e33494877eaa433eaf9a41b9c0464a33fee106867fbe78ac0,QUILICURA,Suzuki,CIAZ SEDAN 1.4 GL BT,Incumbent,propio,5876552.04735491,395324.125,0.06727144111281019,0,Economy,2018,7,3
2019-06-27,113f821667f928367ddbccd6d8297202e28166481f5edab9fa03be8f548510d5,VALDIVIA,Suzuki,BALENO 1.4 GLS,Incumbent,ces,6197464.060222517,449748.125,0.07256970280580409,0,Mid,2019,6,2
2018-12-18,da4c2b9f222658127be48d8193d598cd64d0a65c33b4772d7bea07d10295239b,VINA DEL MAR,Suzuki,DZIRE SEDAN 1.2 GL,Incumbent,ces,5232204.821725409,258489.4375,0.049403539484289286,0,Economy,2018,12,4
2018-06-30,793315f146741ca60e72ed6be0908ddb66154eaae875ac49198447aa984e522f,SANTIAGO,Suzuki,CELERIO 1.0 GLX SPORT AC BT,Incumbent,propio,4838657.241077639,316157.28125,0.06533987953641188,0,Economy,2018,6,2
2013-06-10,e323c46d5fbe618b8baf779e7eadafe5d6be1cc6ee9e5013b6187de451ff5f86,QUILICURA,Renault,FLUENCE 2.0 SDN EXPRESSION AT F2,Incumbent,propio,6714504.96440351,377978.6875,0.056292859935889276,0,Mid,2013,6,2
2014-03-28,0281267404ba5538500abbb907022e58ecbc87b28396aa778b69d673245724a5,PROVIDENCIA,Suzuki,GRAND NOMADE 2.4 AT GLX NAV,Incumbent,propio,8532083.656705664,-681764.3125,-0.0799059573172583,1,Premium,2014,3,1
2012-08-13,5b3be5da60be3a1cf4c62fb5c522a19e4e57a7f338eb850d463c49d51cb2635c,CONCON,Suzuki,ALTO 800 GL2,Incumbent,ces,2680464.5766736497,221176.484375,0.08251423514407015,0,Economy,2012,8,3
2021-02-26,b9b074a9d2d3a2dc77d0e6506a133eeeb6a68f0128b5bb0ce7b7a90b0b08b763,PUENTE ALTO,Suzuki,SWIFT 1.2 AMT GLX,Incumbent,propio,8568312.66797117,655526.5625,0.07650591054530431,0,Premium,2021,2,1
2020-03-10,83c3ceb20cd695f4cb153d2d45e4e8e4b62722d8223d0e36b6c8f897de80a374,SAN FELIPE,Great Wall,M4 1.5 LE,Chinese,ces,6202393.023091336,328764.96875,0.05300614900184771,0,Mid,2020,3,1
2014-08-19,1c8e2a0b7f57cb87f3b63eac158439ddacb3bbae0176072d5c7c53d67c896b41,ANTOFAGASTA,Renault,SYMBOL 1.6 SDN DYNAMIQUE MT NEW,Incumbent,ces,5594466.7268993,394555.375,0.07052600261306406,0,Economy,2014,8,3
2014-08-13,7daf266c91b9cdeeda42b7808a51a947ae99d6bd818a75fa596a829343391206,NUNOA,Mazda,CX-5 R 2.0 2WD 6AT I-STOP,Incumbent,propio,11518944.775833756,784741.9375,0.06812620016603903,0,Premium,2014,8,3
2019-05-23,38ca4b8d60e15267a30b5eeb4f2297e1acb4417037cfb8d86218836b37088992,SANTIAGO,Mazda,NEW CX-3 GT AWD AT,Incumbent,propio,11789207.070137745,-838123.9375,-0.07109247742564313,1,Premium,2019,5,2
2012-12-29,72546a802d4c406cc52231af05aa59c8d09c3f47b8a3c131ad1a3c8c7cd56caf,VITACURA,Mazda,CX-5 2WD R 6AT,Incumbent,propio,11972155.644905088,377899.125,0.03156483562430297,0,Premium,2012,12,4
2020-07-11,12a6156706cec869e374db2090f725c15fe3069c073a2a45ec0c392ba8991613,OSORNO,JAC Cars,S4 SE LUXURY 1.5T MT,Chinese,ces,8400826.030793373,819495.75,0.09754942513939989,0,Mid,2020,7,3
2012-12-12,73fc2227efbb559a719720e834c91ebcbe570a0eed3c5c75a3d99cf919eca1a3,SANTIAGO,Renault,SANDERO 1.6 HB STEPWAY FASE 2,Incumbent,propio,6441475.361983434,301126.53125,0.04674806846692312,0,Mid,2012,12,4
2017-04-12,06f78a37ceb33c919ca3fb8b323b5b7f15ea82eac5a327ffb66b50511d649908,TALCA,Mazda,NEW BT-50 DC 2.2 SDX HIGH 6MT 4X4 DI,Incumbent,ces,15693993.6075127,1189813.0,0.07581327160923768,0,Premium,2017,4,2
2021-05-31,e98adf71dd0a1d81a465492b8d76acd53c0c316c398e17452626ec7ff550f88e,TALCA,Changan,NEW CS15 ELITE AT,Chinese,ces,8514980.681969315,544490.0625,0.06394495570060087,0,Premium,2021,5,2
2011-06-30,32dfd0f136923a609fb3fd9cfddf349f04cdc424041afc9ec88bc05b1e8dd307,CHILLAN,Suzuki,ALTO K10 1.0 DLX AC,Incumbent,ces,3984048.3855439858,288403.375,0.0723895262031616,0,Economy,2011,6,2
2017-08-12,19c1ae6f7438280d9cd9bbdbe30b5a2efda05ae2214741b6577e52394ddad13f,SANTIAGO,Mazda,NEW CX-5 R 2.0 2WD 6AT I-STOP,Incumbent,propio,11915609.365254715,551475.625,0.04628178115741807,0,Premium,2017,8,3
2012-01-31,eaa7633797989931f1a53f996e03ad64fd352aa03fa83f770e57ba4633d2b9c4,ESTACION CENTRAL,Changan,S200 EIV,Chinese,ces,3825072.0254176655,225463.0,0.05894346524765932,0,Economy,2012,1,1
2018-04-11,fa0d52670b5070ca18570e9786b9d122bb01699baa7864d16bae5f7915debb35,CHEPICA,Suzuki,BALENO 1.4 GLX,Incumbent,ces,7323594.623520838,691764.75,0.09445699626496151,0,Mid,2018,4,2
2012-05-25,a2dde96c0dfd36c8555766fd07bac3b7cf495148e5522d5bb45b40e0525339f3,RANCAGUA,JAC Cars,J2 1.0 5P CE,Chinese,ces,2879452.953663173,268235.28125,0.09315494490325231,0,Economy,2012,5,2
2011-02-03,f30d7f7d1e865ea46891fc7b9d9d1f3b3e2adb850ff05b3ce20b846c3f3b6391,TEMUCO,Great Wall,FLORID CROSS 1.5 HATCHBACK,Chinese,ces,4605809.130216728,347566.3125,0.07546259575104128,0,Economy,2011,2,1
2021-07-29,2e4a4a90938988fd0b131c506c9325cb1003abc3417a227a11a86724a3e3dda9,VINA DEL MAR,JAC Cars,T8 CE COMFORT 2.0T DIESEL MT 4X2,Chinese,ces,10250769.27330018,540524.125,0.0527301035257797,0,Premium,2021,7,3
2013-11-22,e12540176a7f1b91f7909db09e3a55e681a731bd0cf731bd7ed2a95d3299be82,SAN BERNARDO,Changan,S300 EIV,Chinese,ces,3380934.304724879,82047.0,0.024267552281432604,0,Economy,2013,11,4
2018-02-03,6f6eb8473fed056308b3d04358c1798e6c10e864ac9572354f2f500fb49a2372,PENALOLEN,Suzuki,SWIFT 1.2 AT GLS,Incumbent,propio,7346216.937084083,426890.1875,0.05811020708427983,0,Mid,2018,2,1
2021-01-28,e785d457c6c0a1b222d4be56671eb3fbce0f2920493a8ac10696e4086fc5a4ca,SANTIAGO,Renault,CLIO IV 0.9 HB AUTHENTIQUE E6 F2 MT,Incumbent,propio,9491417.380980888,663250.0625,0.06987892702190455,0,Premium,2021,1,1
2018-06-26,953dbd9d2edbe65a766041a009757bc2884fd8b5ea983459dd698986389ca64c,TALCA,Changan,MD201 CARGO BOX E5 EPS,Chinese,ces,4108455.968246762,186555.0,0.045407569520481014,0,Economy,2018,6,2
2019-10-31,fc6a2874ab3dc386eb323444c741096f17cf79645450cfc87938265f8d043836,TENO,Great Wall,WINGLE 6 2.0T.D 4X2 ELITE F2,Chinese,ces,8297184.2405286655,89201.0,0.01075075560746093,0,Mid,2019,10,4
2016-09-26,e95a570e8899f6cd2f25336551e323caa22d73c9f74da593db4b2db4fb1289d1,VICTORIA,Great Wall,HAVAL NEW H3 2.0 4X2 LE,Chinese,ces,8285305.643009294,518823.375,0.0626197025619394,0,Mid,2016,9,3
2014-12-27,1858793df42dcf1d509399e48a180a785ee1b47b57ff378ceec12be4e28a6d43,MARCHIHUE,Changan,MD201 E5,Chinese,ces,4118404.8625393896,335200.0,0.08139073529388687,0,Economy,2014,12,4
2021-09-30,87091d13c683d27f22b14553bd0365ad276e184292a6962c10ab9e73b6468d7d,RANCAGUA,Changan,NEW CS15 LUXURY MT,Chinese,ces,7310432.185421836,424537.84375,0.058072879001134295,0,Mid,2021,9,3
2022-02-21,776346159dfbb49cec48049c8c1c78b2cbbaea5a98bf227e85c096bb9c0ea923,RENGO,Mazda,NEW CX-3 R 2.0 2WD AT,Incumbent,ces,13315886.332927411,1142184.875,0.08577610580646178,0,Premium,2022,2,1
2018-08-30,4649046f0d8a022300d23bdfe7b310ce1e4ecf36e738f533844fa80913269cba,CONCEPCION,Great Wall,WINGLE 5 G 2.2 4X2 ELITE,Chinese,ces,6074890.702796809,316219.0,0.0520534467977204,0,Economy,2018,8,3
2012-05-30,d901aa95390a63dafc682f52f81bc54aa2b8229de43e23b178ba52214a8d3569,CALAMA,Great Wall,HAVAL H5 2.4 4X2 LX,Chinese,ces,7465650.283425581,563461.75,0.07547390094750836,0,Mid,2012,5,2
2021-09-02,9d4ea51988a25007b6d698d3c3b7d0ab11ee2b573267be979fb79b7808a99081,CERRO NAVIA,JAC Cars,JS2 CVT LUXURY,Chinese,ces,9089614.794882124,765714.3125,0.08424056792056059,0,Premium,2021,9,3
2019-02-19,2d6d3e8a58a1e4802acb2902313b0dd71bbce1dd6396bf028de5a93f32e33cce,CHILLAN,Haval,HAVAL H6 AT 2.0T 4X2 DELUXE,Chinese,ces,12793944.157782786,604731.8125,0.04726703548507602,0,Premium,2019,2,1
2015-01-31,6e14d728fb6e74d4a8642416096147a0cbb4158d10a258dc5e5eec6c7f962860,SANTIAGO,Suzuki,SWIFT 1.2 AT GL AC,Incumbent,ces,6551318.634896296,346836.15625,0.05294142684535908,0,Mid,2015,1,1
2016-02-11,7d68ce61ce38ebb1747e47233703cc6c4c47285694390af704ece29a5650ab45,LOS ANDES,Great Wall,HAVAL NEW H3 2.0 4X2 LE+,Chinese,ces,8519308.30926529,657479.0625,0.07717516946592362,0,Premium,2016,2,1
2021-05-14,7aa00677cffdb9176376c155052527f7b8f2f373eb9ac8beab4674c9bccc64d8,PADRE HURTADO,Suzuki,ALTO 800 GL,Incumbent,propio,3928157.625441951,316260.6875,0.08051120083665633,0,Economy,2021,5,2
2015-02-28,c33519c60dd7d7aea23cf8b7c18c320287d080cb6c43297363f5b3ae348b70a4,SANTIAGO,Suzuki,JIMNY 1.3 JLX AB SPORT AC,Incumbent,ces,6623583.738662848,403882.6875,0.060976459789052924,0,Mid,2015,2,1
2015-07-30,1396fadeeff6ad1be7accb426a2e3739ca6a96784e7610515d8519644e6c5659,SAN PEDRO DE LA PAZ,Renault,SYMBOL 1.6 SDN DYNAMIQUE MT NEW,Incumbent,ces,6176433.217123389,373176.0,0.06041933699945402,0,Mid,2015,7,3
2012-03-16,609b130ca3716c0afb911893a27d3ea1128582211504808df5b0a0b1742c688b,TALCA,Great Wall,HAVAL H3 2.0 4X2 LE,Chinese,ces,6598332.707432319,323270.875,0.0489928121744861,0,Mid,2012,3,1
2017-11-10,a435a592afe6f89c38ffe1592f1da8b22e6f81d4ae52fb014217c4012ffee7c2,CONCEPCION,Changan,CS75 ELITE AT,Chinese,ces,10177929.34765831,880582.75,0.08651885073289493,0,Premium,2017,11,4
2011-03-02,0ae683a4dfb94e780c0f60ebd2d4e1a3191e3439eb253463f16ce153e75bcc73,ANTOFAGASTA,Great Wall,HAVAL H5 2.4 4X4 LX,Chinese,ces,8810513.347359562,671596.625,0.07622673033022212,0,Premium,2011,3,1
2013-12-21,df0880f0d079c535a5e01d9939ecdffb219aa158fbb59e9bf211c9bb40c80a50,SAN BERNARDO,Geely,LC 1.3 GX,Chinese,propio,3361368.207329245,217655.0,0.06475190653776561,0,Economy,2013,12,4
2021-09-30,9f5e8543259548ad6e7541b3f932d52d482f787ee03cbc945a1bbd9f4d69514c,TEMUCO,Mazda,NEW CX-5 R 2.0 2WD 6AT,Incumbent,propio,15948790.326519014,-339327.125,-0.021276041508664162,1,Premium,2021,9,3
2019-01-04,1b8151420d3f9d2898a7940add41c35bdf29271ecf8d178739d17726468bf06b,COPIAPO,Changan,CX70 LUXURY MT,Chinese,ces,7868136.67021718,465119.0,0.059114250234186844,0,Mid,2019,1,1
2012-03-01,63cb5dd4a5f67c3d5a8a4c8beba707e0436a13cc4da082db18f3a1a006cb5095,COQUIMBO,Great Wall,WINGLE 5 2.0TD 4X4 LF,Chinese,ces,8969015.596841272,650300.0,0.07250516993515142,0,Premium,2012,3,1
2021-11-26,8c9121a8ed6dc58a57fabd50e897770ab837221b47d945e25bbd0c00e28f397d,COLINA,Mazda,NEW CX-5 R 2.0 AWD 6AT,Incumbent,propio,17733360.059967216,1044097.625,0.05887759688346001,0,Premium,2021,11,4
2021-09-22,09a2f9179bfee2e090be68c3c72cde64083025372f83ce1aad9a085cee9c086e,SAN ANTONIO,Mazda,NEW BT-50 DC 2.2 SDX HIGH 6MT 4X4 DI,Incumbent,ces,21010307.06638757,1659832.0,0.07900084443103692,0,Premium,2021,9,3
2019-06-07,02b6f3733a884021940c52ba1ec3826f5542b22ec1074b4e81b370e5c97ee48c,HUECHURABA,Mazda,NEW MAZDA3 SDN 2.0 6MT,Incumbent,ces,9236215.316496124,424486.90625,0.04595896605959967,0,Premium,2019,6,2
2012-12-22,559a444a47524a37688dd513829565ecbc294938b2b6075fe333b252f8d095c4,ANTOFAGASTA,Geely,NEW CK 1.3 16V GS,Chinese,ces,3296280.732532695,177598.28125,0.05387838465856107,0,Economy,2012,12,4
2016-04-06,be562ed77de3f029c09d963a50d5a6309f9aba99f7570e1709c627dfddc8513d,CONCHALI,Suzuki,VITARA 1.6 GLS,Incumbent,ces,8911928.137416236,322017.03125,0.03613326165614255,0,Premium,2016,4,2
2014-10-08,91bb238d6706154af061ad29f8f6a30acde857042c871bf0e7b8f4569f78c4dc,CORONEL,Changan,CS35 COMFORTABLE,Chinese,ces,5963470.401179739,486655.4375,0.08160607913870523,0,Economy,2014,10,4
2022-01-18,cc6979a92b7f664da9490c937642dc79eebdc37a119d180bfd83b77c0adebe7a,ANTOFAGASTA,Great Wall,WINGLE 7 2.0T.D 4X4 ELITE,Chinese,ces,12981475.007449748,1079200.0,0.08313385030442795,0,Premium,2022,1,1
2018-08-31,345aa8dcbd5dc12cbecd1c6388f067996a4270358c474c033f36e84df53b59e0,QUELLON,Mazda,NEW BT-50 DOB CABINA 2.2 SDX 6MT 4X4 DI,Incumbent,ces,13759095.002415529,1072175.25,0.07792483806614972,0,Premium,2018,8,3
2017-04-29,c0b0b3257464eed97a1b416d010e13b7d8d94e8443f3931bdf5e0987391f9fdb,LOS ANGELES,Suzuki,BALENO 1.4 GLX,Incumbent,ces,7716212.728306362,288656.71875,0.03740911881434838,0,Mid,2017,4,2
2015-09-01,1b449b4023b55ff737e17a64e5d581dbf084546a3642a243e67920e4e8d1e2b2,LOS ANDES,Mazda,BT-50 D/C 2.2L 4X4 SDX 6MT,Incumbent,ces,15555030.434948878,841200.0,0.05407896844161749,0,Premium,2015,9,3
2019-08-30,bfbbee2498a714d2cdfc05a4cce23f689d35e2796c2a61cb9b574e692a1ef375,SAN ANTONIO,Suzuki,ERTIGA 1.5 GL,Incumbent,ces,8149511.836499795,526284.1875,0.06457861502119597,0,Mid,2019,8,3
2012-12-29,8a247cfe599eba2fe5bfc0622cd7437994207b70a7543d780c14d6a8ee3f995d,PUERTO MONTT,Samsung,SM3 1.6 SEDAN ENTRY DECO,Incumbent,ces,4238627.302032378,302606.96875,0.07139268144781286,0,Economy,2012,12,4
2019-02-26,4ffed7c1f23f350a068fd0a88362089ba086de2bd4fcd04ac4234ff942d9d14b,TEMUCO,Suzuki,ALTO 800 2AB DLX AC,Incumbent,ces,3625301.260491876,254789.515625,0.07028092214064177,0,Economy,2019,2,1
2013-11-13,fff52db566bc610a7eb2e01e07d2ebe58e023371a7d095251fb0b0123d0d113b,RANCAGUA,Suzuki,ALTO 800 GL,Incumbent,ces,3253361.701503595,248067.203125,0.07624950002034869,0,Economy,2013,11,4
2013-08-30,2f565f4e6a9f1af1f47f911716563c9a79fa355bd53292a58516f7aa5636e48b,REQUINOA,Geely,NEW CK 1.3 16V GS,Chinese,ces,3419557.0795631986,196384.28125,0.05742974212177367,0,Economy,2013,8,3
2021-10-08,dbbe3fc141cf6b54b006ac8e85787d03e858385f2b7f85b39126eb38ec9a3abe,TILTIL,Suzuki,XL7 1.5 GLX AT,Incumbent,ces,12803479.80817364,719329.0625,0.056182309284448284,0,Premium,2021,10,4
2014-12-29,276e7fae02cd8b13e0c12aa4f03ffef9ec56a0d401193bdfa66708c101ad9c9b,SANTIAGO,Great Wall,H6 2.0TD 4X2 CLE,Chinese,ces,10857771.813117214,552971.8125,0.05092866400378371,0,Premium,2014,12,4
2011-09-16,66283b2494e80b1538ddbc101b1840fa668d0c8669f547ceb8709445aeb29e01,SANTIAGO,Great Wall,WINGLE 5 2.2 4X4 SEP,Chinese,propio,6600935.784532028,404076.0,0.06121495696820309,0,Mid,2011,9,3
2021-05-31,9afbf0931ec6d5ac0c587d02f8923ab76fd4b3765536ee11aafc73f49b7fb6bb,RANCAGUA,JAC Cars,JS2 COMFORT,Chinese,ces,6722798.227471015,394285.75,0.05864905306674994,0,Mid,2021,5,2
2019-03-29,cdb4a5294a2e6c745960e6c10b64dd3a1d077129009408da3e539fddaf163882,VALPARAISO,Suzuki,ALTO K10 1.0 2AB GLX,Incumbent,ces,4135300.7332514273,278587.875,0.06736822615098106,0,Economy,2019,3,1
2021-11-17,97547a29249caf19cce0b6c542cffeb9315afed7a360946ea40233345520a53e,MAIPU,JAC Cars,S3 XE ADVANCE 1.6 MT,Chinese,ces,8813560.60968909,592743.625,0.06725359378006363,0,Premium,2021,11,4
2020-09-03,40675d9c19a1a7420f831b2a4751a9db25d0dc5e0935470ce438c0f5d32f46f6,CHIMBARONGO,Suzuki,CELERIO 1.0 GLX AC BT,Incumbent,ces,6040583.525189483,335461.4375,0.055534607890299334,0,Economy,2020,9,3
2020-08-07,df08a69ad4055e30ff53cbf618d4c0dc059a2b0feaf53a372026304f261c4378,SANTIAGO,Suzuki,DZIRE SEDAN 1.2 AT GL SPORT,Incumbent,ces,6984134.829512215,367604.84375,0.05263427077562221,0,Mid,2020,8,3
2019-09-25,ed539478425a7ab49d2dcf315a61fd0ca68e67317857c6470f9186818df73e19,LA FLORIDA,Suzuki,VITARA II 1.6 GLS,Incumbent,ces,9765945.533665776,452698.90625,0.046354846511218815,0,Premium,2019,9,3
2020-12-29,4d8c180fa9ab746e07bc21e8746167ec196e46fa0d12b8826ea212100231108e,RANCAGUA,Suzuki,BALENO 1.4 GLS,Incumbent,ces,8232861.359532285,504782.15625,0.06131308839126098,0,Mid,2020,12,4
2018-04-24,8839dcfb3467ee1b64f8ab9569ded43753613c0b439528b0c3745b2482a10a27,MAIPU,Renault,"DUSTER ZEN 1,6L 5MT 4X2",Incumbent,ces,7972748.110664109,401271.375,0.05033037158959926,0,Mid,2018,4,2
2011-07-26,a2fb8727ed828af310746f84905dcd33f205a0406d73f2626b98fe7094380a42,TALAGANTE,JAC Cars,A 137 1.3 VVT SPORT SE,Chinese,propio,3378928.22331546,181053.796875,0.053583202988948676,0,Economy,2011,7,3
2020-10-30,384e611fd0d3b75c6e67ff9ba6c18ea531f44a74fff68b74361948b3f9831b97,PEDRO AGUIRRE CERDA,Changan,CS55 LUXURY MT,Chinese,propio,9388217.94663402,629860.0,0.06709047484627528,0,Premium,2020,10,4
2021-05-31,fa8a291861bbbce23a42626f55783fa4ccd33d70ae0ff9c8ff7bba218fd94e73,QUILPUE,Renault,"DUSTER II ZEN 1,6L 5MT 4X2",Incumbent,ces,10318611.8101454,679446.0,0.06584664802797983,0,Premium,2021,5,2
2019-04-11,24cce9f5f9cc5a34f24cc5d7b7e105a37c31733f44f56c6c0b9528f233405ea0,LAS CONDES,Suzuki,JIMNY 1.5 GLX,Incumbent,propio,8882190.569093063,679601.375,0.0765128117566827,0,Premium,2019,4,2
2014-07-23,2e9d40a1a61b98a0bb30ae63210fb5d4e1ed41cb99f02a9645730b959ee4bda4,LAS CONDES,Mazda,CX-5 GT 2.5 AWD 6AT I-STOP,Incumbent,propio,17024039.842323463,1005782.0,0.05908010139282719,0,Premium,2014,7,3
2016-12-30,7fd9b2ea4db45472518973b023c4b7282ebe4a282776a9f8c10d829f7c99c943,OSORNO,Renault,SYMBOL 1.6 SDN EXPRESSION,Incumbent,ces,5135650.38805481,159188.203125,0.030996697807791088,0,Economy,2016,12,4
2017-09-28,35c1820d6cab15495dd72e2e3872c1637c5d4061a48dde32afb42009e7e9e521,VINA DEL MAR,Renault,CLIO IV 1.2 HB EXPRESSION E6 F2 MT RI,Incumbent,ces,7242434.095444848,415250.1875,0.057335721944804845,0,Mid,2017,9,3
2015-03-06,ca0af67a3d0152a187b2182d5b7fa3e8c8eaa20422b0f61d720b9d2c7f3f4914,MAIPU,Renault,FLUENCE 1.6 SDN AUTENTIQUE MT E5 F3,Incumbent,ces,6891671.810039938,257891.234375,0.03742070741083439,0,Mid,2015,3,1
2017-04-27,a021b1aebd6f667ee2ee2835b9aa4a61fdf3da29c54ed55019388478a167b90d,MAIPU,Renault,DUSTER 1.6 DYNAMIQUE 4X2 MT E5 FASE 2,Incumbent,ces,7187962.339918573,360140.625,0.050103298816682414,0,Mid,2017,4,2
2014-10-27,bcf72c613adc51c07704f1f491723405d4ea4705829e18505255ad5093bffc22,ANTOFAGASTA,Suzuki,ALTO 800 DLX AC,Incumbent,ces,3702080.57639728,211405.078125,0.05710439677429473,0,Economy,2014,10,4
2014-10-29,f2c7e11b859a6be9e83da0b47c6deed461ea52732cfe7c8bc2634a3a80893c9e,PUENTE ALTO,Suzuki,SWIFT 1.2 GL AC,Incumbent,propio,5620028.816692705,250289.0,0.044535180897398136,0,Economy,2014,10,4
2009-08-06,2c8fb4e5a2ba08fa28bd8491fea86665122e82556c9a828149b535eada84b75f,LAS CONDES,Mazda,MAZDA6 2.0 SEDAN V 5AT,Incumbent,propio,12990577.269692536,1007731.125,0.07757400645705495,0,Premium,2009,8,3
2012-02-09,a057a5f2db8d9563c3795af2af88092d9747bfd593dca7f2645f474aa46adc33,LA SERENA,Geely,LC 1.3 GB HB,Chinese,ces,3336248.2627314087,170425.28125,0.05108291344915432,0,Economy,2012,2,1
2021-12-31,442c08a4212bd965107578cf4469c983b3666da832317429622511594df74a4c,CURICO,JAC Cars,T6 CE COMFORT 2.0T DIESEL MT 4X2,Chinese,ces,11551857.35773334,485901.6875,0.04206264607091216,0,Premium,2021,12,4
2021-09-24,85e25b51b78be8bd90b4c16777afc0289d0074e635ca8b0510b87be67438df11,TEMUCO,Mazda,ALL NEW CX-30 GTX 2.5 AWD 6AT 7G,Incumbent,ces,20158033.78171899,1444706.125,0.0716690000941551,0,Premium,2021,9,3
2012-05-03,3e20edfa3f636b48a6f488e77584e0f71c886980149822e59e4ccc59671e8750,CALAMA,Suzuki,SWIFT 1.4 GL AC,Incumbent,ces,5537511.638395259,397647.4375,0.07180977006763205,0,Economy,2012,5,2
2018-08-31,d48a9cea162db3ce440b24ddd4e18e967b69307292365364cb3b8fe4cdf24884,VINA DEL MAR,Mazda,NEW MAZDA3 SDN S 1.6 5MT,Incumbent,ces,7594221.5171183795,508840.96875,0.0670037037506748,0,Mid,2018,8,3
2019-06-27,d1447c11ce83085ef41440f4249b79ddea70910b3184ad3c38ca700570009094,TALCAHUANO,Suzuki,ALTO 800 2AB GL,Incumbent,ces,3303555.522217329,221078.71875,0.06692144789551263,0,Economy,2019,6,2
2010-10-28,f83da9fb13a69677d3ff1603d36dc57bba8232a2846d9ffe0d58907f9f266140,LA FLORIDA,Great Wall,SOCOOL 2.2 4X4,Chinese,propio,5935884.354496353,302854.0,0.05102087269786382,0,Economy,2010,10,4
2015-09-28,6cf3df08d4e7d0022d50e891b4d95d9b1168a806974df43d52d4b3db41571167,NUNOA,Mazda,NEW MAZDA3 SEDAN V SR 2.0 6AT,Incumbent,propio,10373062.460889792,567302.25,0.054689948329043156,0,Premium,2015,9,3
2020-05-28,b1a78748613d840aa486a45ecae1a9b9f30502b06688c7b84bf63bdf04b14e85,PUERTO MONTT,Haval,HAVAL H6 AT 2.0T 4X2 DELUXE,Chinese,ces,13262619.953843432,861642.0625,0.06496771116858407,0,Premium,2020,5,2
2021-01-26,27e1e5ed2c7e0a270bfd2a2c882a5f79531b9572fdc71f7d5cf4b0b12ae3d8b2,LA GRANJA,Changan,CX70 ELITE PLUS TURBO AT,Chinese,ces,10689741.261930823,498747.6875,0.04665666598275684,0,Premium,2021,1,1
2016-05-25,44de398dd2839ee540fb3e44a37eac7882248aed987bc274fccd84892e53e530,IQUIQUE,Suzuki,GRAND NOMADE 2.4 2WD GLX SPORT,Incumbent,ces,8453766.164676571,382856.875,0.045288320914261715,0,Mid,2016,5,2
2017-07-05,e556ea31d84efc60d68b4b4bfb62281841e20b6de3cca4e0e0fa2674fa9fce58,MAIPU,Suzuki,ERTIGA 1.4 GL,Incumbent,ces,7009222.732990923,239121.203125,0.03411522393196428,0,Mid,2017,7,3
2011-09-21,117808c58a973ba06f26436df271b3e8b7b92dad27d346d23780919682c81468,LAS CONDES,Samsung,SM3 1.6 SEDAN SE AT 3,Incumbent,propio,5414931.151047195,224873.921875,0.04152849142532709,0,Economy,2011,9,3
2017-10-30,919f691fe66ce08ad0bee75446e78fc24fc9f5c68b247d03f41750485a57f556,TEMUCO,JAC Cars,S3 SE LUXURY 1.6 MT,Chinese,ces,7504089.874394379,678319.375,0.0903932903728374,0,Mid,2017,10,4
2018-10-08,87a6d284d2febd92f2e2929033d983696fb498c7fc7691bd6c6f432ce48fd110,PUERTO MONTT,Suzuki,DZIRE SEDAN 1.2 GL,Incumbent,ces,5523888.923673948,355630.4375,0.06438044689419091,0,Economy,2018,10,4
2012-09-05,5754f34fd2920d9ff7267a9fa58db617ad3bf68544fbcae62333e10f0ab7442e,ANTOFAGASTA,JAC Cars,J3 TURIN 1.3 VVT BSE,Chinese,ces,4196489.750909228,264890.15625,0.06312184038876965,0,Economy,2012,9,3
2013-10-29,5dc35a86660f83388570e00676901f7c82956ec90100a63f550ace1d0a8294a2,CASTRO,Suzuki,ALTO K10 1.0 DLX,Incumbent,ces,3194558.528785157,274958.0,0.08607073482061461,0,Economy,2013,10,4
2019-08-31,2b816a6fcc1eabeaa6d233c397df1d4c14784dcca8458d2a453c85370bb22c03,CALBUCO,Suzuki,CELERIO 1.0 GLX AC BT,Incumbent,ces,4638653.5218424,323697.90625,0.06978272999390399,0,Economy,2019,8,3
2014-02-24,3d844023fdf7551f58fde6e1ef9d9e9c756ee105a6f8d2131188b4759519b456,VALPARAISO,Geely,EMGRAND EC 1.8 VVT GL,Chinese,ces,5386589.758544248,315550.1875,0.05858069792663754,0,Economy,2014,2,1
2017-06-30,da32af7ca4cd842e946d40e5cd8c30fc44e79001a4b0cd01350534fa4070d4f4,TALCA,Mazda,NEW MAZDA3 SP 2.0L 6MT VOLANTE CUERO,Incumbent,ces,11152391.065474166,545417.375,0.04890586886685815,0,Premium,2017,6,2
2015-08-28,f78607e3f4e21132d0ba7c83966d641c116d7bfe3036dc1ada78fb869d89da36,ANTOFAGASTA,Suzuki,S-CROSS 1.6 4WD GLX,Incumbent,ces,10397976.93006737,648067.9375,0.06232634885215129,0,Premium,2015,8,3
2014-12-28,97ecc1ea886c3cd3263e9edf286a1965ffd89a0c75ecebf362f02ef51b32cbbb,PUENTE ALTO,Mazda,NEW MAZDA3 SEDAN V 2.0 6MT,Incumbent,propio,10180226.029454166,701263.375,0.06888485314285303,0,Premium,2014,12,4
2021-10-02,3ea4bb7343cdc1e5ac2a75adf1cdcaaee305f2b9022b46a115846a65bddc6d6d,TEMUCO,Mazda,NEW CX-3 R 2.0L 2WD 6MT IPM,Incumbent,propio,13049506.622117972,1054789.875,0.08082986625810107,0,Premium,2021,10,4
2018-11-29,6bb28235296cb56e84c6e41d847eaace9fccc5f8b844129ae2977549ed2603c3,ANTOFAGASTA,Mazda,NEW CX-5 GT 2.5L CUERO NEGRO AWD 6AT,Incumbent,ces,17396582.60521475,953831.0625,0.05482864561078119,0,Premium,2018,11,4
2012-10-10,7c7fc63f482e49b72ce938fa526b74e0334c3902871493a0e82ad0fbe288c2c4,LAS CONDES,Mazda,MAZDA3 SEDAN 1.6L V MT,Incumbent,propio,7776835.377070438,493613.28125,0.06347225539907801,0,Mid,2012,10,4
2021-07-23,f947632dffc362c92be8fe1d9cff85ff949af7322be2a5cfa1910b8eeeb6470a,PUENTE ALTO,JAC Cars,JS3 1.6 COMFORT,Chinese,propio,8254290.454106143,613768.75,0.07435754210644203,0,Mid,2021,7,3
2021-11-12,babd685eb86f83aab161d7c1577dbb3c1d631f9b91dd9ff7a24931863fc65ab9,LOS VILOS,Changan,NEW CS15 ELITE AT,Chinese,propio,8691864.846044298,748907.625,0.08616190406375575,0,Premium,2021,11,4
2014-06-30,e7b6b34ce7e376bad98bf08daf8633a177e23be16eadb878a77c7f0b0ee7ce67,LA PINTANA,Suzuki,CELERIO 1.0 GLX AC,Incumbent,propio,5397910.724399306,252185.953125,0.046719178215579686,0,Economy,2014,6,2
2018-11-22,aa3996850da8485265d41e9fce2be403bd302d590752926eb969687ed70f3f41,VALPARAISO,Suzuki,GRAND VITARA 2.4 GLX NAV,Incumbent,ces,8640161.998059606,576453.375,0.06671788967955218,0,Premium,2018,11,4
2015-12-11,f411f47d69e5cb62ed067030e6080f5fd92de127f9b80a8d2e7e105d1e1f13b7,LA SERENA,Renault,DUSTER 1.6 EXPRESSION 4X2 MT E5,Incumbent,ces,6804293.759508694,432343.75,0.06353984194110067,0,Mid,2015,12,4
2018-06-18,7a16b9f2e64a56aed1b21f759423f90e402b81d3dccca41068c214ac72bbb6a6,LAS CONDES,Mazda,ALL NEW CX-5 GT 2.0L CUERO NEGRO AWD 6AT,Incumbent,propio,15385722.779828671,-1222941.0,-0.07948544358301626,1,Premium,2018,6,2
2021-07-15,a1abea4f92de400432f4ab1ecc3c4fadaa55e0f77079a633da93d7c1f3dfaa90,COLINA,Suzuki,CELERIO 1.0 GLX AC BT,Incumbent,propio,6487660.909870997,565928.9375,0.08723158398105198,0,Mid,2021,7,3
2022-01-07,236c901ad5ad8a47cb91603a1e661abcd445d52dc2737013ad0ae5bd943bda96,SANTIAGO,Suzuki,DZIRE SEDAN 1.2 GL,Incumbent,propio,7872149.5870590685,532413.75,0.06763257533561462,0,Mid,2022,1,1
2021-12-24,5c0d64d68e3b1fe9980d416e9e1f672288548d85cd52af75ddf74a2532ead655,VALPARAISO,Suzuki,SPRESSO 1.0 GLX AC,Incumbent,ces,6384779.688566311,463569.96875,0.07260547604800655,0,Mid,2021,12,4
2016-11-25,606bdd06601af412cb4217fa2123b1df8c43aeca0c1609e5efd64076e025e806,PENALOLEN,Renault,KOLEOS 2.0 EXPRESSION 4X2 AT FASE 3 E5,Incumbent,ces,9797238.21795442,460524.28125,0.04700552043391608,0,Premium,2016,11,4
2016-12-30,e8904c6b89584f9090c6b86d73bf18f323fdddc400fb285c6a791eba411f0d9d,LINARES,Suzuki,SWIFT 1.2 GA AC,Incumbent,ces,5643548.985385417,316113.28125,0.0560132076586222,0,Economy,2016,12,4
2012-10-11,e914bc7fe6ef468300442cf49f23c21890123eebda784177f7eb67c665b1e205,ANDACOLLO,JAC Cars,A 137 1.3 VVT SEDAN BSE PLUS,Chinese,ces,4255275.315346029,218067.59375,0.051246412415095935,0,Economy,2012,10,4
2017-12-15,7fc730d8d323714461690254073c2ad1b8b962e840cd8b8dce3a64049ac93b69,CONCON,Renault,CAPTUR 1.5 DIESEL EXPRESSION MT,Incumbent,ces,10164467.825743632,906890.75,0.08922166566390326,0,Premium,2017,12,4
2017-04-29,a3aa1fd9fe91a6916e0bc63ddd388b828b9bb42836f0f0ada6b3e4fe00509e87,MALLOA,Haval,HAVAL H6 1.5T 4X2 DELUXE,Chinese,ces,10972904.013511932,766794.25,0.06988070332664686,0,Premium,2017,4,2
2017-11-26,8aec2416e45284001847fe64702941bebad6ee1efd2c4bd0169180159ab535f9,PENALOLEN,Suzuki,ALTO K10 1.0 2AB GLX AC,Incumbent,propio,3960105.669198084,200045.3125,0.05051514510230453,0,Economy,2017,11,4
2014-09-08,e2fce24cf79bfb5698c3cd71030266b40c295cad69dc37b26da7d66fbb9e31ca,LOS ANDES,Suzuki,GRAND VITARA 2.4 GLX NAV,Incumbent,ces,8580485.262542374,547384.8125,0.06379415566268468,0,Premium,2014,9,3
2016-03-19,bed191288287b8e6adaa207b5863bdfc5dc664ce950dd5a0edb03c7e1919bf67,TALCA,Great Wall,M4 1.5 EN,Chinese,ces,6374824.967523298,252771.875,0.03965157887279298,0,Mid,2016,3,1
2020-01-30,c93eb60828515421c693925190677b05255b370f78fef69fe2c3ffd8fbfe1ae8,COLINA,Changan,CS55 LUXURY MT,Chinese,propio,8264734.551786631,486648.125,0.05888248702371193,0,Mid,2020,1,1
2019-06-12,82ab54af1f483af6127e40a1ba51b0c3a3ce5146e89db10efdd14fc5cb673886,LA FLORIDA,JAC Cars,GRAND S3 XE ADVANCE 1.6 MT,Chinese,propio,7161201.176093201,492681.84375,0.06879877155172771,0,Mid,2019,6,2
2020-05-26,09bd93e19219679c69028afd5b3270fd5a1f4515329991578fa6f6355b6f3143,CASABLANCA,Mazda,ALL NEW MAZDA6 SDN V 2.0L CA 6MT,Incumbent,ces,11470655.042658811,663311.8125,0.057826846856886154,0,Premium,2020,5,2
2015-06-18,5195bd158cba021ed895ebe8b7d5dc6b9389c2924cd551fb18c53e5d65627986,QUINTERO,Suzuki,APV FURGON 1.6,Incumbent,ces,7081697.32835293,405142.0,0.057209731116004706,0,Mid,2015,6,2
2014-10-20,98bdfe6563f1c48df636751bcd478e097b4844505e1173f4ee628a1641050419,LO BARNECHEA,Suzuki,SWIFT 1.6 SPORT,Incumbent,ces,7894835.336732039,414416.5625,0.05249210969250464,0,Mid,2014,10,4
2019-12-06,52b1914d13f21dcd83b99ee0d46d85c8d371ad5c8e7a84b84e54b93e307ceb1d,VINA DEL MAR,Mazda,ALL NEW CX-5 GT 2.0L (CN) AWD CA 6AT,Incumbent,ces,16883042.36034464,1024537.9375,0.06068443800783579,0,Premium,2019,12,4
2018-02-27,742c58d6a3db99701f8c79fb22c81e2b21070289d35294e35b625a57bbc22797,PUDAHUEL,JAC Cars,S2 CE COMFORT BICOLOR 1.5 MT,Chinese,propio,6148440.433443885,320025.0,0.05204978456963704,0,Mid,2018,2,1
2016-02-08,2b77ab293284d79df3ecf4e9de480d734d6d8f70f3ca26a841356aebf9b1fa5e,PADRE LAS CASAS,Suzuki,ALTO K10 1.0 2AB GLX AC,Incumbent,ces,3942147.947854153,375798.3125,0.09532831275512123,0,Economy,2016,2,1
2012-03-01,1c32a5e63106c484c00256261b8e4ae9c3c9f460a09996068d91b76e8c9d74e7,COPIAPO,Great Wall,FLORID CROSS 1.5 HATCHBACK,Chinese,ces,4915371.525389106,364501.03125,0.07415533685851869,0,Economy,2012,3,1
2014-08-31,62c7832688249b8d82bbf43c3025ace12e64254a40bae55c8b6bde300c1d7bcb,ANTOFAGASTA,Suzuki,GRAND VITARA 2.4 AT GLX NAV,Incumbent,ces,9176586.24071952,624805.875,0.0680869616009853,0,Premium,2014,8,3
2016-04-30,1d308aa30b56c5507da84c36285cfecd2713f7bff3816193494ac701e562eed2,IQUIQUE,Suzuki,GRAND VITARA 2.4 GLX SPORT,Incumbent,ces,8866931.529859101,586992.3125,0.06620016299024331,0,Premium,2016,4,2
2021-06-30,8bbed279d987de63a3d7c4113c45bf3d4806959ee63a76dfb34a0403d0238a43,SAN PEDRO DE LA PAZ,JAC Cars,T8 XE ADVANCE 2.0T DIESEL MT 4X2,Chinese,ces,12569940.616086489,1136376.5,0.09040428548609947,0,Premium,2021,6,2
2009-11-23,08a5368fa866a299d1491c3e1a26eda8e687fc24b21e20db7b20d6ea32e14be8,MAIPU,Mazda,MAZDA3 SEDAN 1.6L V MT,Incumbent,propio,8845945.403907351,462226.53125,0.052252926074564,0,Premium,2009,11,4
2021-06-29,638c9c3158a3958bae2656f21788900e5cb41edece00d111f17933c8415760c0,MONTE PATRIA,Changan,CS35 PLUS LUXURY MT,Chinese,ces,9046458.248310216,772436.9375,0.08538556375300611,0,Premium,2021,6,2
2014-10-28,900a3bd5fafbf881dfd0a2b41f655794e3a3ae5a8d0286c79ae93907be5b4eec,OVALLE,Geely,LC 1.3 GB HB,Chinese,ces,3566501.590556662,284201.71875,0.07968641301114396,0,Economy,2014,10,4
2014-08-22,9d4a9855f5655bb7d2c923129085626bb455190551a4ac017d6d9f553299961e,VINA DEL MAR,Great Wall,M4 1.5 LE,Chinese,ces,6219307.786602996,408929.4375,0.06575159994185759,0,Mid,2014,8,3
2019-07-26,2a38686e66fdcf8faa67ec8a0b6497594b7335d8e95f755da5cb6a53418175e3,SANTIAGO,Suzuki,BALENO 1.4 AT GLS,Incumbent,ces,7125753.619218136,511463.90625,0.07177681598064005,0,Mid,2019,7,3
2022-03-10,610876a61ee289f4ac0bff04cda6f7add8a907db100d2e371c4ea1dad3ce6ecd,COQUIMBO,Renault,SYMBOL INTENS TECH 2 C,Incumbent,ces,9144008.410751885,765694.3125,0.08373727123869074,0,Premium,2022,3,1
2018-07-31,271aac0b073aaafeb3bc8f365da837bfaac6b72d077a9c267baab9b754b9c236,MACHALI,Renault,SYMBOL ZEN,Incumbent,ces,5228423.722152003,469916.0,0.08987718382675075,0,Economy,2018,7,3
2020-11-18,e3f0e59febd486f17b75b74df4edac0ef45c3fc4e0148af9ae828865a44a6c1a,SAN MIGUEL,Suzuki,SWIFT 1.2 AMT GLX,Incumbent,ces,8271525.665793817,762352.9375,0.09216593991271103,0,Mid,2020,11,4
2021-09-23,27f52c8643035b18ef723e187ca080d322cc2ad59ac94df7bf941b64aa8558aa,TALCA,Mazda,ALL NEW CX-30 S 2.0  2WD 6AT 7G,Incumbent,ces,13850058.967906928,999411.9375,0.07215939945207575,0,Premium,2021,9,3
2014-03-29,b07ccfb5b8220e5849dd0eb104c5e4c51c7149be65b0a96480bfe610e1b50e1b,LA GRANJA,Geely,EX7 2.0 4X2 GL,Chinese,propio,7292778.707089913,397027.40625,0.0544411701213444,0,Mid,2014,3,1
2022-01-12,23f55964fb043c4febc44eda74623dca20c690ad80149bb474cbc2a62e76d31d,TALCAHUANO,Changan,NEW CS35 PLUS 1.4T AT LUX,Chinese,ces,11788869.787966032,691914.9375,0.05869221986032116,0,Premium,2022,1,1
2017-11-13,053aa7d955cb409794a61a195b686042efa0490941a89d661c81374bc7ccee75,ISLA DE PASCUA,Suzuki,JIMNY 1.3 JLX AB AC,Incumbent,propio,6691680.182873416,341188.125,0.050986914448367046,0,Mid,2017,11,4
2016-11-29,00d3151c37864e7a18ac0be4d97ae82415b33dc912f786ba98d132adf0fc751b,NUNOA,Renault,SYMBOL 1.6 SDN DYNAMIQUE MT NEW,Incumbent,ces,5413740.075084865,310879.71875,0.05742420478972232,0,Economy,2016,11,4
2021-02-25,d03e8d20a946188b3a7813d863b5bebeadf668614014652aa712671b84590eb7,COQUIMBO,JAC Cars,S4 CE COMFORT BICOLOR 1.6 MT,Chinese,ces,9434521.739600398,711932.8125,0.07546040299125477,0,Premium,2021,2,1
2015-12-17,09437279f5b7c65bcc875e7ed837597e5902c2eeb87a7224c077b5a8d3b43255,NANCAGUA,Suzuki,CIAZ SEDAN 1.4 GLX,Incumbent,ces,8300885.563886654,479999.625,0.057825110502457505,0,Mid,2015,12,4
2017-02-08,2a12b886c26309cc0ee3f9ca3c955d69a59af07bfc6499776a2adaef9644bf8b,CONCON,Mazda,NEW MAZDA3 SP 2.0 6AT,Incumbent,ces,11276303.0505519,658860.6875,0.058428785085529705,0,Premium,2017,2,1
2021-12-30,6cbe3d0566c67921c6f7c8041fb8d2b761b2e64500584f271c89cc1b68a01227,RANCAGUA,Renault,KWID 1.0 HB OUTSIDER 4X2 MT,Incumbent,ces,7639020.753564208,510252.375,0.06679552150214108,0,Mid,2021,12,4
2013-12-24,2924469e06f1a0cd2794f8100d5fe655437838b72e50fc9a5f244c2d722d85f3,ANTOFAGASTA,Suzuki,CELERIO 1.0 GLX SPORT AC,Incumbent,ces,4620459.576685836,365714.3125,0.07915106850957879,0,Economy,2013,12,4
2011-10-21,a43a21ba24902b6996b089884bbd26e59cbb48aeaec6dbaf10238ab9acc7f39c,SAN JOSE DE MAIPO,Suzuki,ALTO 800 GL2,Incumbent,propio,2898950.3854897027,161666.125,0.05576712378700841,0,Economy,2011,10,4
2020-12-31,833a890ee80d9d86e4f52bf2b1288087acd4f4799982ab7488128240c36ffcec,SAN BERNARDO,Suzuki,ALTO 800 GLX AC,Incumbent,ces,4474299.688507072,303066.84375,0.06773503449678928,0,Economy,2020,12,4
2018-02-02,e4801a9cab3857ddb0df7a3b8ecd0728a36bb9187173a1efb6b88426c861caef,QUILICURA,Suzuki,VITARA 1.6 GLS,Incumbent,propio,8570123.880007396,455559.125,0.05315665577048892,0,Premium,2018,2,1
2017-11-21,68772e9fed26c2db62a22cfb9aec859a6ae2f35b53a630f208f49fb9c445aeba,CONCEPCION,Suzuki,SWIFT 1.2 AT GL AC,Incumbent,ces,6355139.580697978,316816.59375,0.049852027595466974,0,Mid,2017,11,4
2015-07-30,54dad2c05c680ea720fa230c8148b5c807da056275dec3f70edfb48f7c30f76e,PROVIDENCIA,Suzuki,GRAND NOMADE 2.4 2WD AT GLX SPORT,Incumbent,ces,8919677.494648654,468297.875,0.052501659985011176,0,Premium,2015,7,3
2013-11-14,6a7e931f48c1fb58cab892b75a2eb8bd7d10adf3d13277bd2404d62f65954c8a,PUERTO VARAS,Suzuki,ALTO 800 DLX,Incumbent,ces,3367008.8011786467,264873.90625,0.07866742319095778,0,Economy,2013,11,4
2016-06-30,88fb8b861154fd26e30b1854d54b5f6ade9d3634e4d5d68253763840e3dc1c5b,PROVIDENCIA,Suzuki,GRAND NOMADE 2.4 GLX SPORT,Incumbent,ces,10173594.65976162,621254.125,0.06106535062352845,0,Premium,2016,6,2
2018-09-21,ca13eef25968a117211744686e48f4e76a76bba51b0a14e10eceabac937dfe7f,TEMUCO,Mazda,ALL NEW CX-5 R 2.0L 2WD 6AT,Incumbent,ces,13828801.007435068,591260.625,0.042755740333678106,0,Premium,2018,9,3
2020-03-11,50c4789c2731ba2fe254a13c27da276fe700aa03018dae1addb1596f410ea7da,LAS CONDES,Mazda,NEW MAZDA2 SPORT V 1.5L 6MT 6 AIRBAGS,Incumbent,propio,9815279.638861688,374530.3125,0.03815788508124824,0,Premium,2020,3,1
2013-03-07,744382bf20d7fd36453ec7c5ceb3b1336cac661b0a91291090d94dee572751f4,PENCAHUE,Great Wall,C30 1.5 SE,Chinese,ces,4262720.7657438265,168730.3125,0.03958277395412676,0,Economy,2013,3,1
2011-07-29,67902c2d8e370e42a92b47e0d0312a1faac3ee9416d72712ea2a2791700c0ef1,NUNOA,Great Wall,HAVAL H5 2.4 4X2 LX,Chinese,ces,7572225.7298182305,473328.6875,0.06250852845499656,0,Mid,2011,7,3
2019-11-28,82e8548d640304975af4e0fd8ef02038a0b496aff7ebdf8aa995cc6d32f6be57,SAN PEDRO DE LA PAZ,Changan,CS55 COMFORT MT,Chinese,ces,8267656.528841527,435416.8125,0.05266508241858604,0,Mid,2019,11,4
2021-11-17,b62ca7f5ae12f347571ccc9c1a92e112200f784c3c01201f0d2681dadaa6d408,RANCAGUA,JAC Cars,T8 PRO DIESEL LUXURY 4X4,Chinese,ces,15298543.122372476,1349821.75,0.08823204531325801,0,Premium,2021,11,4
2018-09-28,7650c06c026aabf7f703cfa304023b39bb109e6523277c756b92aa511c3fb12d,ANTOFAGASTA,Suzuki,SWIFT 1.2 GL SPORT AC,Incumbent,propio,5582122.16118489,203946.15625,0.03653559530963567,0,Economy,2018,9,3
2019-03-23,e0a21848816cee745d4fb689e6597978a41f6ce843a3f0684f894d009b4601a9,MAIPU,Great Wall,M4 1.5 SR,Chinese,propio,5411515.406656856,462878.03125,0.08553575042595293,0,Economy,2019,3,1
2015-08-07,ae52080b81800b2f5ebc30a900bf1caa522358e7454370475882e49f32fb2ce7,SAN BERNARDO,Suzuki,SWIFT 1.2 GL AC,Incumbent,propio,6072820.535494693,277268.375,0.045657264755217024,0,Economy,2015,8,3
2021-05-17,d0fb96acd8517b9f944d2bcb205adca031118766087b383bda01e1d40d1b00dc,UNKNOWN,Renault,KWID 1.0 HB INTENS 4X2 MT,Incumbent,ces,5416076.56027409,389243.96875,0.0718682545230309,0,Economy,2021,5,2
2011-12-23,97bdec0c1600436a016047dba6aa1dc348ba5c9f09ec61161c0b323c467f2bf0,TEMUCO,Suzuki,ALTO 800 GL2,Incumbent,ces,3589054.057231101,234621.84375,0.06537149901024535,0,Economy,2011,12,4
2019-06-28,15c0ae4b05aec36bb4881faa559120738b8fe58bca2dc8d8529b20226dc384bf,SAN PEDRO DE LA PAZ,Suzuki,GRAND NOMADE 2.4 2WD GLX NAV,Incumbent,ces,8869910.70171096,501792.3125,0.056572419878275305,0,Premium,2019,6,2
2017-09-30,23108d20fa9e22343d849a37e4d3b85c5faacd6e217d3beaa72ac5df8187383b,QUILICURA,Mazda,NEW MAZDA3 SP 2.5 6MT (CN),Incumbent,propio,13274120.921014776,770595.4375,0.05805246479863239,0,Premium,2017,9,3
2017-11-27,595eaf54bc1404c6e50dcbb8c2fcd0bc4617c8903a205d390d95e4d09772110e,LA CISTERNA,Renault,SYMBOL ZEN,Incumbent,propio,5200143.236535749,298455.0,0.05739361137267939,0,Economy,2017,11,4
2015-02-05,34b9550e21817f64b70d4322551031b71922bb015a7b4f2933120cce92989b84,MAIPU,Suzuki,SWIFT 1.2 GL AC,Incumbent,propio,5099809.847566485,464688.0,0.09111869145900384,0,Economy,2015,2,1
2022-02-11,18ab17549e76eb8b0b637fa3947efa8dcda4c1bb907fb70602e7228eefafa35a,ESTACION CENTRAL,JAC Cars,JS2 COMFORT SMART,Chinese,propio,7874318.913168788,566031.4375,0.07188322491655565,0,Mid,2022,2,1
2020-11-26,bbc7c61cf83015ab48c26cd8daa1071f97d7bedeb16814c10b37f32c4a4c19d0,SANTIAGO,Suzuki,SPRESSO 1.0 GLX AC,Incumbent,ces,6398327.559088805,387563.4375,0.06057261587826452,0,Mid,2020,11,4
2012-07-26,d251cc5d82aa59774d8d5951c0cc4f7ab77d47e003187bb0cf2a180ceeadc88d,RECOLETA,Suzuki,ALTO K10 1.0 GL AC,Incumbent,propio,3117666.817761017,169100.640625,0.054239484367492895,0,Economy,2012,7,3
2018-08-16,40b2ddf4e338f904aba78d18f35bcf8142741026050144cf6c35b85ae599cdf5,PUDAHUEL,Renault,"DUSTER LIFE 1,6L 5MT 4X2",Incumbent,ces,6959878.751965314,416922.28125,0.059903670179925254,0,Mid,2018,8,3
2013-01-05,0d18972f8c2dc55325359875273039cfced9e229a37d60b654679c79043322a1,RENCA,JAC Cars,J3 1.3 VVT SPORT BSE,Chinese,propio,4102304.350151672,220902.15625,0.05384830997286506,0,Economy,2013,1,1
2019-12-31,e970dd00b4fae6bdb622f2fccf9813bbe9b1fad2efb00f154734ae0a27f28c47,CERRO NAVIA,Great Wall,WINGLE 7 2.0T.D 4X2 DELUXE,Chinese,ces,10606894.169694211,784436.0,0.07395529619228912,0,Premium,2019,12,4
2018-09-22,915eadad6cf0ce1705ca9d51dc4147ee68229d58cca2386f5044fc7a41d2ddda,CHILLAN,Mazda,ALL NEW CX-5 R 2.0L AWD 6MT,Incumbent,ces,14162831.006610388,617821.3125,0.04362272713779024,0,Premium,2018,9,3
2016-08-31,2335468cb01b32837a686dbd7971dbda17308ccd623abff4b663e9e7cd90b729,VALPARAISO,Mazda,"NEW MAZDA6 SEDAN V, 2.0 6AT",Incumbent,ces,12332920.250806594,622194.9375,0.05044992790408317,0,Premium,2016,8,3
2017-04-13,1425be9d3cfe80d22b5495e905d4174edfb0c62edeba3c38d28b6d96fbc44873,ANTOFAGASTA,Suzuki,BALENO 1.4 GLX,Incumbent,ces,8208893.734724077,524370.75,0.06387836984438994,0,Mid,2017,4,2
2012-06-29,061195fed167a4e850a50c5751b94d4149157666b606f4aec3d22c9841d9f301,SANTIAGO,Suzuki,SX4 1.6 CROSSOVER,Incumbent,propio,6500432.513450094,383721.875,0.059030206714097595,0,Mid,2012,6,2
2018-05-31,76028c75d5c81b6ed36bfddb36c86f516df9e9814f3cce722e064605c56175fd,SAN IGNACIO,Great Wall,C30 1.5 COMFORT,Chinese,ces,5037770.247826926,293445.4375,0.05824907112954973,0,Economy,2018,5,2
2019-08-29,e61837e5545e68f185990a3648623f9b4ffdb16a0267d290978f4794d6d9af35,CHILLAN,Great Wall,WINGLE 6 2.4 G 4X4 ELITE F2,Chinese,ces,8379555.135564571,629200.0,0.07508751834921935,0,Mid,2019,8,3
2021-06-17,2699fca7f84ba9a2306933079cf559209e9e078e57688b1e21d8b95dcff130b4,LA FLORIDA,Mazda,ALL NEW CX-30 V 2.0 2WD 6AT 7G,Incumbent,propio,14342208.095100798,668126.1875,0.04658461117491577,0,Premium,2021,6,2
2018-01-28,903cf7753c03e3c3852e27c13b0d5dd29620e57541bd877a7a3838dea625d3a2,SAN BERNARDO,Mazda,NEW MAZDA3 SDN S 1.6 4AT,Incumbent,propio,8979206.976903923,430074.3125,0.04789669216961205,0,Premium,2018,1,1
2021-09-30,58f6844f730697686f7492f9865118ce0b4231d51c402b90c9ee08201ebcc89e,RANCAGUA,Suzuki,JIMNY 1.5 GL,Incumbent,ces,10654844.881093225,624538.25,0.05861542396625864,0,Premium,2021,9,3
2019-12-03,e6f0f44ee6072ee63f0ec42de3de413187df9ac948e0870ebc1656f0914bd50c,COLINA,Suzuki,BALENO 1.4 AT GLX,Incumbent,propio,7870307.85812201,528660.5,0.06717151470185913,0,Mid,2019,12,4
2018-08-29,784c9f688909b69cf6cf191d458338f8cd8a0d772bf075883b132ce87f000068,PENALOLEN,Renault,"NEW KOLEOS 2,5 PRIVILEGE 4X4 6CVT",Incumbent,ces,15842014.699635113,-690603.625,-0.04359316905670505,1,Premium,2018,8,3
2014-07-31,658904b1cf21b64cec5b662bcb6e6ef0e48aaad612601e882156d208120d1c73,QUILPUE,Suzuki,SWIFT 1.2 GL AC,Incumbent,ces,5087635.387424748,358614.90625,0.07048754066307475,0,Economy,2014,7,3
2011-05-19,f378beb37f8586e366578c3fbc0f8934e36fb485c40ea53a0ee39057d79b440f,NUEVA IMPERIAL,Great Wall,FLORID CROSS 1.5 HATCHBACK,Chinese,ces,4362234.158476751,300169.3125,0.06881091238917264,0,Economy,2011,5,2
2013-02-13,552e682d7a6304eca04457c3418fd992b0a7de9647e957c3f3718fcaa2a29a89,PUENTE ALTO,Suzuki,CELERIO 1.0 GA,Incumbent,propio,3540983.0504913963,199581.078125,0.056363183691970326,0,Economy,2013,2,1
2017-11-22,bedcf0a67120d050b21555702366db777a9c46ab9a21dfda7aa3076a4aa5f9f1,SANTIAGO,Suzuki,BALENO 1.4 AT GLX,Incumbent,propio,8070610.180007756,643499.25,0.0797336552809916,0,Mid,2017,11,4
2021-03-26,43dea615a1a4c7aae5818506e0715f9d04612a4eac150f37ebd193400198cac8,VALLENAR,Great Wall,WINGLE 7 2.0T.D 4X2 ELITE,Chinese,ces,11560426.103836007,959200.0,0.08297272015619875,0,Premium,2021,3,1
2018-09-28,732a6f4789c69290f079c255b66adce1234495f4639c2c4255a357f9dae8b07d,PROVIDENCIA,Renault,SYMBOL INTENS TECH,Incumbent,propio,6194946.522503674,469307.25,0.07575646509541305,0,Mid,2018,9,3
2019-08-30,6fb696ab0b8ddc23f4fa7896eb9c55792c9c996ed6e58ff486b6dc171f139263,CONCON,JAC Cars,S2 CE COMFORT 1.5 MT,Chinese,ces,5994718.132097693,203564.28125,0.03395727318021007,0,Economy,2019,8,3
2015-04-24,62435fda63f85d9566c04be28bb7e840134b9ff0ba9faa9a8585a73063ca92fb,PURRANQUE,Suzuki,ALTO 800 DLX,Incumbent,ces,3436710.709726045,253110.078125,0.07364893338525327,0,Economy,2015,4,2
2014-08-13,7ec06bd4d448ddab2bdc298451e520a81a2c35733bfee728ac30bc78c5228fc6,RECOLETA,Mazda,CX-5 R 2.0 2WD 6AT I-STOP,Incumbent,propio,11609827.84084938,662777.9375,0.05708766284785072,0,Premium,2014,8,3
2018-08-09,510ea3f69fe8b66e9acdd7dbd2ee5976d2a2987f3f29b17fc0248b6e2e5c29ea,PEDRO AGUIRRE CERDA,Mazda,NEW MAZDA2 SPORT S 1.5L 6MT 6 AIRBAGS,Incumbent,ces,7957601.169941338,532815.25,0.06695676732488565,0,Mid,2018,8,3
2011-02-25,42566fcdd03a26425ebf282f09b13249cbc35eb4eb0fc3f0165d70e01a26ce49,CHILLAN VIEJO,Suzuki,ALTO 800 GL2,Incumbent,propio,2579855.9644087525,154829.125,0.06001463924187857,0,Economy,2011,2,1
2015-09-13,202a67d44d2b61e2780e0de7071cd6fc8999c22e246a91977146ac944c1ed26d,LO PRADO,Changan,MD201 A/C E5,Chinese,propio,4527988.971867476,41935.0,0.009261285807130572,0,Economy,2015,9,3
2013-01-30,4da37c5e3aef59cb8a85ad14905006aa70444580e23913561b35f32d5d0351f3,SANTIAGO,Suzuki,GRAND NOMADE 2.4 2WD GLX SPORT,Incumbent,propio,8355978.583135092,444718.71875,0.05322162022382127,0,Mid,2013,1,1
2011-12-15,ba282c6d5b65550551866c629e7c8858df2edeaa3544a63d2227ecb1954c6d24,CERRILLOS,Mazda,MAZDA3 SEDAN 1.6L V MT,Incumbent,propio,7272117.074960459,367314.46875,0.05050997735098994,0,Mid,2011,12,4
2012-11-30,0a2f97ca5f2229c06d15ff73fcb40de74129231c5d8fccd6061ad5d4d2a9043e,LA FLORIDA,Renault,KOLEOS 2.5 DINAMIQUE 4X4 AT NEW,Incumbent,propio,10637905.573606197,176390.71875,0.01658133901730098,0,Premium,2012,11,4
2013-10-07,134bfc48512ed29bd2e21b99ed9bc06d2dda956028616737ef2a9b7ec71cdfdc,TEMUCO,Suzuki,GRAND VITARA 1.6 GLX SPORT,Incumbent,ces,7747291.685896302,470392.46875,0.06071702058234551,0,Mid,2013,10,4
2017-05-11,0453a20a36fb470787232bde7e24ce0d5b19e0f5ab9ead0bcf5e160b8f56f7c9,RENCA,Suzuki,CELERIO 1.0 GLX AC BT,Incumbent,propio,5429874.807127988,295719.1875,0.05446151117734777,0,Economy,2017,5,2
2016-03-21,1c8c867d2368c32cc4ba6bf4fe1c179fff22b356000dc4e5dd0a3d81e566aeb7,QUINTA DE TILCOCO,Suzuki,S-CROSS 1.6 GL,Incumbent,propio,8604300.00968802,471871.3125,0.054841336537393634,0,Premium,2016,3,1
2017-07-31,dedd69d21307f3ee30dbc23e171ff3d98a11df2f3302733e3e06a22c1eb9b327,PENCO,Suzuki,ALTO K10 1.0 2AB GLX AC,Incumbent,ces,3753592.058190743,284879.3125,0.07589511808518526,0,Economy,2017,7,3
2021-12-04,8890fc9a29a8cd191e703009ab8d1517e4fbc9b31844f64d19bdef95c720775c,MAIPU,Suzuki,SPRESSO 1.0 GLX AC,Incumbent,propio,6004166.490847688,553949.625,0.0922608701548167,0,Economy,2021,12,4
2016-05-26,4211f5fd273cc10f39ce2e13efed927e47311dcf5f0de008df6a24c31cca6c52,VALPARAISO,Suzuki,JIMNY 1.3 JX AB AC CON WINCHE,Incumbent,ces,7403793.821410131,344369.0,0.04651250538665207,0,Mid,2016,5,2
2014-07-30,3b5975ce19c8b5c4d3ac39853efb82e596f101074b6665d44353692ffc6fd83b,NUNOA,Mazda,NEW MAZDA6 2.0 6AT,Incumbent,ces,12030754.169583812,587815.1875,0.04885937982060311,0,Premium,2014,7,3
2019-07-17,0bf9f647829d282ad331c8c6dbaf24319fa77fcdcf5497631462f025d15fc031,PUERTO MONTT,Great Wall,WINGLE 5 2.0TD 4X4 SC LUX,Chinese,ces,9297550.52865729,555600.0,0.059757674700181194,0,Premium,2019,7,3
2021-04-01,44f892acd63fa90378ccb053c7ec13426bfdff47468d1e7960f1dca61e23f4e3,MAIPU,Changan,NEW CS15 LUXURY MT,Chinese,propio,6897213.990368725,583161.125,0.08455024388315727,0,Mid,2021,4,2
2014-12-17,adf4de2969511aa8ea07a458528a2132f9e616b608ee8ff504b661b7b29872cf,PENALOLEN,Suzuki,CELERIO 1.0 GA AC,Incumbent,ces,4476419.126590772,262672.59375,0.05867917778066745,0,Economy,2014,12,4
2015-01-25,c1d12aa36d47e7ef5fe39a13b2f939f31b93a4bfb633f58d85066aaee50d73ce,MAIPU,Suzuki,ALTO 800 DLX,Incumbent,propio,2930786.2333738403,230931.71875,0.07879514245027613,0,Economy,2015,1,1
2017-05-26,a1fa1b5f4f6f0354e104f3d57b6ff311c0d4017ee7a805df12c8b4634bb17042,LOS ANGELES,Suzuki,BALENO 1.4 GLX,Incumbent,ces,8253587.090054809,571233.75,0.06921036196350436,0,Mid,2017,5,2
2013-06-05,2ae7c052831eec1add83e7553c63a09de954b9f6b08d8c27e94d39c065c4ce32,CHILLAN,Suzuki,CELERIO 1.0 GA,Incumbent,ces,4052383.581534421,250053.4375,0.06170527356774013,0,Economy,2013,6,2
2019-09-30,e1238e6c6fd45ca0c557d51fc1c35cc884ac4a62d216ed1d9623d5d6f2c54b5f,TALCA,Changan,MD201 CARGO BOX A/C PUERTA LAT,Chinese,ces,5381164.275692745,388109.0,0.07212361119565278,0,Economy,2019,9,3
2010-10-30,da779953b72c078dd58b3fcfcf578abd1d87319b2bd9ffbbb2fe5869b56f1bb3,NUNOA,Samsung,SM3 1.6 SEDAN SE 3,Incumbent,propio,5135244.667678855,316224.84375,0.061579313979003555,0,Economy,2010,10,4
2010-01-27,1469c39a161068e9006be42fa4366f47b4db5efc582627ad0964653d79afd554,SANTIAGO,Samsung,SM3 1.6 SEDAN SE AT 3,Incumbent,propio,5762388.303574919,341678.71875,0.05929463631217398,0,Economy,2010,1,1
2010-04-28,a7ed5be563a9ec9ac0150757800a280219cb267e8d99b738fc312a066ac9025c,PROVIDENCIA,Suzuki,SWIFT 1.5 GL,Incumbent,propio,5819604.755725056,176982.0,0.030411343627055318,0,Economy,2010,4,2
2021-02-26,cb6c2b51ca8619d511e0bd38f83e003e959cf643bd6107fed5ff4854c32ad962,LAJA,Mazda,NEW CX-5 R 2.0 2WD 6MT,Incumbent,ces,15414966.208544051,1026218.5625,0.06657287136518003,0,Premium,2021,2,1
2014-02-13,4204a4a08b7380650c294d74503f11d23c2eecb3e101166c5f5508ac11f0e150,LAS CONDES,Suzuki,GRAND VITARA 2.4 AT GLX SPORT,Incumbent,propio,8792796.306494948,436554.4375,0.04964910163761347,0,Premium,2014,2,1
2013-01-24,38c78ce2c0ee4d2058560356fb721c39e092f06664e7db9e4c92842ba7988536,RANCAGUA,Changan,CS1 1.3 ST,Chinese,ces,4252932.110357794,144957.953125,0.034084238676644396,0,Economy,2013,1,1
2018-04-30,7b24aac123a5df1736a6dbc8a8df63a94c7dafa2ea42b3f64eeea699c8ffa738,LA FLORIDA,Suzuki,BALENO 1.4 GLX,Incumbent,propio,7024349.343414706,451635.71875,0.0642957371095739,0,Mid,2018,4,2
2010-01-30,01f5f784675c6eabfadffd7836adceac4f8e7f1e2aa9099dac9d16193471b984,HUECHURABA,Samsung,SM3 1.6 SEDAN ENTRY DECO,Incumbent,propio,5267543.39092508,252184.046875,0.04787507727216116,0,Economy,2010,1,1
2018-09-24,e3dc82a537b1b1a17fa689b7dde515298650790c65605913e48f7827ab6ba747,QUILPUE,Suzuki,BALENO 1.4 GLX,Incumbent,ces,6922814.320531669,355161.71875,0.051303083154586725,0,Mid,2018,9,3
2015-07-31,1208688f18a514292f9df5aa4b98ef698facdb5e6817c161c0e44cd72a780603,LAS CONDES,Suzuki,JIMNY 1.3 JX AB AC,Incumbent,ces,5978240.603332549,312974.15625,0.052352218155210024,0,Economy,2015,7,3
2020-03-31,b263660e903619b352be22a33ecab1847dccdfd3587da102a17ad4566ad61f55,FUTALEUFU,JAC Cars,SUNRAY 14 PAS. (13+1) 2.7T DIESEL MT,Chinese,ces,17206054.758648023,1466426.875,0.0852273746404853,0,Premium,2020,3,1
2017-11-06,0e9d8bbcdf745a4d4baa6bb02e291ab63738e28e0483ebeaab5d60ae3bc989b4,CURICO,Suzuki,DZIRE SEDAN 1.2 GL,Incumbent,ces,5604023.700376681,390696.4375,0.06971712797605387,0,Economy,2017,11,4
2014-02-21,fa5020a1860090905807e14413b307e5ff5539d07a85b3bd0670f615ca9d4f56,PUENTE ALTO,Mazda,CX-5 R 2.0 2WD 6AT I-STOP,Incumbent,ces,11877438.692129742,628318.625,0.05290017833696233,0,Premium,2014,2,1
2016-05-18,096f43a38da6628a6232c2ee25e298045867fd2e6b1b3de05cde11c300b7bdaf,COLINA,Suzuki,SWIFT 1.2 GLS AC,Incumbent,propio,6815539.954213149,402098.3125,0.05899727904191005,0,Mid,2016,5,2
2018-02-23,ee1ae0ab315152ff952dc6656577382992e7d7c3fa4bf68dedeb63c1ad0d54b9,NUNOA,Suzuki,BALENO 1.4 AT GLX,Incumbent,ces,7794081.298129064,468235.25,0.06007574620916488,0,Mid,2018,2,1
2018-10-31,9d4e7135c14370f7e14e9246cfba3494ea95efee5e89d47188f841587f54c2a3,PENAFLOR,Great Wall,"H6 1,5T LUXURY",Chinese,ces,8301281.1057243645,443241.03125,0.05339429247183927,0,Mid,2018,10,4
2015-09-30,f34050e6eb0c16b4feafc8422dcda581e6a06a796f797bb69cce42758601cc69,RANCAGUA,Great Wall,M4 1.5 LE,Chinese,propio,6945311.569592054,356863.875,0.0513819821363264,0,Mid,2015,9,3
2020-09-07,494853d2feae86ef0cd18d86f5f9cb81cdf8615747390e9862fb80a56fe0e8c8,PENALOLEN,Renault,CLIO IV 0.9 HB EXPRESSION E6 F2 MT,Incumbent,ces,7876197.646509712,541520.875,0.06875409928799484,0,Mid,2020,9,3
2021-10-15,7016c4c526e5dd54e3cb59c4565ec637d170f884e0c00abcd0c8390f7433aa9d,ESTACION CENTRAL,JAC Cars,S3 CE COMFORT SMART 1.6 MT,Chinese,ces,8617902.527142765,708571.4375,0.08222086932038257,0,Premium,2021,10,4
2013-02-28,daae336cc931f2e71ca5fda34743fc8b9c3d9ac08468de932ebdc7bac6420885,LAS CONDES,Mazda,MAZDA3 SPORT 1.6L V AT CON TECHO ELEC.,Incumbent,propio,9102885.385680957,721611.625,0.0792728453040957,0,Premium,2013,2,1
2021-08-12,edbc10246c776fa4166a26fc2764f177ce56b5bf0c4a4cea37229c571b6dc7a2,TALCA,Suzuki,SWIFT 1.2 GLX PLUS,Incumbent,ces,10225100.093962234,893445.375,0.08737766543014733,0,Premium,2021,8,3
2017-08-21,cdf43fe33612259cd569b989c9b0da6813416b9c9eb6641d95ace9743216f7c1,ANTOFAGASTA,Renault,SYMBOL INTENS,Incumbent,ces,5994292.169891289,406890.4375,0.06787964716564344,0,Economy,2017,8,3
2011-10-14,eed4233d40888d78b42fb19fc4a41d25fc40932065918d6e025bceed6e25d0ab,SAN VICENTE,Suzuki,ALTO 800 GL2,Incumbent,ces,2784678.088240435,185883.125,0.06675210530975761,0,Economy,2011,10,4
2018-05-25,90ae2710dee052197f515a3a3fe7145592bfe489cb1ff1403b6bc19de27f76e6,NUNOA,JAC Cars,S3 CE COMFORT SMART 1.6 MT,Chinese,propio,6936616.769544207,338216.53125,0.048758139953034144,0,Mid,2018,5,2
2019-05-17,142895174465367dddfc003dbbf9c951d07ccbeb8309351726c3bc0679c309cf,PAINE,Changan,NEW CS35 LUXURY,Chinese,propio,6231404.055241381,540769.375,0.08678130485618986,0,Mid,2019,5,2
2021-11-03,d07a6570ad4a42048ea598ce7be79945a74c79dbfdde17bbb9f147d8e97fbb64,LA REINA,Renault,"KOLEOS 2,5 INTENS F2 4X2 CVT",Incumbent,ces,19540995.61402536,1673277.25,0.0856290683980821,0,Premium,2021,11,4
2019-01-25,6ce21171e3ca1bac2c4dbb2f43e48afff6b32c0770a6972852f3ac9667040d2e,RECOLETA,Changan,NEW CS35 COMFORT,Chinese,propio,5686915.902014687,190828.515625,0.033555712606440295,0,Economy,2019,1,1
2016-07-23,6ad6b2d510bf0bc4ac1bbaaa08579244b44b5e36b607607ce8c9949d4f669106,QUILICURA,Renault,SYMBOL 1.6 SDN DYNAMIQUE MT NEW,Incumbent,propio,5573086.992028881,420174.71875,0.075393533126429,0,Economy,2016,7,3
2021-12-14,451f670ae857fb9cbb7107deaa3f72855800f2a38e30c1ccdbea3149252179c4,LOS ANGELES,Suzuki,VITARA II 1.6 GLX,Incumbent,ces,12365602.15774039,943865.8125,0.07632995146210299,0,Premium,2021,12,4
2015-04-23,b91e3e9bff44588770b49dfbefc97922a7a7c3a16555651ba74765288dd60f33,ANTOFAGASTA,Suzuki,GRAND VITARA 1.6 GLX SPORT,Incumbent,ces,7980695.477778547,461722.625,0.05785493586187077,0,Mid,2015,4,2
2012-10-30,8bb1df38fc5db37966027be3f3380d8db3a847a5dd3da951710dd7948b280969,LA SERENA,Suzuki,ALTO 800 GL2,Incumbent,ces,2838344.735816756,167148.203125,0.05888932412464753,0,Economy,2012,10,4
2020-08-25,154870128f157d58c455bb67b59b880ea46260d5a85c67855f1db98825afe6c6,VALPARAISO,Great Wall,M4 1.5 LE,Chinese,ces,6257491.94920337,264842.96875,0.04232414055022742,0,Mid,2020,8,3
2013-02-26,ac14288bb1bfb1a422e7e7c26c572ae8f362dae01146aed54ea15f2c82738df1,LAS CONDES,Samsung,SM3 1.6 SEDAN ENTRY 3,Incumbent,ces,4868926.587873989,249747.765625,0.051294214672900226,0,Economy,2013,2,1
2020-08-25,5125ba5bbf0ace8563c0453c253ea825aba1c69088fc5f7f3237335d06d62d79,COQUIMBO,Suzuki,BALENO 1.4 GLX,Incumbent,ces,7358979.194596573,708571.4375,0.09628664774868204,0,Mid,2020,8,3
2015-03-17,de8f8e81b5de1cf50db64c9983c6dae2d59f0dc63b71b8905b2d57f8b3544fb5,CONCEPCION,Mazda,NEW MAZDA3 SEDAN S 1.6 4AT,Incumbent,ces,10004017.605400557,559097.875,0.05588733417443981,0,Premium,2015,3,1
2016-12-29,41a19ebd50e1f468219ec4b0939c8bfa4edc7324c5a1a8de724da9fba3430d61,VALDIVIA,Suzuki,SWIFT 1.2 GLS AC,Incumbent,ces,7019415.93908084,451428.96875,0.06431147159077064,0,Mid,2016,12,4
2014-08-19,c39a2c8fce0bbfd8225d84f637d0ec7d60f4102a407f02a53c0b34b79d8ad450,LA CISTERNA,Geely,EMGRAND EC 1.8 SPORT VVT GT,Chinese,ces,4843423.461496962,372301.46875,0.07686742068077036,0,Economy,2014,8,3
2012-05-08,e4a1893ae2c79f935942e4bbc5945dd955ee5e2b3ae5100d2b9b8f2782ae6bab,RANCAGUA,Geely,LC 1.3 GX,Chinese,ces,3482828.9771275525,256470.640625,0.07363859733259799,0,Economy,2012,5,2
2018-02-13,b5ad22633036a99b56d445720a0af00ce258ad3d6b9d9a8e515e72702af8744c,LA CRUZ,Changan,CS15 COMFORT CONNECT,Chinese,propio,5874603.559441349,376421.8125,0.06407612168059154,0,Economy,2018,2,1
2013-08-31,ee5918c599a2a3dda992747819788f193ed7269e5c9b14f5587cdc4d23a1efbb,CONCEPCION,Mazda,MAZDA3 SPORT 1.6L V MT,Incumbent,ces,7934278.902447127,562019.75,0.0708343829237789,0,Mid,2013,8,3
2017-05-27,8be79609717e0a3522320386a727900cad71ffeebb4705325e5b37687ef4f1ed,VINA DEL MAR,Suzuki,SWIFT 1.2 GL AC,Incumbent,ces,5809858.624271895,273002.4375,0.04698951474644761,0,Economy,2017,5,2
2021-03-31,8d6a49974e442e9df2b75ee7303898c373f222312046822f44fbba1e5f687633,LINARES,Suzuki,JIMNY 1.5 GLX,Incumbent,ces,11992071.467020089,677199.25,0.05647058157236594,0,Premium,2021,3,1
2011-04-07,8220e85bffac38cd08a9daae7f5f41875f284cac24b51f854f269c411f6fff92,PUENTE ALTO,Suzuki,GRAND VITARA 1.6 GLX SPORT,Incumbent,propio,7299752.470175182,420191.1875,0.05756238848053927,0,Mid,2011,4,2
2016-04-30,a65186e892898dfa9f0319f9839cfa9c9e9f051499801f79f72797a0ee6ecf0e,ANTOFAGASTA,Suzuki,VITARA 1.6 GL,Incumbent,ces,8490450.698593348,485043.25,0.05712809216127471,0,Premium,2016,4,2
2014-11-19,2923ba280563715928061d94abc672607744dce545fae3e5f487612054002108,COLINA,Mazda,NEW MAZDA3 SEDAN V 2.0 6MT,Incumbent,propio,10354820.205976969,598391.375,0.057788678421919766,0,Premium,2014,11,4
2014-03-03,16d00c595afe945fc2cf8f09b379f5471975ab52b76ecd19791265fb780cc456,RANCAGUA,Geely,LC 1.3 GB HB,Chinese,ces,3175058.758408651,195209.921875,0.06148230213315479,0,Economy,2014,3,1
2019-04-14,6d19e4d30206449b3f8cacba0f61df851052d9d87ccf8bafb7b637674d84d895,CERRO NAVIA,Renault,CLIO IV 1.2 HB EXPRESSION E6 F2 MT RI,Incumbent,ces,7171467.005275775,167308.203125,0.023329704090100076,0,Mid,2019,4,2
2020-06-26,6aaf0b5f3e18d24d9bb2eeadff76a24ee15be33f05ac0a14758a6f6434fb4d56,TEMUCO,Suzuki,SPRESSO 1.0 GLX AC,Incumbent,ces,5656938.905026712,330310.625,0.05839034688999178,0,Economy,2020,6,2
2020-11-20,acc3fbcd9b9f2c8796313f6ed80a742b8b2f535f3be8e651d66a106e8633b37b,SANTIAGO,Suzuki,SPRESSO 1.0 GLX AC,Incumbent,propio,5799575.61061877,273948.4375,0.047235945505807765,0,Economy,2020,11,4
2018-08-27,c5528ace142f11d7db73aa47ded7fe8c88162723c74f28673037a80fde1540fd,PROVIDENCIA,Mazda,ALL NEW CX-5 GT 2.0L CUERO NEGRO AWD 6AT,Incumbent,propio,12861669.681384765,-982545.9375,-0.07639334253173055,1,Premium,2018,8,3
2017-01-28,7dfa2f3e310b1843cec688642332cce9bf096e4c7ce7e128c2df493393e532a7,COQUIMBO,Suzuki,ERTIGA 1.4 GLX,Incumbent,ces,7156674.046001773,418559.375,0.058485180729145686,0,Mid,2017,1,1
2019-05-30,9aa0614c1ce8b6dbdfa703101e59a61c855dc1e7b2b96e2cf882c5410926899a,LA CISTERNA,Suzuki,SWIFT 1.2 AT GLS,Incumbent,propio,6587161.02558702,407807.28125,0.06190941433888174,0,Mid,2019,5,2
2014-02-26,52ef22537a18c2466a6cfb66b5c80d58c30dff7ed9b7c7d36fdb2e19f6e536fa,CONCEPCION,Mazda,CX-5 R 2.0 2WD 6AT I-STOP,Incumbent,ces,11673398.962739026,618758.625,0.0530058663269413,0,Premium,2014,2,1
2018-10-31,691eb2f9abbe0d06916da3596bbd6abec16fd4c68deaa92fb971dc84ef6b23ad,RANCAGUA,Suzuki,BALENO 1.4 AT GLS,Incumbent,ces,6723912.210063215,668028.625,0.09935118189083547,0,Mid,2018,10,4
2009-09-16,b4e2f4d54ac5e59184bcb6f7e459d2791cddf9296b293ed739a5d6181d32e821,SANTIAGO,Mazda,MAZDA3 SEDAN 1.6L V MT,Incumbent,propio,9390014.67150416,732100.875,0.07796589255836879,0,Premium,2009,9,3
2018-12-07,bbcfbb4e0f5e0fa60076e9814e89771891f3d487f0c2e999fba905cfda285c4f,SAN JOAQUIN,Mazda,NEW MAZDA3 SDN S 1.6 5MT,Incumbent,propio,7349340.192495881,550360.9375,0.0748857615901291,0,Mid,2018,12,4
2018-04-23,9a695bbd3497f72ebc9a15024d6d6af5f00e6383974f5d2b530e03a1dd68687c,LA PINTANA,Great Wall,WINGLE 6 2.0T.D 4X2 DELUXE F2,Chinese,ces,10512532.12209198,617872.0,0.05877480257126142,0,Premium,2018,4,2
2014-10-06,333e3a4ff2e7a5c670fcfe52b1d3a2db27221135ba2890863e2149e65aed0010,VINA DEL MAR,JAC Cars,J3 TURIN 1.3 VVT BSE,Chinese,ces,3543744.691331522,257462.59375,0.07265269261066923,0,Economy,2014,10,4
2018-04-30,f34715aaaa2838523be34b01bcf7b3c535116fa0e2eb4f0b92e5a18627f851f7,LAS CONDES,Suzuki,GRAND VITARA 1.6 GLX SPORT,Incumbent,propio,7751126.680384117,319839.25,0.041263581823455624,0,Mid,2018,4,2
2015-06-26,bc7b628ecf5739f9dc5dfefa766d2c40acffbf6a2cdf341a74793c4f040ddb7c,CONCEPCION,Suzuki,CELERIO 1.0 GLX BT,Incumbent,ces,4903087.7366497535,395945.40625,0.08075429760115752,0,Economy,2015,6,2
2013-03-25,99915739c9b0ed99cd17f5556938a7a20e1d9b72c87b9a9ce65b89ae84c6b439,SANTIAGO,Mazda,MAZDA2 SPORT V 5MT AC,Incumbent,ces,5651987.077288103,382553.875,0.06768484601411268,0,Economy,2013,3,1
2021-10-05,3a776a4fc57ed74cba078703090e8d752c016d41802e1695df6186ab5d6ed40e,SANTIAGO,Suzuki,JIMNY 1.5 AT GL,Incumbent,ces,11379004.831292244,946232.5,0.08315599773697804,0,Premium,2021,10,4
2021-06-23,c57594e739624329d6d1956ca9a7cf84004802fa17136aa54ad3ce9783acb634,LAS CONDES,Mazda,NEW CX-3 R 2.0L 2WD 6MT IPM,Incumbent,propio,12877103.80885399,919639.5,0.07141664101268469,0,Premium,2021,6,2
2013-08-14,3d9fe8663cd5f188b942d1ef3292106e175b7e96b6b684b6d2669ae1e63a47ed,LAS CONDES,Mazda,CX-5 R 2.0 2WD 6AT I-STOP,Incumbent,ces,12527213.956210254,789891.625,0.06305405397889116,0,Premium,2013,8,3
2022-03-22,a6e2e1741b0cd931d2c9622883643dcf1d9272db45a2f4e1dc7297dc5f463650,COQUIMBO,Changan,M201 FURGON CARGO A/C EPS,Chinese,ces,7505576.267135393,575200.0,0.07663635402902022,0,Mid,2022,3,1
2022-01-31,aa048e392328ac4e607ab49e7d9bd89ee89834eeea093b49657613deec3f0388,SAN VICENTE,JAC Cars,X200 PICKUP SE LUXURY DC 2.0T DIESEL MT,Chinese,ces,14888257.695752991,1085855.875,0.07293371039042064,0,Premium,2022,1,1
2013-06-12,171e4b42d193efd73dfd5617c1770e2c6651b2db6b18402e5ab1f22c465a61e5,ANTOFAGASTA,Suzuki,SWIFT 1.4 AT GL AC,Incumbent,ces,6221149.412405931,283428.8125,0.045558914231315396,0,Mid,2013,6,2
2012-06-20,fbf5f50c20fb4dccd8abe942000898df6b9046f0a5788bf1f6520e623aab204e,CARTAGENA,Suzuki,GRAND NOMADE 2.4 GLX SPORT,Incumbent,ces,8652746.799648723,447602.4375,0.05172951986971021,0,Premium,2012,6,2
2019-06-28,d3644f29ed0e4cf4b54330f46deb6803817b5816fd72a15a90aa391851d0bc90,SANTIAGO,Suzuki,ALTO 800 2AB DLX AC,Incumbent,ces,3911941.562706533,194071.515625,0.049610024207705404,0,Economy,2019,6,2
2014-07-31,2e76376b9a7f75a800247e77fc0a993d3e79c8a795d72950483964d36d5451f8,VALPARAISO,Renault,FLUENCE 2.0 SDN PRIVILEGE AT F2 NEW,Incumbent,ces,8213076.963887493,695406.3125,0.084670619252403,0,Mid,2014,7,3
2018-08-15,b295fb9b0aa9f2a8b9facb36c2275773a7c1c473cbcd5df67a13cf223d212df0,RECOLETA,Renault,CLIO IV 1.2 HB EXPRESSION E6 F2 MT,Incumbent,propio,7392806.594040194,419709.46875,0.05677268347427812,0,Mid,2018,8,3
2018-12-28,d4b1db4a2edef5136ccc2b76f6380e17f10ffe77b6f35398beee9a114b68cd20,CHILLAN,Great Wall,WINGLE 5 G 2.2 4X2 DELUXE,Chinese,ces,7233660.499512256,415396.0,0.057425421061440315,0,Mid,2018,12,4
2019-12-28,d73f23527ccec12290e7b3644e871e989256e58cff2aab3b5b72d76966519ad9,PUERTO MONTT,Renault,"DUSTER LIFE 1,6L 5MT 4X2",Incumbent,ces,7119979.13291122,448067.28125,0.06293098236466237,0,Mid,2019,12,4
2013-07-31,0ea7b8850c709b684567f25ee0308af7014b6c552486dad3ce9622d1f189127d,RANCAGUA,Renault,DUSTER 1.6 EXPRESSION 4X2 MT,Incumbent,ces,6973802.636058539,537142.875,0.0770229533343351,0,Mid,2013,7,3
2021-03-30,dd33118bbd6727cd8e8321979d57d82a260fa599cf47e21cd28023fc0d52f8d6,PENALOLEN,Renault,"DUSTER II ZEN 1,6L 5MT 4X2",Incumbent,ces,10281910.720053334,654610.0,0.06366618207676913,0,Premium,2021,3,1
2017-04-29,296f2f1c69d1ca38374a97e84bec95f59021266adc63d30c8cb05bca5ce0aa8a,SAN CARLOS,Great Wall,WINGLE 6 2.0 TD 4X4 ELITE,Chinese,ces,11319820.247551708,534308.0,0.04720110287224412,0,Premium,2017,4,2
2017-08-26,7a20f938fb41586fc1f31b69f7b8a731686fe751d3fb4c610650abb44a81df3c,SAN PEDRO DE LA PAZ,Mazda,MAZDA5 V 2.0 5AT,Incumbent,ces,10185082.321806854,834876.0,0.0819704714818536,0,Premium,2017,8,3
2021-03-23,be5351eff79837661a887dddaae64837dd337bab65de9c550b317ae7f647bf86,MACHALI,Mazda,ALL NEW CX-30 V 2.0  2WD 6MT 7G,Incumbent,propio,13637446.79137668,-293949.6875,-0.021554598305444695,1,Premium,2021,3,1
2017-07-07,b9676856b79cbc0192b651eb36776ca2c1e74ac3446f79711756149417af3530,RANCAGUA,Suzuki,CIAZ SEDAN 1.4 GLX AT,Incumbent,ces,8202685.889960379,732100.875,0.08925136044719813,0,Mid,2017,7,3
2014-12-18,c05a1f84e826a286e07a4408cfd514ec01c9a00aee8a7451cb93fa10f8e16a5a,MAIPU,Suzuki,S-CROSS 1.6 4WD GLX,Incumbent,ces,9831691.63430474,764108.1875,0.07771889273193573,0,Premium,2014,12,4
2020-08-29,e2b97a38c820d1bf0b65150082f2d3eee8e8f82cf87587cb4eb7483f2d88c304,CURICO,JAC Cars,GRAND S3 SE LUXURY 1.6 MT,Chinese,ces,7384195.989115426,135040.71875,0.0182878026191416,0,Mid,2020,8,3
2019-05-31,3b13cb48b299370f0a1ac82c006d3209407d399e46185421edb1474e33d8c3fa,LAS CONDES,Haval,HAVAL H2 1.5T 4X2 ACTIVE,Chinese,propio,7177590.530955481,462683.3125,0.06446220504005368,0,Mid,2019,5,2
2013-03-21,d833cee1d3e40ea82a1fcb7d61679f1f02f55eb3499a276d18bbbd528b66658f,SAN FELIPE,JAC Cars,J2 1.0 5P CE,Chinese,ces,3341682.8853315944,222746.28125,0.06665691775474887,0,Economy,2013,3,1
2010-04-30,a5adef942142031170d19fcde2f10579c8cb75793436d91720116dbc638107cd,MAIPU,Suzuki,CELERIO 1.0 GLX,Incumbent,propio,4842199.412516609,277037.59375,0.05721317321915431,0,Economy,2010,4,2
2012-12-18,5316e7320078540e60bfbb43149edf80d1c7336f053ccd7c34a2a77de968f043,SAN JOAQUIN,Suzuki,SWIFT 1.4 AT GL AC,Incumbent,ces,7163110.907190561,357896.96875,0.04996390163256184,0,Mid,2012,12,4
2017-11-17,eaf019a8246da3a7bf59853c1e63a35155d3d9679857a6060f3c57836c938cf8,LA FLORIDA,Suzuki,CELERIO 1.0 GLX AC BT,Incumbent,propio,4646462.677301575,277112.1875,0.059639387367452695,0,Economy,2017,11,4
2021-01-26,cd12a7e18826b703fbb9b994ba279da4f4b7b52ad0d571abecbbb6f8f0e37558,PUDAHUEL,Mazda,NEW CX-5 R 2.0 2WD 6MT I-STOP,Incumbent,propio,13536090.104956793,1074958.0,0.0794142172270529,0,Premium,2021,1,1
2014-03-04,dcca5e4841ff94135b6636c148dee783907894572f527c43588df32f2593ace6,TEMUCO,Suzuki,ALTO K10 1.0 DLX,Incumbent,ces,3501719.1012369725,278319.375,0.07948078271089319,0,Economy,2014,3,1
2012-04-30,8a858b49377a8da8744c5d0d06c247e33c7acf5b8c4970c63fe40ff3a9d884ff,VALPARAISO,JAC Cars,J2 1.0 5P CE,Chinese,ces,3485905.369705465,177563.28125,0.05093749325300901,0,Economy,2012,4,2
2017-09-16,b6b973a5703669b7d11f0c60131126f5d32aefe7aaef06556c8688d248217541,LINARES,Suzuki,ERTIGA 1.4 GL,Incumbent,ces,6536492.701299424,252435.84375,0.038619463875453716,0,Mid,2017,9,3
2013-05-23,e6d98e34177bd2ffcec399f100643ea5c9bd7d2fcde61b89b289e4b25ae42c24,TALCA,Suzuki,SWIFT 1.4 GA AC,Incumbent,ces,4995664.778719846,276441.5625,0.055336291513707,0,Economy,2013,5,2
2016-10-12,233724a30bd2f2797855ccdb7e2ec85f252c37c3a63e4a46fb723241e6f2e594,CONCON,Suzuki,ALTO K10 1.0 2AB GLX,Incumbent,ces,4263579.95811163,314892.59375,0.07385638286222458,0,Economy,2016,10,4
2014-05-06,086153e25b0389f2f6cec3a11158878e5db23ebad56d4ce65bd98eea7ca05bcc,PEDRO AGUIRRE CERDA,Great Wall,WINGLE 5 2.2 4X2 SEP,Chinese,propio,5612170.304303103,272545.0,0.04856320910130391,0,Economy,2014,5,2
2021-09-30,5496cffb2b1c9c2aa363ec4b280aa9644b140bda7511746a5077334d7cdfbf21,HUALPEN,Changan,CS35 PLUS LUXURY MT,Chinese,ces,9414860.338296918,582394.0625,0.061859023030962024,0,Premium,2021,9,3
2018-11-26,c434ffe52a9084921e287a77b340c95b0dca5acbb73f8f38826c895996b0dd9b,LA FLORIDA,Mazda,MAZDA5 V 2.0 5AT,Incumbent,propio,10054583.734755678,475970.0,0.04733860819664911,0,Premium,2018,11,4
2017-05-15,b54d4ee5a436c66bf4147f4476258837eafc970aa435293802bfb8958b8d4390,PEDRO AGUIRRE CERDA,Renault,CLIO IV 0.9 HB DYNAMIQUE E6 F2 MT TURBO,Incumbent,ces,9144916.2641003,440377.25,0.04815541632991928,0,Premium,2017,5,2
2018-11-14,4298c20fd2e6297fcc5d92439074b8b1ceca0895d74bf1672c3c3ccea62170f5,RANCAGUA,Suzuki,ALTO 800 2AB GL,Incumbent,ces,2557234.249810714,301848.71875,0.11803717972741168,0,Economy,2018,11,4
2019-06-28,a9318fb97620f3f616cc96b883b4886c3e72863df518c1cfa2c1e5aad85af03f,SANTIAGO,Renault,SYMBOL INTENS,Incumbent,propio,5652654.272614268,227808.4375,0.04030114465051867,0,Economy,2019,6,2
2018-04-11,478def5f02141c64b44d37b4d1eb504b0a419c22df4acb9f448f5c8444d8579c,SANTIAGO,Suzuki,SWIFT 1.4 DIT AT SPORT,Incumbent,ces,10147196.780677576,458850.0,0.04521938520732624,0,Premium,2018,4,2
2016-09-02,380ef6740a1c68d0b98eaeab646b23130ec40584cba7a8eab6868a0197206d2a,RANCAGUA,JAC Cars,S2 1.5 4X2 SE,Chinese,ces,7039476.769750901,450850.3125,0.06404599762830865,0,Mid,2016,9,3
2022-03-28,41a6e76b78045d3cc5ffc344b57fc615ceccf0be3aab4188f5ae2552ccfead8a,MAIPU,Suzuki,XL7 1.5 GL,Incumbent,ces,12483365.950266028,863193.0625,0.06914746118466589,0,Premium,2022,3,1
2016-09-27,a162ad550017e6ccaab2a57f411a0d47155ab156b993beb844be35e12434edf4,SANTIAGO,Mazda,NEW MAZDA6 SDN 2.5 6AT (CN),Incumbent,propio,16199411.395110438,413786.15625,0.025543283404414033,0,Premium,2016,9,3
2019-02-23,9d202d01e3cd7512fd249d760e7bae90392326fcdf85ee0f2de707be1850fbbe,LA FLORIDA,Suzuki,ALTO K10 1.0 2AB GLX,Incumbent,propio,3476791.6449782155,219331.875,0.06308456111162056,0,Economy,2019,2,1
2018-10-26,feff35e46d4ad4fdfe5fc403ba83cf895a0fd1dac9780c1d0aeabff50bb8d1bd,MEJILLONES,Mazda,ALL NEW CX-5 R 2.0L 2WD 6MT,Incumbent,ces,13949845.409025704,1009925.0625,0.07239686411482146,0,Premium,2018,10,4
2016-12-22,fefcc8ab12d4ac310e472a82b1a44ccc903dfbeca8057d33a3507429b8a69080,PUCON,Mazda,NEW CX-5 R 2.0 AWD 6AT I-STOP,Incumbent,ces,14664714.285544531,1095966.75,0.07473495416684175,0,Premium,2016,12,4
2011-01-31,673a3372cb1716f12353beb28bdd388cebc3000ad3d33e02d2ba12cd5bb19cf8,PUDAHUEL,Suzuki,SWIFT 1.3 GA,Incumbent,propio,5241980.827195449,268540.84375,0.051228887056741494,0,Economy,2011,1,1
2017-07-29,7b1c66777bbce5b3cdff5913adba234a4a6cecff4f8d813b0f6ab007624fa617,MAIPU,Suzuki,CELERIO 1.0 GLX AC BT,Incumbent,propio,4656076.162571763,241449.203125,0.051856798448854546,0,Economy,2017,7,3
2015-05-29,2162538e523791067263fe94cc502c1f84ed1e6636626f8e7104ae00bc79b99f,PUERTO MONTT,Suzuki,JIMNY 1.3 JLX AB AC,Incumbent,ces,6477219.870409167,550588.25,0.0850037919069774,0,Mid,2015,5,2
2018-12-31,f74ed944aa4aab76612f20bd2f52131c169baa08f8dd9d777cedae476d329a70,SANTIAGO,Renault,MEGANE IV 1.8 HB RS T AT,Incumbent,propio,20473305.31433073,-1705294.5,-0.08329356075231988,1,Premium,2018,12,4
2021-01-29,57b67ed61dab0c2cabb3320199bbc4525323d7cd73e056c299c9c24c90c5b9b1,CALAMA,Renault,CLIO IV 0.9 HB AUTHENTIQUE E6 F2 MT,Incumbent,ces,8200707.215921345,352605.09375,0.042996912883980457,0,Mid,2021,1,1
2017-08-19,6bafe54aac1bcfddf3cb5c6b5b062373adb97b43e19af9240a4f2bd6c6c05ecb,VICUNA,JAC Cars,S2 1.5 4X2 SE CVT,Chinese,ces,7567663.441002059,401008.46875,0.052989733472727105,0,Mid,2017,8,3
2014-04-28,d1a3fb55b4733b97a1df1f00fab0fafdced6abb8606478319203ce1acb3c6013,ANTOFAGASTA,Suzuki,GRAND NOMADE 2.4 2WD AT GLX SPORT,Incumbent,ces,8667122.478105888,568235.8125,0.06556222251796102,0,Premium,2014,4,2
2018-05-24,e2aa8a981c3934193274340b7c28e83efc3fccf915560a3092948ec9ce6b1113,VINA DEL MAR,Suzuki,SWIFT 1.2 GL AC,Incumbent,ces,5245255.467675564,199481.4375,0.03803083352742784,0,Economy,2018,5,2
2013-08-12,9e3fee4048ad5345bfddc52a78592f8e2f1a26e4c20a69dadc36276b3329ed89,UNKNOWN,Great Wall,HAVAL H5 2.4 4X2 LX,Chinese,propio,6612764.166344548,431634.3125,0.0652729027744236,0,Mid,2013,8,3
2017-07-18,b4c8245e98adfb9ef7492d5b86d110deb32b0a7f9020b94385aa65d303dddfd5,QUINTA NORMAL,Mazda,NEW MAZDA3 SDN S 1.6 5MT,Incumbent,propio,7782765.700637147,-563076.375,-0.07234913611158858,1,Mid,2017,7,3
2020-12-29,ade67b9612b02ad1b5c2580f7d0bbbb2d5b2ee1da3677ca53c4353434faf9f19,LIMACHE,Changan,CX70 COMFORT MT,Chinese,ces,8133723.759695821,619039.0625,0.07610770672683262,0,Mid,2020,12,4
2011-08-05,31edc21a9c23b540a61188f4fb6ba8d07d75355dae434b0328ae8a0c1bd25fc3,PADRE HURTADO,Samsung,SM3 1.6 SEDAN LE P 3,Incumbent,ces,5269006.970726098,272689.5625,0.051753501943540205,0,Economy,2011,8,3
2018-04-30,ce3a3459ab58b88e10ba76c64266473a59c1f3c4ace94e4b6d150dfe2ff477d9,VINA DEL MAR,Renault,"CAPTUR ZEN 1,5 F2 DIESEL MT.",Incumbent,ces,9574751.422430964,598739.4375,0.06253315737234921,0,Premium,2018,4,2
2017-08-30,0b9f800bbc16eb79ba1cf0b4b9e33426a9e64247fb4429d47b26276d8fba2e2b,NUNOA,Suzuki,CIAZ SEDAN 1.4 GL,Incumbent,ces,6305890.273325186,369075.75,0.05852873012415756,0,Mid,2017,8,3
2010-03-04,a84e8d70b190cdfa431c9fbb1ffeaed81382339e10b14697eca41d7196c81ffb,SANTIAGO,Suzuki,GRAND VITARA 1.6 GLX,Incumbent,propio,7449634.257706307,413094.90625,0.05545170299101223,0,Mid,2010,3,1
2018-02-26,e651014366e7d5264b3868788227773bd0d5672108b7d3f66228ecd0dd808e50,LOS ANGELES,Suzuki,DZIRE SEDAN 1.2 GL,Incumbent,ces,5923507.919840939,405662.4375,0.0684834802265096,0,Economy,2018,2,1
2018-10-26,aea1fa5a6df7e82949591ad46015caef9950b37abfa50b8ce48f8819c66124d0,SAN IGNACIO,Suzuki,ALTO K10 1.0 2AB GLX AC,Incumbent,ces,4019390.366708704,276536.3125,0.06880056109763806,0,Economy,2018,10,4
2019-08-30,b21fe87a1fd023d04462cccdb081ef691f3f0d9e832646ddaad236e83637c32e,COPIAPO,Suzuki,BALENO 1.4 GLS,Incumbent,ces,6732969.038574595,421597.125,0.06261682217526643,0,Mid,2019,8,3
2017-11-30,3f4f70196b36fb291335088b2f19e328159a4f0f1f22fb46d2d908b892cb47b4,ISLA DE MAIPO,Renault,"DUSTER ZEN 1,6L 5MT 4X2",Incumbent,ces,7413032.221127279,678319.375,0.09150363235529682,0,Mid,2017,11,4
2013-02-26,7bfbde0b22435ff5dc4d478d217caf7b5544b80e9e2b628e49f96979599cfe1f,MAIPU,Renault,FLUENCE 2.0 SDN EXPRESSION MT F2,Incumbent,propio,6621571.918142663,214033.3125,0.032323640843281196,0,Mid,2013,2,1
2017-10-31,d215f6d4b2db8b56bff650486e6ea89e57f40c766fe650a413d3fe3d920f2b20,CORONEL,Renault,"DUSTER LIFE 1,6L 5MT 4X2",Incumbent,ces,5682903.419347897,604369.75,0.10634876319424594,0,Economy,2017,10,4
2012-11-12,e8eb61e895f1c827f7ceebbea933b9d159cad02e792094745cbc3428f4769238,ESTACION CENTRAL,Changan,CS1 1.3 ST,Chinese,propio,4359146.085423146,297885.25,0.06833568872493613,0,Economy,2012,11,4
2018-08-17,d9a9ac12f9e17068f4ff8829d4a6e6e6050f50879d565fc771de0953e486a0de,QUINTA NORMAL,Changan,M201 E5,Chinese,propio,3813884.0764032337,258942.0,0.0678945649140445,0,Economy,2018,8,3
2021-12-23,3d036a1e5b95b5f54ca29df638f1d9499969374f6b348d40cd1af9a7f541e8a1,SAN FERNANDO,Great Wall,POER 2.0 TD 4X2 DELUXE,Chinese,ces,15993704.60483087,1239200.0,0.07748048564218836,0,Premium,2021,12,4
2011-11-24,8b6ad3428acb2021c768cf42901d071f82590c1c34e477e74cafe5282b6adc64,PUDAHUEL,Renault,MEGANE III 2.0 HB DYNAMIQUE MT PACK,Incumbent,propio,7877437.254775763,83949.640625,0.010656973570193127,0,Mid,2011,11,4
2017-11-25,e0f0065e5a15ed2c57ecbfe03206d31c70f7431547ab9b5f7be6f24d9ec61ba8,CHILLAN,Mazda,ALL NEW CX-9 GTX AWD 2.5L TURBO 6AT,Incumbent,ces,23191819.99632265,930684.375,0.04012985505870482,0,Premium,2017,11,4
2021-07-31,f99112827d2a0d1b67b24151a15ac3823afcf00a1d3ddd82e2b0be86bfbc59e0,TALCA,Changan,CX70 COMFORT MT,Chinese,ces,8265239.423505059,622723.0625,0.07534241061778224,0,Mid,2021,7,3
2018-08-29,93f52a10c6d1ba06950d1954db5e8990311f3ec65ac51912f0068fb12e1026ca,VINA DEL MAR,Mazda,NEW MAZDA3 SDN 2.0 6MT,Incumbent,ces,9663603.74920872,470442.90625,0.04868193258529677,0,Premium,2018,8,3
2018-02-20,7737973c7c4eb4c8df185e4309323b174e682ae75f2e0e0ab560bdffc2fc85e9,PUERTO MONTT,Mazda,NEW MAZDA3 SDN 2.5 6AT,Incumbent,ces,13293050.436562687,1115294.125,0.08390054113782422,0,Premium,2018,2,1
2012-10-18,648dcfecc8c8bb50e6459db984a513d98279e2fb0bc6c4d9feacb282a87c8f1b,PUERTO MONTT,JAC Cars,J2 1.0 5P SE,Chinese,ces,3737335.542391431,260940.71875,0.06981998693727948,0,Economy,2012,10,4
2015-05-31,5ff70c2a5805894987352731de64f39fad8f5b273f57b72aaa7c7ab318a4878d,MACHALI,Mazda,BT-50 D/C 2.2L 4X4 SDX 6MT,Incumbent,ces,14616650.225119345,924023.0,0.0632171520675802,0,Premium,2015,5,2
2021-09-27,8507f793cc41ce27ee77b61afa9348ab31d356afa5972b4067e7714b3b67e9e9,PUDAHUEL,Great Wall,WINGLE 5 G 2.2 4X2 ELITE,Chinese,ces,8050450.919372554,695200.0,0.08635541126361942,0,Mid,2021,9,3
2015-11-26,c1f8131cf6ef8fc9c2740e62df120dd8cb5e289fc04305efa7d12bc6df7c51cc,SAN VICENTE,Great Wall,C30 1.5 SE,Chinese,ces,5992478.429608407,296976.375,0.04955818840042226,0,Economy,2015,11,4
2018-09-06,91022e00dea8fc3e29a789b003747e87dceb5ded5879e447d818517ec8a5d63b,LAS CONDES,Mazda,ALL NEW CX-5 R 2.0L 2WD 6AT,Incumbent,propio,12139372.611523427,558943.625,0.04604386428252617,0,Premium,2018,9,3
2012-11-30,137cc03051e43188b63a3aa343847572171b22d9ff4d208eb4b246e085711310,QUINTA NORMAL,Great Wall,WINGLE 5 2.2 4X2 SEP,Chinese,propio,5640179.780267004,154961.0,0.027474478835258723,0,Economy,2012,11,4
2012-08-23,be7b832b4b33c7ed924d8b27d3a591162fcb6a2d26312c2704b3499487726ebf,QUILLOTA,Geely,NEW CK 1.3 16V GS,Chinese,ces,3338932.3297211146,198127.28125,0.05933851353811314,0,Economy,2012,8,3
2018-09-15,bb2f0b92905bd7b4ae88d41fa2eb93f2fa5121e460dae0bb2dc76e3c7cc1c026,SAN BERNARDO,Changan,CX70 ELITE TURBO AT,Chinese,ces,9407251.616940526,328478.90625,0.03491762733958099,0,Premium,2018,9,3
2017-07-28,edf7abd9b6fdecc1511afca19de3826d1fe71a6de242e8cd3112916ae8f2fb7e,LA FLORIDA,Great Wall,M4 1.5 LE,Chinese,ces,6072503.806161204,495365.3125,0.08157513413122919,0,Economy,2017,7,3
2016-03-12,ff9acf6e6706262b7911920b7dcfbe9643ec3a56aa8d5dfcec5c1cba1467fb3d,LOS ANDES,Suzuki,VITARA 1.6 4WD LIMITED 2T,Incumbent,ces,11827035.20586611,723024.3125,0.06113318341534876,0,Premium,2016,3,1
2017-05-31,c9a279c074f34fe0c18bf5ed882eeeb96994c6b8f23c66459818ce33163f34f8,RANCAGUA,Suzuki,BALENO 1.4 GLX,Incumbent,ces,7990488.739300354,691764.75,0.0865735216667824,0,Mid,2017,5,2
2020-12-16,b17d3780ee1e1982458840f2b2a49272f4f821f04571b1af63e393bd651f3877,TALAGANTE,Great Wall,M4 1.5 EN,Chinese,propio,6601519.759247244,445380.96875,0.06746642969993712,0,Mid,2020,12,4
2018-04-19,389a151ff6141a85b5625af62a4dba335359eb543489ff813ab610fe123e01ac,NUNOA,Mazda,ALL NEW CX-5 GT 2.0 AWD 6AT (C.N.),Incumbent,ces,17593292.585943818,707113.0625,0.04019219592044691,0,Premium,2018,4,2
2010-05-31,5b6b7a4c9846918bd94423cc2395599c429e6b959316e00570f811f8deba8b0f,CALAMA,Great Wall,SOCOOL 2.2 4X2,Chinese,propio,5615829.841145057,300830.0,0.05356821850190912,0,Economy,2010,5,2
2017-07-22,3635a7ba1f6a78a307880da396cb94bcdb00d8f301b060f1fbffa653f9085f48,SAN BERNARDO,Suzuki,SWIFT DZIRE SEDAN 1.2 GL AC SPORT,Incumbent,ces,6209975.442279169,281058.25,0.045259156435060996,0,Mid,2017,7,3
2014-06-30,942b55861e72d4e5ed724c2fa49b178be6fa7f4ea35b8e4f9a55bbf960037049,SAN RAMON,Mazda,MAZDA3 SPORT V 1.6 5MT SVP,Incumbent,propio,8032879.689844068,337935.09375,0.04206898482212422,0,Mid,2014,6,2
2019-03-12,bb4a0060441cd499bb0ce0ccbd850010be118b91090b6560310f86bc5c4e4d98,TEODORO SCHMIDT,Suzuki,ALTO 800 2AB GL,Incumbent,ces,3630063.618867473,226218.71875,0.062318114088748926,0,Economy,2019,3,1
2010-10-29,775885ef30a5a0b9de01e2b13ee402c8b385fa580fc1368e28be94dd909f6678,TEMUCO,Suzuki,SX4 SEDAN 1.6 GLX SPORT,Incumbent,propio,6470171.602059382,414484.8125,0.0640608685507003,0,Mid,2010,10,4
2018-10-31,0d6ede93ac0c52848c6f91fca75884590f2c3f08da94aa8ad42fc7195123d69d,ALGARROBO,Suzuki,BALENO 1.4 GLS,Incumbent,ces,6052757.951324254,393682.125,0.0650417756939823,0,Economy,2018,10,4
2021-07-30,94542126967c2ddc1b047656f4b1ceebdb86bad195592d1f9380753dc3e28090,COQUIMBO,Suzuki,SPRESSO 1.0 GLX AC,Incumbent,ces,6994566.944500539,553949.625,0.07919712962866722,0,Mid,2021,7,3
2013-12-31,7593851ed424213c580c5b4bc5817fe07160b257c3ea102fa0b0e62d79752491,SAN BERNARDO,Changan,CV1 1.0 BS,Chinese,ces,2802904.8488660334,231990.203125,0.08276777687221737,0,Economy,2013,12,4
2015-11-13,2e8f0a09340cdc62cfda7f127f53128e1feb9503c79a3d88fd503a492f77c321,MEJILLONES,Great Wall,HAVAL NEW H3 2.0 4X2 LE,Chinese,ces,7908706.916677254,488066.90625,0.06171260503038786,0,Mid,2015,11,4
2022-01-28,ec01552fcf0b7751d2747c0297da89dde5bf076c37c8a542d6a6abaace5cb871,SAN FERNANDO,Suzuki,VITARA II 1.6 GLS,Incumbent,ces,12306706.082763655,1074958.0,0.08734733670982431,0,Premium,2022,1,1
2014-07-29,d5259fb28f5f308ae5bbe269ee518d87789d4e1080419287fd7cd2f8383e5837,SANTIAGO,Mazda,CX-5 R 2.0 2WD 6AT I-STOP,Incumbent,ces,12166940.894751595,987562.9375,0.08116772704353327,0,Premium,2014,7,3
2020-03-06,fe4fd2c1b8f129821c2043870c12ad63bb8b030ac2fbdf5427cd323164c6f5ec,LA SERENA,Suzuki,SWIFT 1.2 GA+ AC,Incumbent,ces,7402018.395926651,458411.75,0.06193064181686783,0,Mid,2020,3,1
2015-11-09,a12d894b85525b3480d52f1fd491a8ceb3e68c9883d47f8685f8a4f04c2ef995,ARICA,Renault,SYMBOL 1.6 SDN DYNAMIQUE MT NEW,Incumbent,ces,6244531.683052118,237984.0,0.038110784295625734,0,Mid,2015,11,4
2010-09-16,686ff102eeea990761e9878675cb3765264d06b32d97b855409e0695f899b10d,LAMPA,Suzuki,CELERIO 1.0 GLX AC,Incumbent,propio,4011539.2046295824,205605.046875,0.05125340583427881,0,Economy,2010,9,3
2015-05-18,30ed26e8f580fab419a2e77275038ef73e2d1be51cff1ba19b9a2b0fbd7b2626,RANCAGUA,Mazda,NEW CX-5 R 2.0 2WD 6MT I-STOP,Incumbent,ces,12072052.941882716,816151.0625,0.06760665037082879,0,Premium,2015,5,2
2013-02-09,3b54d0dc2275764ba5407cf9197b19df857ebfa71087ad1879677771938abe7f,COQUIMBO,Suzuki,SX4 SEDAN 1.6 GLX SPORT,Incumbent,ces,6412811.369998114,431764.375,0.06732840716631386,0,Mid,2013,2,1
2012-02-27,96425e2704c460234c48bdbdf24e4d6cfd00e7d32b275b5c01b4f13946ef7885,LO BARNECHEA,Mazda,MAZDA3 SPORT 1.6L V MT,Incumbent,propio,9558394.98314631,487161.53125,0.050966875935654465,0,Premium,2012,2,1
2017-10-31,672dc221856b50f9cf358b77327401e02185d9d783a4a18ad6c279057a7aaf41,LITUECHE,Suzuki,BALENO 1.4 GLX,Incumbent,ces,7244371.603151321,691764.75,0.09548995936363625,0,Mid,2017,10,4
2016-05-31,6829bd53949626c03775a2ef1f07a3206f795467e02e9fac0c9d14661f0ac86c,MACUL,Mazda,NEW MAZDA6 SEDAN V 2.0 6MT,Incumbent,ces,11635432.0382093,510679.6875,0.043890049447497255,0,Premium,2016,5,2
2018-02-28,91ffe64a2b990db00a6b6d23c46499242a2164105d439244b3f581cfa9127f24,PUERTO MONTT,Changan,CS15 COMFORT MT,Chinese,ces,5880223.7761462685,490084.0,0.0833444471940126,0,Economy,2018,2,1
2018-09-29,4d3b5c7e943184e89d8b8dd9408cceecb935d2782a062c635ee98c86b60aa3e1,LOS ANGELES,Suzuki,BALENO 1.4 GLX,Incumbent,ces,7240052.628010781,309455.71875,0.04274219189412489,0,Mid,2018,9,3
2021-08-19,5197f3b10237de4f7f8c3fdca8632cba8ba45ee16f0883ef52f0e4e81d44910b,PUENTE ALTO,Changan,NEW CS15 LUXURY MT,Chinese,propio,7580824.0284749055,604745.125,0.07977300656610299,0,Mid,2021,8,3
2022-02-11,f42062da40b5b4bba2a11fbc966f4fb5ce05954262e63216e7ab5ce2bc0af7e7,PEDRO AGUIRRE CERDA,Renault,SYMBOL ZEN 2 C,Incumbent,propio,7843197.629450726,691764.75,0.08819932668819484,0,Mid,2022,2,1
2018-03-23,20ce4d3132c5f270a8c1e5dfc29d640557dcdf48de4db73229a35d8024676054,COQUIMBO,Mazda,ALL NEW CX-5 R 2.0 2WD 6AT,Incumbent,ces,13653622.21436024,604824.25,0.044297713859687296,0,Premium,2018,3,1
2016-11-29,148965a3d0a922be8f43859761a0300ef158e21cd1236625d527b5bcd2eae58e,TEMUCO,Renault,SYMBOL 1.6 SDN EXPRESSION,Incumbent,ces,5618151.148651856,375798.1875,0.0668900101753541,0,Economy,2016,11,4
2019-01-15,8cc04039194e285f37583e62427216ab54f928e50d160425580527f9857e41e8,ANTOFAGASTA,JAC Cars,S2 CE COMFORT SMART 1.5 MT,Chinese,ces,5366885.16361986,293645.4375,0.05471431352593761,0,Economy,2019,1,1
2018-01-13,8fec5e0f5b07a9b91f30b4a708546854236883c472413b00f912ff96f84e62b9,MACHALI,Mazda,ALL NEW CX-5 R 2.0 AWD 6MT,Incumbent,ces,13636435.013132364,1054862.625,0.07735618759478782,0,Premium,2018,1,1
2021-07-29,baad8df3e275f4198841c908d855405c2278d1f51b775359707dfd4437915cb4,SANTIAGO,Changan,CX70 COMFORT MT,Chinese,ces,8621293.997534579,430171.09375,0.049896348955622616,0,Premium,2021,7,3
2021-10-28,87f1c6c3750e83423b23caf90d5311c5e6e97253d53cead5d4b0581c3c5863e0,EL BOSQUE,Suzuki,BALENO 1.4 GL.,Incumbent,propio,8065302.006503008,570963.1875,0.07079253660180804,0,Mid,2021,10,4
2019-04-12,fa0234672c44096aebffac29e80cf2af4e8fadfe5db490a1293f14a570fa4a8d,PROVIDENCIA,Mazda,ALL NEW CX-5 GT 2.0L (CN) AWD CA 6AT,Incumbent,ces,17168334.601929888,690084.5,0.04019519167120775,0,Premium,2019,4,2
2015-08-24,d224fa011e7187e97c918cd88dc6a692834779f3c853ba1d8c77822ca847be97,COLINA,Suzuki,S-CROSS 1.6 GL,Incumbent,propio,9214779.821905674,420235.875,0.045604548683952445,0,Premium,2015,8,3
2021-08-30,e7f017c83fc25e1f637ad49f9839627ed34d512a622732f97b98d6b48bad9b8b,VALPARAISO,Mazda,NEW CX-5 GTX 2.5 T AWD 6AT PLUS,Incumbent,ces,23264079.385601584,1264266.625,0.05434415022596895,0,Premium,2021,8,3
2019-02-07,3331bb85a343cd3f6c2b0aba3faa6af8f64ca4e92505d54b8f34750ec2e14d01,PUDAHUEL,JAC Cars,GRAND S3 SE LUXURY 1.6 MT,Chinese,propio,6953777.103267068,244391.765625,0.03514518253830401,0,Mid,2019,2,1
2020-07-17,fb5dad8f05cfca82933a54c0a260278988ca539c38c938dd2df9b0b6bb202f87,SAN PEDRO DE LA PAZ,Mazda,ALL NEW MAZDA6 SDN V 2.0L CA 6MT,Incumbent,ces,11789444.083870064,663511.5,0.05628013460853468,0,Premium,2020,7,3
2021-09-29,2d41f0fc9bab1f74c3b62bcde5c5fa2ae0f955d53a9011650e04c9267bfd24cc,CALAMA,Suzuki,SPRESSO 1.0 GLX AC,Incumbent,ces,6255597.288232355,476638.25,0.07619388333974479,0,Mid,2021,9,3
2017-04-26,c5c2a8ad92fdaf6569cf97a15136560990b7f7337857183d03e512b0d683837f,PUENTE ALTO,Suzuki,VITARA 1.6 4WD LIMITED,Incumbent,propio,11022704.226004608,596718.3125,0.054135382775873694,0,Premium,2017,4,2
2018-10-08,4d6b671e48f4ec5e016383a290fde5d10a552f7994ced808566014ff467e56b6,HUECHURABA,Mazda,NEW MAZDA3 SDN S 1.6 4AT,Incumbent,propio,8100628.851589554,529881.3125,0.06541236763316512,0,Mid,2018,10,4
2022-02-25,10eeaaf32e04cc1a108132b8650efc35b986934051fba70e9601858dadfc8c23,QUILPUE,Renault,"DUSTER II LIFE 1,6L 5MT 4X2",Incumbent,ces,10782874.586678931,793444.9375,0.07358380468230753,0,Premium,2022,2,1
2020-09-21,7af056f3d1210d87063c8d40cf239433066bd627f67200a36ea2026bdd1233a7,EL BOSQUE,Great Wall,WINGLE 7 2.0T.D 4X4 DELUXE,Chinese,propio,11806069.258641336,1001404.0,0.08482111853333676,0,Premium,2020,9,3
2019-03-19,05de706c9dc0dc9154a1fbba675d2e28c34aa4c2db4b514bd78bd9f2fad6b5b5,QUILLOTA,Great Wall,M4 1.5 LE,Chinese,ces,5237669.808299511,495349.3125,0.0945743681121477,0,Economy,2019,3,1
2016-01-27,0d92caa4bc65e06a4c385ea5e3a77c1766553a96cdfba84165ca545cbe73354e,NUNOA,Suzuki,SWIFT 1.6 SPORT,Incumbent,ces,8147337.128350025,691764.75,0.08490685227605085,0,Mid,2016,1,1
2021-11-08,e2c3c59884318ddb701c6bddb419059cb4a091296adda49baf298ae587b3601c,SAN BERNARDO,Suzuki,SPRESSO 1.0 GLX AC,Incumbent,ces,6484087.400896999,540504.25,0.08335856946117466,0,Mid,2021,11,4
2019-04-23,c1e849ebec2899fdf66d3fa87df166618026d69ec9a30615dd9b7a88106e524d,CURICO,JAC Cars,S2 1.5 4X2 SE,Chinese,ces,5176945.510381265,217479.0,0.04200913445271774,0,Economy,2019,4,2
2020-12-21,46071f65855b55f9f788662919177ca31c426e1b6d099e8b6b1a126c4910a881,SANTIAGO,Suzuki,JIMNY 1.5 AT GLX,Incumbent,propio,12781625.307477994,906028.8125,0.07088525838493485,0,Premium,2020,12,4
2019-01-30,ce43f20dc73a580b69caf34cc8f907e331902d819b334d6cc716b76dbb75b2ca,LA LIGUA,Suzuki,DZIRE SEDAN 1.2 GL SPORT,Incumbent,ces,5598597.794097783,342943.25,0.06125520400153437,0,Economy,2019,1,1
2017-09-07,ba4a71238bb08ca13a9b0c058f3977c792b7ec0ba2ce91a1502499d27742eab3,LO BARNECHEA,Mazda,ALL NEW CX-5 R 2.0 AWD 6AT,Incumbent,propio,14627753.115549125,823377.5625,0.056288724317117414,0,Premium,2017,9,3
2018-03-09,adf264e10a7681e2fd275bfe5b2f576d855bf4bc18abaeaba6fc7cdd635fc85f,SAN JAVIER,Renault,CLIO IV 1.2 HB EXPRESSION E6 F2 MT RI,Incumbent,ces,6787813.914435691,331689.1875,0.048865391962881345,0,Mid,2018,3,1
2019-11-04,a5b566abf611a631304f60aeab69f707e15302607bab22f7b991b2a03ff5a721,QUILICURA,Suzuki,DZIRE SEDAN 1.2 GL,Incumbent,propio,5595256.855626762,304291.875,0.05438389744234794,0,Economy,2019,11,4
2021-05-27,2be2e96ed30d94e6745c646f00d55adaa52a0428f0534bd721a608857e788632,CURACAUTIN,Suzuki,SPRESSO 1.0 GLX AC,Incumbent,ces,6495790.09486339,427899.59375,0.06587337144535595,0,Mid,2021,5,2
2017-12-15,ff9684b29c79a2590276f86260f85e5962b3c838a08415bb7026667aceca3e6d,LONGAVI,Great Wall,WINGLE 6 2.0T.D 4X2 DELUXE F2,Chinese,ces,10949661.545625834,971983.0,0.08876831452277055,0,Premium,2017,12,4
2021-01-30,671942b77b8fbe8361ba8cfdd4f98e13f0d4297b0c94309b67b9babb8c75c3bb,PUENTE ALTO,Changan,M201 PASAJEROS A/C 2AB,Chinese,propio,6369062.905304694,535866.8125,0.08413589573023134,0,Mid,2021,1,1
2013-03-15,5b2cd2b6a65536768979faced1d7166bac8c1dc59fbb5079b92c6a2c6dd28745,VINA DEL MAR,Samsung,SM3 1.6 SEDAN ENTRY DECO,Incumbent,ces,4370898.201128793,329977.03125,0.07549410122724497,0,Economy,2013,3,1
2013-09-14,da23994e609918f41de8f05949d710f0d57f8368463be5f62d43fdf732eb1680,RECOLETA,Great Wall,HAVAL H3 2.0 4X2 LE,Chinese,propio,6202979.126946788,332441.15625,0.05359378928196284,0,Mid,2013,9,3
2013-04-03,2bc4456b764be8a1b82cda309420da7473f9c7c632ce2b1bd7ff81b84dde2c50,VINA DEL MAR,Suzuki,JIMNY 1.3 JLX SPORT AC,Incumbent,ces,5767987.515186154,343773.71875,0.059600288288575665,0,Economy,2013,4,2
2016-10-15,16678c6b40fdd684b10d921e88e2c33933502b646ab9d72b8de46a42ab8e6c0b,CATEMU,Changan,MS201 DC PICK UP,Chinese,ces,4916463.359776292,281108.0,0.05717687276993984,0,Economy,2016,10,4
2020-10-08,bceae218d04a7de4e41208db18397b27cf84201163f22c47019858b232129687,LOS ANDES,Changan,CS35 PLUS COMFORT MT,Chinese,ces,8233639.675125631,591210.75,0.07180430202527403,0,Mid,2020,10,4
2014-02-17,0ce3753d1041099934dd5cc406c88c3bdc20ac83e675ad998219bf9d9ee34c3a,RECOLETA,Renault,FLUENCE 2.0 SDN AUTHENTIQUE MT F2 NEW,Incumbent,propio,5579313.227823244,337064.4375,0.06041324868069916,0,Economy,2014,2,1
2021-05-27,7889a3cb04f6441d3e04ceddaa4ff93b233d6fdd00116e058fef8f877a87539a,VILCUN,Suzuki,SPRESSO 1.0 GLX AC,Incumbent,ces,5902682.076643047,553949.625,0.09384710506296493,0,Economy,2021,5,2
2021-05-31,f9fb1bfc5c38e07f8497d56591d1c366983203875243d37b4bc7a3ec7dd6cda5,OLMUE,Renault,KWID 1.0 HB OUTSIDER 4X2 MT,Incumbent,ces,7031545.9260355225,604369.75,0.08595119143888627,0,Mid,2021,5,2
2014-06-27,857315a6293464945801644089cc38f28e97523e4edc1220de44306ed072a0bc,LA SERENA,Suzuki,GRAND NOMADE 2.4 2WD GLX SPORT,Incumbent,ces,7841109.49754193,431436.625,0.05502239512600212,0,Mid,2014,6,2
2011-12-15,eb854e89544bf7c54712ca38a22154abce491a80d7fca38c7372faf0fce9b29c,PROVIDENCIA,Mazda,MAZDA2 SEDAN V AT,Incumbent,propio,6780748.238575363,322201.40625,0.04751708733514262,0,Mid,2011,12,4
2017-12-20,d5ca1621e4938154359cf628d9601456f6c6990652253a2937b9b9a9fa4be042,PUENTE ALTO,Suzuki,SWIFT 1.2 GL SPORT AC,Incumbent,propio,4936772.506212242,-409699.84375,-0.0829894112468115,1,Economy,2017,12,4
2019-01-17,46961a548ee9c3d94d9bbaa6f217e704014416a2d88d2559ad21c078e204fbd5,LAMPA,Mazda,NEW MAZDA3 SP 2.0L 6MT VOLANTE CUERO,Incumbent,propio,9226642.625467204,516133.71875,0.055939493887557486,0,Premium,2019,1,1
2011-12-27,4eb8c3081b445c7c314bbc7aae809f4d79ba9ab9333afddd612d1fee32756b5c,LAS CONDES,Mazda,MAZDA3 SPORT 1.6L V MT,Incumbent,ces,7891017.114955722,554763.9375,0.07030322319901759,0,Mid,2011,12,4
2013-01-14,e6fbbac2beda6e97ff2361bb2c3b9f612646b81574048a830ae47b847cd2bad3,LOS ANDES,Suzuki,ALTO 800 GL2,Incumbent,ces,2800641.137215876,221176.484375,0.07897351839760236,0,Economy,2013,1,1
2014-12-26,6c1f8fd050a4dc6dc921b6656bb3939a0ba536093cd4255b5cc3c24f1cf35cbb,QUILICURA,Suzuki,ALTO 800 DLX,Incumbent,propio,3457409.7314379048,122905.71875,0.03554849679296895,0,Economy,2014,12,4
2010-12-30,e092c32f130bb8fbfa852753a3838c746bb77a58997777dfc95a2c1cfe3a32c0,MAIPU,Suzuki,CELERIO 1.0 GLX AC,Incumbent,propio,4121105.452311888,-322941.40625,-0.07836281065529006,1,Economy,2010,12,4
2018-06-19,5a5f2b3d7dcfd99db3a88d84f0934b43e17bbc164624920b22de7363a7451690,MACHALI,Suzuki,BALENO 1.4 GLX,Incumbent,ces,7216081.099220877,691764.75,0.09586432586999197,0,Mid,2018,6,2
2017-03-31,4f6f93ac5642315506b45a702135374b33f1c57ea321cdbd81a8e62eb7713497,VINA DEL MAR,Mazda,NEW CX-5 R 2.0 2WD 6MT I-STOP,Incumbent,ces,13095170.594551794,544201.375,0.04155741012082831,0,Premium,2017,3,1
2020-07-27,774b93b9462919291cf4b70174ba62505d2acd2e9bbe1f957fc13cc4c8d79abe,SAN JAVIER,Great Wall,WINGLE 5 2.0TD 4X2 LUX,Chinese,ces,9485815.101489104,479600.0,0.05055970360677928,0,Premium,2020,7,3
2015-02-24,df1f3895b1c50239482340972581d6e1ef6c385c9ffc96e812b7e0e7337c7dbf,CHANARAL,Geely,EX7 2.0 4X2 GS,Chinese,ces,7123659.826291797,533568.375,0.07490087792102612,0,Mid,2015,2,1
2020-02-13,ef3d4509ac28e84e26bb86f14baaddd2274c4409666aa01fda34f9bed32f577a,EL BOSQUE,Suzuki,BALENO 1.4 GLS,Incumbent,ces,6401926.835077126,243047.40625,0.03796472726278384,0,Mid,2020,2,1
2021-01-30,2508cb67843efcbb517ff886bde1229fddc88aac14bc287ea40fab1a6de29ef6,PENAFLOR,JAC Cars,T8 CE COMFORT 2.0T DIESEL MT 4X4,Chinese,propio,11962609.680796657,873552.75,0.07302359379009893,0,Premium,2021,1,1
2017-10-30,6cd9ed90fa2fb12e55fd6675a3106b74d7bf6ec77aa3c543e9691c5146482f9d,LAMPA,Suzuki,SWIFT 1.2 GL AC,Incumbent,propio,5375368.301623766,276815.4375,0.051497017872502035,0,Economy,2017,10,4
2015-10-07,3c7a43cc5cd09c26a622e9413faf8d06728a7c465e504e4b134c26f9c2851f8b,SAN FELIPE,Renault,MEGANE III 2.0 HB DYNAMIQUE MT PACK NBI,Incumbent,ces,9022356.425205806,607357.8125,0.06731698282315927,0,Premium,2015,10,4
2018-01-12,ac03d2f17d48ed036259f78f883be21a10f1fdeb48a3a2d22cabcd25967ae7b5,TALCA,Renault,"DUSTER ZEN 1,6L 5MT 4X2",Incumbent,ces,6866792.05152425,298775.375,0.04351018244883062,0,Mid,2018,1,1
2018-01-19,2831f955f041ce47209ddefe1b4915284e359a7fff2fc030ed2738dfd48699e3,PROVIDENCIA,Suzuki,CELERIO 1.0 GLX SPORT AC BT,Incumbent,ces,4886956.943444771,249408.28125,0.05103549798705499,0,Economy,2018,1,1
2013-05-08,275fbf07285178cba902d6045b112a7e5b9a1af5a633ab5db7ddd3a05c1d5ef8,LO BARNECHEA,Mazda,MAZDA2 SPORT S 5MT AC,Incumbent,propio,6425090.548200035,344165.09375,0.05356579664802025,0,Mid,2013,5,2
2012-09-28,83515efaae517a05a10fa2423788e241216bcf73853286f72c9291a118849b60,CHIGUAYANTE,Suzuki,ALTO 800 GL2,Incumbent,ces,2966534.2542553605,179372.203125,0.06046523914824129,0,Economy,2012,9,3
2015-02-27,59c36b6441e3e1069a191554176c79ac610c95a37919d49325991417d0923396,CODEGUA,JAC Cars,J3 1.3 VVT SPORT BSE CROSS,Chinese,ces,3925219.826929397,416974.75,0.10622965550599216,0,Economy,2015,2,1
2020-02-13,92372805ac676abbf5c8a03a2586fbb6313bd4cf28f767643f808a33b15ad9dd,PUDAHUEL,Suzuki,BALENO 1.4 GLS,Incumbent,propio,5901486.114775109,339614.40625,0.05754726854304255,0,Economy,2020,2,1
2014-11-18,bbae190a5a7312d4490eb61169cbca19d75f8f4bb7c6dc3cff436469703fdc7b,VINA DEL MAR,Great Wall,HAVAL H5 2.4 4X2 LX,Chinese,ces,7857114.506480535,476638.90625,0.06066335241224613,0,Mid,2014,11,4
2019-12-28,2a23915dc80ab31ccce29e99d593ad7b40e8ac40b57ff31c1eff97b175735099,SANTIAGO,JAC Cars,S2 CE COMFORT 1.5 MT,Chinese,ces,5306969.572635943,230067.640625,0.043351980348876704,0,Economy,2019,12,4
2014-08-30,2afe581e610b90438077b4d5e36993fe47b6537ab21475980adb12cc20d0e099,SANTIAGO,Mazda,NEW MAZDA3 SEDAN V 2.0 6MT,Incumbent,propio,9464863.973616306,516275.40625,0.05454652150196123,0,Premium,2014,8,3
2019-04-18,b532a574dfd459d65ff31f0dd6a896df74302680a4b69b58d07a0ac39589ec30,CALAMA,JAC Cars,S2 1.5 4X2 SE SMART,Chinese,ces,6583035.188003998,359796.875,0.05465516509096647,0,Mid,2019,4,2
2011-06-17,c8eed26607e84dcc88bdf6387bc61a0f644b89471d5093c2a149aa8ace32ec9f,MAIPU,Samsung,SM3 1.6 SEDAN ENTRY 3,Incumbent,propio,4567921.97157585,243277.6875,0.05325784656870433,0,Economy,2011,6,2
2019-01-26,1c21f81e634f2e71f223381b81636c0942bdbb57bccbdcf649c101e3086d006a,COQUIMBO,Changan,CX70 ELITE TURBO MT,Chinese,ces,9254349.264310766,557311.0625,0.06022152898953795,0,Premium,2019,1,1
2014-02-06,863c1dead50a7ee5a4346feaeea6313152872ec5f9c21c5bab842bd2d03ba4aa,QUILICURA,Renault,KOLEOS 2.5 EXPRESSION 4X2 MT FASE 3,Incumbent,propio,9634274.368527483,548114.375,0.05689212846071091,0,Premium,2014,2,1
2019-08-30,ccaf8841c2b51d44b8c2ae11926a88d8719f7c3ecfefb9ac8c9e973b18949a60,PUDAHUEL,Suzuki,JIMNY 1.5 GLX,Incumbent,propio,9638645.288105872,522623.40625,0.05422166607738117,0,Premium,2019,8,3
2019-05-20,194b6c18fd324e21ce76686ffb0edaff19a3e9a5b1e655da7715d7b1c32c73f0,LAS CONDES,Haval,HAVAL H6 AT 2.0T 4X2 ELITE,Chinese,propio,9551499.676794669,-696979.375,-0.07297067461493074,1,Premium,2019,5,2
2021-01-28,718ae04289f49a633125e1767cd9507f974e0ca30c9aa2085b2c7b773eb085e6,HUALPEN,Suzuki,SWIFT 1.2 CVT GLX PLUS,Incumbent,ces,10376455.44422302,761509.625,0.07338822289493492,0,Premium,2021,1,1
2015-11-26,d068876553b19387d32071e7bbfd56e37a4fe506b7e6ecb7ea86645f36ce38a8,COPIAPO,Great Wall,HAVAL H5 2.4 4X2 LX,Chinese,ces,7906454.124968637,685371.0625,0.08668501096282763,0,Mid,2015,11,4
2014-03-31,303228bffe1f592df1197aded4767324eed5d46883d36dfc4b64130acb614f29,NUNOA,Mazda,CX-9 GTX AWD AT,Incumbent,propio,20355248.808939684,1425087.125,0.07001079369632296,0,Premium,2014,3,1
2020-12-29,8d95befa9fa930d43fa1da5df6ddfc69df1210256b2fe264ca3613423ca8cf93,SANTIAGO,Mazda,ALL NEW CX-30 S 2.0 2WD 6MT 7G,Incumbent,propio,13148196.832531683,920836.0,0.07003515476142239,0,Premium,2020,12,4
2018-03-29,898dceb746eab8270226979ee6bea2383ddb50c911051e4023783e24114aed0e,RAUCO,JAC Cars,S2 CE COMFORT 1.5 MT,Chinese,ces,5818710.7816943545,215868.5625,0.03709903629840511,0,Economy,2018,3,1
2019-08-23,473f8def91ca6baf8bf2c66e5097e15360b92c3675285326ff02558650d23b14,LA SERENA,Suzuki,GRAND VITARA 1.6 GLX NAV,Incumbent,ces,7651704.338569041,772436.9375,0.10094965818353284,0,Mid,2019,8,3
2020-12-28,ff24f67f30e70d21fd0ea074ae9870dc027b5056049cd83be7cefca457e2a8d9,PENAFLOR,JAC Cars,S4 SE LUXURY BICOLOR 1.5T MT,Chinese,propio,9609781.563942004,782378.5625,0.08141481232369058,0,Premium,2020,12,4
2012-07-30,6646ac21d991f059d1cc0c95f9e63334921d0807f7459aef0764b77358481daa,QUILICURA,Samsung,SM3 1.6 SEDAN ENTRY DECO,Incumbent,propio,4372632.85470728,314016.59375,0.07181407728113991,0,Economy,2012,7,3
2014-08-16,9588a3de3e3cb3f236f19f63bf0a006e2aa8a1388d9c2d41c7998d4d42531f2a,MALLOA,Great Wall,M4 1.5 EN,Chinese,propio,5917205.177931088,347855.0,0.0587870438053029,0,Economy,2014,8,3
2019-04-29,708bd042bdb8a621e64522a514f8c719a32ba6d419bc45099fe3603c368fc5f0,SAN MIGUEL,Changan,CS15 LUXURY PLUS,Chinese,ces,5837557.376399441,290409.4375,0.049748451068608125,0,Economy,2019,4,2
2011-08-27,1d37b4d486618051a26d644a4cce6418cdd33d7a21e84bc8cd77378f3b5deae5,SAN ANTONIO,Renault,KOLEOS 2.5 EXPRESSION 4X2 MT,Incumbent,propio,9471257.76098637,576467.5,0.06086493626797511,0,Premium,2011,8,3
2021-06-30,05df6959a4e1fc4cda1b5282c38c794119c1452a8597e3533efef395262e4e99,SANTIAGO,Suzuki,CELERIO 1.0 GLX AC BT,Incumbent,ces,7027415.367673634,464874.40625,0.0661515481763664,0,Mid,2021,6,2
2014-08-30,db873a1551cd24dc3319e4f31fa9b80ac9d56489019a457d10fa29512edf2817,LAS CONDES,Mazda,CX-9 GT AWD AT,Incumbent,ces,16861416.85156743,732437.375,0.04343866126125178,0,Premium,2014,8,3
2020-10-02,800ad1a09bfe390d006706d2a28d6a136a3e5c74912990f69b4b8e430ace21ea,SAN FELIPE,Renault,SYMBOL INTENS,Incumbent,ces,6924204.661216042,556638.75,0.08039027978445716,0,Mid,2020,10,4
2012-06-08,6e3b73f94216e7d7e459666d2865b756b28b45a4ff6b4da846daca082b35483f,PUDAHUEL,Suzuki,GRAND NOMADE 2.4 AT LIMITED,Incumbent,ces,9869918.774226423,356046.84375,0.036073938590027145,0,Premium,2012,6,2
2013-11-21,c7b799f2a59207a66e79441ea677a07c0d5aa8ba8cb9b6461e532f05fb723df0,PROVIDENCIA,Suzuki,SX4 1.6 CROSSOVER 4WD,Incumbent,ces,6995926.451223448,365464.3125,0.0522395875725777,0,Mid,2013,11,4
2011-06-03,1bcb63f98b917fcc0cb12ea19032838f609cdac91c575c32f16e1cfe2601136a,SANTIAGO,Samsung,SM3 1.6 SEDAN ENTRY DECO,Incumbent,propio,4498888.542915685,222269.234375,0.049405365848639034,0,Economy,2011,6,2
2020-09-11,345f56744c7875b227757f6f9dad54bc29754d85e63c5b5b5f827ad7e97ff774,RANCAGUA,Mazda,NEW CX-5 R 2.0L 2WD CA 6MT IPM,Incumbent,ces,14544123.43511751,782209.8125,0.053781846392427855,0,Premium,2020,9,3
2019-09-11,602c8cb39cc7970e58bc03740f4d290b397855e9a50255238a5d689d00e6a14a,SANTIAGO,Suzuki,ALTO K10 1.0 2AB GLX AC ABS,Incumbent,propio,4503234.235168778,200128.40625,0.04444103855115129,0,Economy,2019,9,3
2015-01-31,4b8a6993949a51cdf68657c3afeea6d4f98934c0824d522425d2e87e6dc3d2e7,LAMPA,JAC Cars,S5 2.0 4X2 6MT SE,Chinese,ces,7194388.976685577,345723.1875,0.04805455871518267,0,Mid,2015,1,1
2019-09-24,55af51d474a74ece84aaf74a284eab294b6dccd42db72c24980a4ebc17195775,LAS CONDES,Mazda,ALL NEW MAZDA3 SP V 2.0 7G 6AT.,Incumbent,propio,13295998.764147136,597100.625,0.044908294261435326,0,Premium,2019,9,3
2021-11-30,0f02f40b43ea7d32c3643e3816f204ff7891c41475aa3a47c18bf9e1a2d6762a,VICTORIA,Changan,NEW CS35 PLUS 1.4T AT ELITE,Chinese,ces,12632775.78420156,782520.8125,0.06194369518365186,0,Premium,2021,11,4
2016-11-17,a6ceb182c5b8303ac460bdfb1244f0350c4e3e0c92bd31e01e4e659f199b0be8,VALPARAISO,Mazda,MAZDA3 SPORT V 2.0L 6MT,Incumbent,ces,10447502.058027923,594599.25,0.056913054115467376,0,Premium,2016,11,4
2013-08-30,7cd0453a05b4d112f9068d258475245ed07d189cb660270a5d87af7497d436c7,NUNOA,Renault,FLUENCE 2.0 SDN AUTHENTIQUE MT F2,Incumbent,propio,5575593.293085415,275672.0,0.04944263067786441,0,Economy,2013,8,3
2011-06-20,e876d386864bc8f839b8d5b9e107454f80f108dcd19aa14c7496ff8fd6f86008,RANCAGUA,Samsung,SM3 1.6 SEDAN ENTRY DECO,Incumbent,ces,4350802.462930633,355630.25,0.08173900171980067,0,Economy,2011,6,2
2011-08-12,d2085b91994995a4fd7ae8e5479cd7d0f800508e57aa63003609d4ebbd898def,LAS CONDES,Great Wall,FLORID 1.5 LE,Chinese,propio,4182835.086028647,171092.875,0.04090356695425984,0,Economy,2011,8,3
2018-03-24,f5e599b1e59f8afb712072f11f218b52ea02336423b98959e6676305adbffa0d,COPIAPO,Suzuki,SWIFT 1.2 GLS,Incumbent,ces,6646218.0543855615,422857.40625,0.06362376358852297,0,Mid,2018,3,1
2010-07-29,7259482e5a8dd78fcf9ef0d101e95b6d40d40f56b4fefacbf5fa29308a847b74,LAS CONDES,Mazda,MAZDA2 V 5MT 1.5,Incumbent,propio,6909046.54164967,348318.96875,0.050414911326799663,0,Mid,2010,7,3
2019-08-29,d07988835495550cb6ed06e2910bd249205238525a2d5f6520fabf3d5977b69f,SANTIAGO,Suzuki,BALENO 1.4 GLX,Incumbent,ces,7270289.718676083,300362.90625,0.04131374647676296,0,Mid,2019,8,3
2021-06-29,c853164d9a86dc56759cae6507f0a57ea6cf7e1bee24211df2a8a1557ce7eeb5,LA SERENA,Haval,HAVAL H6 3GEN 2.0T AT AWD DELUXE,Chinese,ces,16405878.436915366,1384201.625,0.0843722955965202,0,Premium,2021,6,2
2019-08-17,3b6cf35af5c6218ec2d8835d975141607f2268b7f7da8d90c35f6796a24764b0,PUENTE ALTO,Changan,M201 FURGON CARGO A/C EPS,Chinese,propio,4610396.413925186,299200.0,0.06489680564046509,0,Economy,2019,8,3
2015-07-03,08a378fc9f11d2773897d4767eb35ed6a180959ad03e9167c2079e1021d0fc01,TALCA,Mazda,NEW CX-5 R 2.0 2WD 6AT I-STOP,Incumbent,ces,13518815.86337578,674491.1875,0.04989277125426968,0,Premium,2015,7,3
2018-12-13,97e242083f46f8ba66b1c3c99792de06478dd0a450f947de313b53fc86fbca4a,VITACURA,Suzuki,SWIFT 1.2 GLX,Incumbent,ces,7183351.758320633,359378.625,0.050029378637030254,0,Mid,2018,12,4
2021-04-07,f3a24118b63abc41e75b67c0eb6c5a8fa4edf98157c98514d9153696d4245f7e,VITACURA,Suzuki,VITARA II 1.6 4WD GLS,Incumbent,ces,12579811.31031283,1098487.375,0.08732145084715767,0,Premium,2021,4,2
2019-12-17,5c2d420179279bd49b46fbb19c2d3ad9803ec0cc53fc4a57b78919b9664370f9,UNKNOWN,Suzuki,BALENO 1.4 GLS,Incumbent,ces,6261740.048233359,631260.5,0.10081231337255835,0,Mid,2019,12,4
2019-06-29,56f3fed74690acb1a0ad91f2a4e982c09cdd779bbea0fcd363b956bb56376056,PUENTE ALTO,Changan,CS15 COMFORT MT,Chinese,propio,4969599.755093569,430669.71875,0.08666084593806313,0,Economy,2019,6,2
2019-07-26,6adfd2ee455589a34baff9ed3460951df50aff5ea12428b840fb8c43cdf636f1,NUNOA,Mazda,NEW MAZDA2 SEDAN 1.5L S 6MT,Incumbent,propio,7671152.613146873,338067.90625,0.0440700274520177,0,Mid,2019,7,3
2021-11-25,a66e28b079f2e0dfb554f9ca65adad6d1efd6eebf7d6f42db5f012df1ff6e080,LAUTARO,Changan,NEW CS15 ELITE AT,Chinese,ces,9035263.072435752,748907.625,0.08288719642095682,0,Premium,2021,11,4
2020-07-22,d92a4b740a214b296aca18898d2b4d806fa6c79c5adadfcf71063de033ea9106,HUALPEN,Changan,NEW CS15 ELITE AT,Chinese,ces,7762760.025836517,421963.71875,0.05435743438488285,0,Mid,2020,7,3
2017-07-28,c892ee9b27cb81e5d15850959aa611ed24cd4fed4c87e1eb2a6bc4489d695908,NUNOA,Mazda,NEW CX-5 R 2.0 AWD 6AT I-STOP,Incumbent,ces,14101535.282512736,926331.125,0.0656900902236326,0,Premium,2017,7,3
2012-01-04,1ed4bf5e26d4e70f2f0c966aee674a4b5649f2957aad9989622108a733afef4f,SANTIAGO,Mazda,CX-7 GT AWD AT,Incumbent,ces,16307855.832047714,763865.625,0.04684034693873575,0,Premium,2012,1,1
2017-10-16,c47c3be5f773b849190619896a4377245ba6a88cd42891af2d92dced35964073,LAS CONDES,JAC Cars,S3 CE COMFORT 1.6 MT,Chinese,propio,6722980.121448129,509270.1875,0.07575066091230732,0,Mid,2017,10,4
2012-09-04,bcbf7ba2a30b33c06a437df76e47bb2db13c5e4f6b9e2f4d9301d1d6e46d32ea,MELIPILLA,Suzuki,CELERIO 1.0 GLX SPORT AC,Incumbent,propio,4738082.657547203,281189.96875,0.05934678414740143,0,Economy,2012,9,3
2018-02-28,379e32e3c7f7d7c69f81e0cad0a509a6beeebf4f031d0d6e101ad189d661187b,MEJILLONES,Renault,"DUSTER ZEN TECH 2,0L 6MT 4X4",Incumbent,ces,9447085.238818895,783700.1875,0.08295682400320765,0,Premium,2018,2,1
2013-09-24,fa162b659c201b8cc5ad80581504116723663cd67c6950f965b09462df876615,CONCHALI,Samsung,SM3 ENTRY MT TX,Incumbent,ces,5061492.51113676,256471.40625,0.050671102582032494,0,Economy,2013,9,3
2015-06-24,7abb9326bfbca6bf871242dbd532c7fee92b6ad73da4727cfd2d88188f40b145,LA FLORIDA,Changan,CS35 LUXURY,Chinese,propio,6498611.928897923,246341.59375,0.03790680170554148,0,Mid,2015,6,2
2012-05-29,584d0623fbb2a75747a66b0e4a7380cf5d6f9388c5ed34638bb8d23ddada1d6c,LAS CONDES,Suzuki,GRAND NOMADE 2.4 2WD AT GLX SPORT,Incumbent,ces,8938655.725671332,568385.5,0.0635873578135052,0,Premium,2012,5,2
2017-06-20,9e2b2391cbcf516369d6a5527d3f625cac07775cb8bda46f04d9c55ffe05e97b,CAUQUENES,Suzuki,S-CROSS II 1.6 4WD LIMITED,Incumbent,ces,11667556.585491486,509580.25,0.043674975670026664,0,Premium,2017,6,2
2020-08-25,b7f0a5c30a115ea619e17203a765882301726df2401baec9619c33034e1a3112,MACUL,Suzuki,BALENO 1.4 AT GLX,Incumbent,propio,8092982.921645972,453658.59375,0.05605579526636808,0,Mid,2020,8,3
2021-03-12,37f154b2ef6119bf4cf6c82124bcf63e72df5008816af11d5057cad957011102,SANTIAGO,Mazda,NEW CX-5 GT 2.5 AWD 6AT,Incumbent,propio,20650710.555925567,934500.0,0.045252680166584014,0,Premium,2021,3,1
2020-01-28,997a673de783bba27a46c73af4ff2f7e9cce34464c03b829787a0cbff53e795f,EL BOSQUE,Suzuki,VITARA II 1.4 4WD AT LIMITED BOOSTERJET,Incumbent,propio,13345410.45399909,726056.3125,0.054404944306709564,0,Premium,2020,1,1
2014-05-07,714a892a84d76b62ca9b0fb352c6fcf37de54c6fe34a1a46f9cc4c0819b8d293,LAS CONDES,Suzuki,GRAND NOMADE 2.4 2WD AT GLX SPORT,Incumbent,ces,8511638.772307402,519600.8125,0.061045919170174386,0,Premium,2014,5,2
2012-07-27,6a43f1b0f87f2257b180d8fa239e44319ca07845fbb771b798557871e339e2c4,SAN PEDRO DE LA PAZ,Geely,EMGRAND EC 1.8 SPORT VVT GS,Chinese,ces,5420027.891394563,429579.84375,0.07925786589254431,0,Economy,2012,7,3
2021-04-29,c12dcae66e4a34c4c8f1b25b8d6779982f09361b649b2c8c952c73a8a6b1f4d1,QUILICURA,Mazda,NEW CX-5 R 2.0 2WD 6AT,Incumbent,propio,15800200.052894594,901553.4375,0.057059621680855585,0,Premium,2021,4,2
2018-04-26,ac2196fb965ec0cd3ee952e645cda87188bc107f0f1374b9eb1c74acb063f8e3,EL MONTE,JAC Cars,S2 1.5 4X2 CE SPORT 2,Chinese,ces,6075416.268634589,257360.0,0.04236088337331986,0,Economy,2018,4,2
2021-12-17,06b923ac769c082a974b6aaa2aeb895c8ab366963efbeb173da29efcc6977d3d,SANTIAGO,Changan,NEW CS15 ELITE AT,Chinese,propio,8691137.265452038,769075.625,0.08848964197782686,0,Premium,2021,12,4
2018-06-16,50c3c0cca5506568de09e1d2f6f215970b97970ec6305c533ca548b2cb684798,PUERTO MONTT,Changan,NEW CS35 LUXURY,Chinese,ces,6594988.454005744,442344.40625,0.06707280980625879,0,Mid,2018,6,2
2018-06-29,5c958dc7d2fd213df8c4108cc9f8084e817cdd73ddce50d84c38306c31d6a505,OVALLE,Suzuki,CELERIO 1.0 GLX AC BT,Incumbent,ces,4575389.525155003,270912.1875,0.059210737361388294,0,Economy,2018,6,2
2019-12-30,36301c933801752b71cbe3dcfe3b2d185acd662660dca7c6052f97090295fedd,PUDAHUEL,Renault,"DUSTER ZEN 1,6L 5MT 4X2",Incumbent,propio,7060967.48357898,343908.375,0.04870555993917193,0,Mid,2019,12,4
2015-08-20,3ea2f99d74cf5c3210216c9e8d5a5ad19c5cb5ce603a74a3fb42422e0ef5029e,SANTIAGO,Suzuki,S-CROSS 1.6 GL,Incumbent,propio,9059634.286505813,564389.875,0.06229720286178109,0,Premium,2015,8,3
2011-03-22,146ffc10b5925a9f759a747add1f24b95f853d217acf43e67cb6508e4959b8bf,RANCAGUA,Suzuki,APV PICK-UP 1.6,Incumbent,ces,5672549.322028023,479200.0,0.08447700897709932,0,Economy,2011,3,1
2012-01-16,68743e40ddccafe812480c463a067d06e81dbd3f69a24f2c91068eb373b6f20b,RANCAGUA,Great Wall,WINGLE 5 2.2 4X2 SEP,Chinese,ces,6005084.470034746,471200.0,0.07846683961754056,0,Economy,2012,1,1
2012-11-29,c49f9e6ac7a716368093aa80a135c8d295c22c228b790dbc546d35ea20c31cdc,VILLARRICA,Samsung,SM3 1.6 SEDAN SE 3,Incumbent,ces,5683620.483808359,383350.28125,0.06744825456627478,0,Economy,2012,11,4
2018-09-13,21ab403bea535d4d37f615a359d02634f4c6d2aa82bb0e96cd20152f6d35c57d,MACHALI,Suzuki,CELERIO 1.0 GLX AC BT,Incumbent,ces,5395572.674450975,284845.1875,0.05279239196402527,0,Economy,2018,9,3
2020-01-27,831f3d8b87532e8b3da78eb8fd0f37f9bc53846fa02147e531f01b2a2eca43d0,QUILPUE,Haval,HAVAL H6 1.5T 4X2 ELITE,Chinese,ces,8938660.348010654,598215.5,0.06692451404456105,0,Premium,2020,1,1
2015-09-25,2a1c17b01cf27c1beb7deaff97263f5a75e70942e10358ab9c719babd3e581e7,QUILICURA,Mazda,NEW CX-5 R 2.0 2WD 6MT I-STOP,Incumbent,ces,11908869.737104056,682730.75,0.05732960096732264,0,Premium,2015,9,3
2017-10-26,925af8c549e2c7ffbd3b040970414cf39453d4587c789fb3481d181496e8ac99,MAIPU,Mazda,NEW MAZDA3 SP 2.0 6AT,Incumbent,propio,9137353.9359115,-674998.9375,-0.07387247361045396,1,Premium,2017,10,4
2021-09-30,15516bf4c0e34ee8d7626732d3b739219cc710a12167f83f920febd715f7eec4,LINARES,Suzuki,SPRESSO 1.0 GLX AC,Incumbent,ces,6101915.493753204,451008.25,0.07391256900586655,0,Mid,2021,9,3
2018-03-07,d314a651bfc6888806877f48c8cee8fd26d5ba6dfdb053e1534da92827093869,LOS ANGELES,Renault,SYMBOL ZEN,Incumbent,ces,5693517.780099167,389082.0,0.06833771580726024,0,Economy,2018,3,1
2013-05-28,d952cbb821e57dd923e30c19f93b80e8a9deb63ce648c6604da49555b23ce361,PUENTE ALTO,Mazda,MAZDA3 SEDAN 1.6L S MT,Incumbent,propio,6853525.109964419,442549.75,0.06457257293134767,0,Mid,2013,5,2
2011-08-31,a440528dc0c9a18d23e3e974bb8c1254d0e1cec92fdaedb561e378db7b40e33b,PROVIDENCIA,Mazda,MAZDA2 SPORT V 5MT,Incumbent,propio,5992576.239803257,332802.8125,0.055535849554903,0,Economy,2011,8,3
2013-06-14,6a214973aa9d588b5f80dec6aaddeb4332664b25a65ae406e64cc83511a31307,PUERTO MONTT,Suzuki,ALTO 800 GL,Incumbent,ces,3060850.908812399,248067.203125,0.08104517682020956,0,Economy,2013,6,2
2018-07-24,dcd8e31578023805625b30b5fc761ce42ee687fe2b0d8e05a575e49a3429aed4,RENCA,Suzuki,IGNIS 1.2 GLX,Incumbent,propio,6659133.9458715785,365564.1875,0.054896656302676795,0,Mid,2018,7,3
2012-08-30,c16436bd72d26a5540b4b394d28ad64d8dc2a190e522d59e6f82c0a246a104ec,RENCA,Samsung,SM3 1.6 SEDAN ENTRY AT 3,Incumbent,ces,5629477.482142191,326006.90625,0.05791068661064157,0,Economy,2012,8,3
2013-04-09,6ad82f5cd6e2b88e2068988698dd913e75679682b250f463bd0fe4a3169569cd,MAIPU,Suzuki,ALTO 800 GL2,Incumbent,ces,3181182.628432529,93100.203125,0.02926590956862903,0,Economy,2013,4,2
2016-11-24,85792f62938e4e9bfa2e3703623994e1dab426c51f9bcef040563f8c704f6567,LAS CONDES,Renault,CLIO IV 1.2 HB EXPRESSION E6 F2 MT,Incumbent,propio,7788276.022474813,325020.46875,0.04173201717711092,0,Mid,2016,11,4
2021-11-20,c0a3013f32208b91681dc44e668d4d26badf97eb4e2dfc275e3d9500afe534e8,QUILICURA,Changan,CX70 COMFORT MT,Chinese,propio,8226169.021678664,732100.875,0.0889965758144129,0,Mid,2021,11,4
2017-09-28,a4ad3b93a68d0523083ea90d640d76cdcf3350d83166cc6c9ca134ecceb08b15,QUILICURA,Suzuki,ERTIGA 1.4 GLX,Incumbent,propio,7961527.46152461,448204.625,0.05629631087326176,0,Mid,2017,9,3
2011-08-17,9a6973884d6947352ed6a6eaa09200bb7673b21362b9619a3822d50b7b4efbe7,PUDAHUEL,Samsung,SM3 1.6 SEDAN SE 3,Incumbent,propio,4709348.877868669,201344.125,0.04275413230610411,0,Economy,2011,8,3
2015-09-23,aba7e1cd16d02034180e7d7efe5507c468bb777f1c24a883d8710e80fe665236,CHILLAN,Mazda,NEW CX-5 R 2.0 2WD 6AT I-STOP,Incumbent,ces,12629012.884097964,656571.9375,0.05198917314644074,0,Premium,2015,9,3
2019-03-30,a446d0f6aef7fe9be46682465ee52686bf30ec2d40595ef5c0c081fc2da5f092,ILLAPEL,Suzuki,CELERIO 1.0 GTS,Incumbent,ces,6056914.198520274,300766.0,0.0496566387011852,0,Economy,2019,3,1
2018-09-29,1fe3013c8ed8be026070da50ca20d61368372202d83297242d892c38d915ab80,LAMPA,Changan,CS15 LUXURY PLUS,Chinese,ces,5858578.529365975,276230.4375,0.04714973711035911,0,Economy,2018,9,3
2017-06-22,872c5ac3c5d3602c2936bb97468173f8978225b4cc31ebb784e2c574152a60ff,VINA DEL MAR,Mazda,NEW CX-5 GT 2.0 AWD 6AT I-STOP (C.N),Incumbent,ces,16171457.720437506,783571.625,0.04845398841254251,0,Premium,2017,6,2
2021-12-01,dfdb6dd1c9255e0180d8b9b7416a7a7f769cc78bf6871e49aba0333e1f89f144,PENAFLOR,Haval,HAVAL H6 3GEN 2.0T AT 2WD DELUXE,Chinese,ces,16129941.38168725,1343865.625,0.08331497264619488,0,Premium,2021,12,4
2010-02-12,bb51228ef0a49f0fb9f489872e1c817e276d0dc986a8eaa6c4e2671dd05b8104,RENCA,Suzuki,GRAND NOMADE 2.0 2WD GLX,Incumbent,propio,8366869.29699136,503044.875,0.06012342934302676,0,Mid,2010,2,1
2013-12-28,066e832b24726611872108efcf54e2a97b2afc2e46a4329dcfbefb1b7628be0a,CERRILLOS,Great Wall,HAVAL H5 2.4 4X2 LX,Chinese,ces,7174205.070183076,366725.6875,0.05111725744001372,0,Mid,2013,12,4
2013-08-23,bf95b9ddf19feb82a6184aac8ede8d1cc702dc2a12104e2c0973407bdfc60931,PENALOLEN,Great Wall,C30 1.5 SE,Chinese,propio,4520684.743072767,286891.03125,0.06346185313842445,0,Economy,2013,8,3
2012-03-13,e65cfa809071504269edc934b06c145bb3365a3cf19349769e1f7411b9b84798,PUDAHUEL,Suzuki,APV VAN 1.6 GL,Incumbent,propio,6127083.043588157,122368.2421875,0.01997169637117215,0,Mid,2012,3,1
2018-07-10,dd7da43048a940644a4c511ed22031745432a5d9de89988af4d7d5193391dadb,SAN BERNARDO,Changan,CX70 LUXURY MT,Chinese,ces,7389847.701366881,340459.0,0.04607117950983296,0,Mid,2018,7,3
2019-08-30,cb6c827960c68d0bb0be2bf8e69737bfc0caa36f8713d6bc2ebd51ce534429cd,MAIPU,JAC Cars,S3 XE ADVANCE 1.6 MT,Chinese,propio,7026037.097640295,590699.0625,0.08407286416099158,0,Mid,2019,8,3
2015-04-08,ba9d8848bc39199fce0955dfd3bc2c386c581ee2def6889d71c6d0f7d098bfb7,LA REINA,Suzuki,GRAND NOMADE 2.4 2WD GLX SPORT,Incumbent,ces,8420118.822952857,426311.0,0.050630045604332305,0,Mid,2015,4,2
2013-06-12,80ab98467cf0561bb7dc12917ec913422aeda872f5f1f32c3474a793dae51f5e,SANTIAGO,Suzuki,SWIFT 1.4 GL AC SE,Incumbent,propio,6519080.575086742,400399.0,0.061419550715504444,0,Mid,2013,6,2
2014-12-20,0eaa3a7f8bf61a38bdffc241b2f3f6440219684582646c7b4912f8e5af02d628,PUERTO MONTT,Suzuki,ALTO 800 GL,Incumbent,ces,2718417.37076086,271596.625,0.09990983280245248,0,Economy,2014,12,4
2021-09-28,cef9de642409238e8c938705eb5fd7764837e965ef9aac2026b89497979fb9a2,LO PRADO,Renault,KWID 1.0 HB INTENS 4X2 MT,Incumbent,ces,7473377.603085584,594774.5,0.07958576852244578,0,Mid,2021,9,3
2013-09-17,735feabb3935775c0e632057fbd78d3dfe5a603e7e389c48be40ca9a44607b2d,OSORNO,Suzuki,CELERIO 1.0 GLX,Incumbent,ces,4220548.71608559,348907.59375,0.08266877537042137,0,Economy,2013,9,3
2013-08-31,efe5191febe44d87184d2388b19efd789528cdd8289f0ca8c71d395511c7daef,QUILPUE,Samsung,SM3 ENTRY MT TX,Incumbent,propio,4366571.516749059,194670.6875,0.044582044918603236,0,Economy,2013,8,3
2015-04-29,63840858bd8cbf293d94edf20e6cb9eead8f0c35c562097f7ec95ec5e829b888,PUERTO MONTT,Suzuki,ALTO 800 DLX,Incumbent,ces,3657670.0042507206,295126.09375,0.08068691090421566,0,Economy,2015,4,2
2011-07-21,9ff2785195b70cf852ab1fab496fef2ab9ad972aa60da755f111a3eaa341c7d0,MAIPU,Samsung,SM3 1.6 SEDAN SE 3,Incumbent,ces,4832474.405364648,301042.125,0.062295648098168045,0,Economy,2011,7,3
2021-01-29,a9b71314440debc00c5e35102be52a0dc5a24a9e1ee2555163360e7a1fea755d,SAN MIGUEL,Suzuki,DZIRE SEDAN 1.2 AMT GL SPORT,Incumbent,propio,7959257.750790269,433704.09375,0.05449052001198702,0,Mid,2021,1,1
2013-04-24,d2b0fcd74420677ad911748b82391aafe696c9828a7a950bf9ab08febed7b388,SANTIAGO,Mazda,NEW MAZDA6 2.2 6AT DIESEL,Incumbent,propio,15703392.82525142,620348.625,0.03950411429576321,0,Premium,2013,4,2
2011-04-27,3b982e78608559f082ff7deaab759cdaf28760d67c4fac6d6a02a82ccfd14a49,SANTIAGO,Suzuki,CELERIO 1.0 GA,Incumbent,propio,3757506.0461179055,220469.078125,0.058674310944297536,0,Economy,2011,4,2
2022-02-15,f4c338a2df1c16c8e36b8c62e25a69253524435ccb8fd513fffecbaaba5c61b1,SAN MIGUEL,JAC Cars,S3 CE COMFORT SMART 1.6 CVT,Chinese,propio,9525706.65865446,676638.75,0.07103291905228347,0,Premium,2022,2,1
2021-10-27,17bef3736e23748eea099cd1c6407c0f94fa14b5e2237951bab9d62f98efe767,TEMUCO,Suzuki,SWIFT 1.2 AMT GL SPORT,Incumbent,ces,8617335.614550931,819495.75,0.0950985068535834,0,Premium,2021,10,4
2019-10-11,71d66c6e9f0f67a052968df880c924c52c67837b7f732dd5edb25d6beaf74624,CALAMA,Renault,CLIO IV 1.2 HB EXPRESSION E6 F2 MT,Incumbent,propio,6828346.134865683,302294.46875,0.044270525069969424,0,Mid,2019,10,4
2013-12-31,7e918b563265a08341e0e8c93998858e7701d8c08b6a278e366ef5a3312eca47,LAS CONDES,Suzuki,CELERIO 1.0 AT GLX AC,Incumbent,propio,4970833.461636276,279567.125,0.056241498967453514,0,Economy,2013,12,4
2016-09-30,61396832c168add4b4b4938eec4fb75b7209eb7bfca0f7c8e5d86aa54ae7860e,LA REINA,Suzuki,BALENO 1.4 AT GLX,Incumbent,ces,8889515.59392626,448599.53125,0.05046388934358859,0,Premium,2016,9,3
2010-12-31,ae1af6c109a9b9619fc53debd5b9b048bdb71efe30c593f38f5aaeac08441c96,TEMUCO,Great Wall,HAVAL H3 2.0 4X2 LE +,Chinese,ces,7083186.1266939305,546512.9375,0.07715637111954367,0,Mid,2010,12,4
2021-09-30,4354129457efbab003da583cf9d61bafaef04a3e1711fac33ca350f0afb38f68,SAN VICENTE,Changan,ALSVIN LUXURY MT,Chinese,propio,7040777.364967485,543017.25,0.07712461591270721,0,Mid,2021,9,3
2016-02-29,6729146bd4aa3fce744b83faaeefce5a981b428c8bf818b4cb2d774329849ed4,SAN BERNARDO,Mazda,NEW CX-5 R 2.0 2WD 6MT I-STOP,Incumbent,ces,12417706.017683078,819806.9375,0.06601919358797652,0,Premium,2016,2,1
2020-02-26,7d60fdb97279fa7140e10165852a2b9617f5114445671a25b3b4653c2208f626,LA FLORIDA,Suzuki,BALENO 1.4 AT GLX,Incumbent,ces,8640119.167589465,312142.96875,0.03612716013465423,0,Premium,2020,2,1
2016-03-26,3ccc240973e9a704c2ff12515db7af3d7a8506c9cd4662508f61093211d243a8,PENALOLEN,Suzuki,VITARA 1.6 4WD GLS,Incumbent,propio,9887999.709437748,375749.84375,0.03800059211079466,0,Premium,2016,3,1
2017-11-29,294e3e49f0c4558efaef6f0c96e294ef6a99c77dfac25f1bcba25eb87542cda7,MAIPU,Suzuki,BALENO 1.4 GLS,Incumbent,propio,6059696.728882997,127038.1171875,0.020964434834169883,0,Economy,2017,11,4
2013-08-06,34488ad30dd4681654fb192974769ba9d23babcdc35bc022cae0638c19716b0d,QUILPUE,Great Wall,HAVAL H5 2.4 4X2 LX,Chinese,ces,7217001.169070675,515178.3125,0.07138398628891159,0,Mid,2013,8,3
2019-04-18,785730b3c78a3df3785349abd63c9f7bd486bb517019abce4fab6a3f93b89217,INDEPENDENCIA,Changan,CS15 LUXURY PLUS,Chinese,propio,5456247.502351531,375949.4375,0.06890256304135278,0,Economy,2019,4,2
2021-09-30,8a7870cb1807ef195398f1e06774b7494666114e2ab8e933da0fba3263014115,MOSTAZAL,JAC Cars,JS4 1.6 COMFORT,Chinese,ces,9632137.315351536,752268.875,0.07809989105959346,0,Premium,2021,9,3
2020-06-23,d06c8dfaef870cde7918c1b005d8707c2419de0dca9d3a841d2aee7ace3df448,TOME,Mazda,NEW CX-3 R 2.0 2WD AT,Incumbent,ces,12983160.67838906,531543.5,0.040940993735429414,0,Premium,2020,6,2
2019-05-22,86791d07b42701c7dc3297a2ede62629e26cd79e32ce79afb6b1075e948eadd8,HUECHURABA,Changan,CX70 COMFORT MT,Chinese,propio,6705305.094753477,353442.1875,0.05271082859101349,0,Mid,2019,5,2
2012-07-31,cc2249db3f3092c3f56b46aa0c2170781271b53c1bf6382d6268473c44d70365,SANTIAGO,Samsung,SM3 ENTRY MT TX,Incumbent,ces,4744348.822848135,104033.4765625,0.02192787260108047,0,Economy,2012,7,3
2015-03-15,3c038c111662d88906a25b674850bf5d06d68e526bc66070acfd152049263f86,COLINA,Changan,MD201 A/C E5,Chinese,propio,4406596.562859897,272180.0,0.06176648942497114,0,Economy,2015,3,1
2019-04-18,ca7a3737fb1e724662497343c4e0bdbcee394ce23262c4d1410a957a0a993396,PENALOLEN,Suzuki,GRAND NOMADE 2.4 2WD GLX NAV,Incumbent,propio,8456677.159394944,606799.3125,0.07175386987853455,0,Mid,2019,4,2
2021-04-19,b2aa2ca66b299cef44e04a64c54b48dcdd3f3287feb45aa10e698337edda3421,VINA DEL MAR,Haval,NEW H2 1.5T 4X2 ELITE,Chinese,ces,9226120.576671124,420920.75,0.04562272371166781,0,Premium,2021,4,2
2011-06-16,f232ed66690bc79e3cd8c1e9e0b78349faf4d2947c32c2fbd8b7e4fa0c0738ad,NUNOA,Suzuki,CELERIO 1.0 GLX,Incumbent,ces,3788194.665349136,146765.15625,0.038742770426364426,0,Economy,2011,6,2
2012-11-30,ab5eb59fc3c6fc6a6c3e8329c3ca7a7784a7ed018e6b6d5d693c2e7c5833081f,MOSTAZAL,Mazda,BT-50 D/C 2.2L 4X4 SDX 6MT,Incumbent,ces,13579281.823421242,494914.0,0.03644625735260781,0,Premium,2012,11,4
2021-11-26,b59445c371e5c56a49d4fdf51b8ba5e499595930353d87788cecc8e101ea12bf,PENALOLEN,Suzuki,BALENO 1.4 GLX,Incumbent,ces,10049481.707371157,674958.1875,0.06716348237192446,0,Premium,2021,11,4
2017-12-22,f35a35a8262a258fb4c5c02bf3baf15168d588e3f1d9f2f2e1f00b626c59c383,PROVIDENCIA,Suzuki,SWIFT 1.2 AT GLS,Incumbent,ces,7862420.824841833,460125.1875,0.05852207580217589,0,Mid,2017,12,4
2017-01-30,5e933d08d679553424a707824461145cf811c019bb6d1946a1dd3939f3f3f8eb,SANTIAGO,JAC Cars,S2 CE COMFORT 1.5 MT,Chinese,ces,6102133.892017154,256470.796875,0.04202969017289453,0,Mid,2017,1,1
2021-04-30,a10db347902ebb295247ee3ab9bec4cf6ee23ef32b5743f8ada48ab5d023e481,PUERTO MONTT,Changan,M201 E5,Chinese,ces,4975796.140979301,447200.0,0.08987506467899331,0,Economy,2021,4,2
2019-05-24,2351ea8a9d9e6a28dd7de55df37ee94f4dd6ce575ddb58662474dc19801434f2,SAN ANTONIO,Suzuki,VITARA II 1.6 AT 4WD LIMITED,Incumbent,ces,12129421.736448552,824273.5625,0.06795654239831421,0,Premium,2019,5,2
2019-04-16,8632d2f8656574bbeb84390bf11ad52c922f091b26ed14d3069dba79c4e11c18,CURICO,Suzuki,BALENO 1.4 GLX,Incumbent,ces,6978554.52922482,372446.90625,0.05337020792633564,0,Mid,2019,4,2
2013-11-27,88d9b7f4b1ae3400dd7c61eb9df4b82bd372190c6da8d13ab528f0ccfd7387e2,LINARES,Mazda,CX-5 R 2.0 AWD 6MT I-STOP,Incumbent,ces,12526130.305327604,943448.625,0.07531844248807895,0,Premium,2013,11,4
2017-01-16,7b8acc26c33e8af321f3cd2998c4d4de35ef11aa18158a17855528685cd72d80,QUILLOTA,Suzuki,SWIFT 1.2 GL AC,Incumbent,ces,6437396.274905153,361803.4375,0.05620338131278562,0,Mid,2017,1,1
2017-05-27,c027969c42fceb7bcf1f15a2c44b409479935ce1e8dbb69a302c7c3a74d5cfd2,VALDIVIA,Great Wall,"H6 1,5T LUXURY",Chinese,propio,9069085.01272756,392637.03125,0.043294007135115935,0,Premium,2017,5,2
2020-10-21,175b7d3963fb74e696580c3debdbc0d2e1329a2ab86b84dd02f826a3ff141906,PUDAHUEL,Mazda,ALL NEW MAZDA3 SDN S 2.0 7G 6MT,Incumbent,propio,11376713.456176553,568952.4375,0.05001026348177109,0,Premium,2020,10,4
2018-05-16,818175bbee7a6380561d7eb2db3154f796afb17ed8877084bea9391fcc5d0494,VINA DEL MAR,Mazda,ALL NEW CX-5 R 2.0 2WD 6MT,Incumbent,ces,12109058.506201906,654134.75,0.05402028156565362,0,Premium,2018,5,2
2013-12-28,1a96b8f16873b8c7b1d781758c24ee0aec444d7457601e85b99234b380d65215,MACHALI,Mazda,MAZDA3 SEDAN 1.6L V MT,Incumbent,ces,8175387.634535762,594285.25,0.07269199658368816,0,Mid,2013,12,4
2014-08-23,d9a504b0bc2cd8623c72d778ad9490e87902e240e1f5549d0f9810b6e4e3d607,LOS ANDES,Geely,LC CROSS 1.5 GL,Chinese,propio,4118765.306266008,352123.3125,0.08549244404975045,0,Economy,2014,8,3
2015-03-31,5e8d44a1a6c647eb776c2987dc5a7cc0e030e3e92321f2a77376a297935f0a28,FRUTILLAR,Renault,SYMBOL 1.6 SDN EXPRESSION,Incumbent,ces,5205601.323360328,449747.84375,0.08639690514364594,0,Economy,2015,3,1
2012-07-23,80f07b03f0bad6791a150bebf02dba36021c2de48dc5db368ac53c862b828f30,EL BOSQUE,Suzuki,CELERIO 1.0 GLX AC,Incumbent,ces,3989698.525824289,278569.875,0.06982228687127338,0,Economy,2012,7,3
2012-01-27,28a7d108eca14c680e13b04151cc236e59b04a3b80273a0d030408b564729d68,REQUINOA,Suzuki,ALTO 800 GL2,Incumbent,ces,3403761.1757664094,241344.5625,0.07090525745997957,0,Economy,2012,1,1
2019-08-31,ba83e26c6f375aeb3d9909aff0629265b049f24a35793b1e0ff5d8a7ac36c22f,LA GRANJA,Changan,A500 LUXURY,Chinese,propio,5987437.982065875,468458.125,0.07824016322226116,0,Economy,2019,8,3
2019-05-08,826800353b3c2438a2883cb4b59e0df3f9a71c1c33ac9fd9b88516d56a65d83d,TENO,Great Wall,WINGLE 6 2.0T.D 4X4 ELITE F2,Chinese,ces,9756296.507773863,507400.0,0.052007439461859456,0,Premium,2019,5,2
2015-10-02,ead42595c84bd2fca7eec65ebd103f1f1b1f89b18f8fbc46c3f15d8382172032,COPIAPO,Great Wall,HAVAL NEW H3 2.0 4X2 LE+,Chinese,ces,8365470.085590492,503858.71875,0.06023077168345815,0,Mid,2015,10,4
2019-06-13,d2428d4ae891e71c3def1c12ba2b83275148ffb6afa884c38729eef0b4af588b,SAN PEDRO DE ATACAMA,Suzuki,GRAND NOMADE 2.4 GLX SE,Incumbent,ces,8927400.764528496,345672.0,0.03872034079319803,0,Premium,2019,6,2
2014-02-28,6955d1a4bc1c60c6b31e7e7543f19187032d13faedea19ccfbf938cf8ee92b68,LAS CONDES,Renault,FLUENCE 2.0 SDN PRIVILEGE AT F2 NEW,Incumbent,propio,9334762.420842892,532828.3125,0.05708000787575349,0,Premium,2014,2,1
2019-10-29,aafd63f93921da80cb1b64f412804e474f8cc52deff86d1c0797526ee4d8c799,RINCONADA,Changan,CX70 LUXURY MT,Chinese,ces,7792607.219739421,447395.09375,0.05741276072746299,0,Mid,2019,10,4
2016-02-03,58281dcb88f92918e0acade0f98ac1492ef7b0b6a26fd3813408b44c02b941e3,COQUIMBO,Haval,HAVAL H6 1.5T 4X2 ELITE,Chinese,ces,11124500.770601217,693613.1875,0.0623500507396265,0,Premium,2016,2,1
2018-09-05,1f5ab87cf5f6080434f2e971c7d96564ee1a394fc3f5fab4e787cff15d3bd7fd,COLINA,Great Wall,C30+ 1.5 ELITE,Chinese,propio,5432573.737950223,420041.8125,0.07731911848075292,0,Economy,2018,9,3
2017-07-31,d9615d9a83fb70f64ace05d9d4b2223bc6d653544af60df553e1dd4c5b526e12,CALERA DE TANGO,Renault,CLIO IV 0.9 HB DYNAMIQUE E6 F2 MT T. RF,Incumbent,ces,9175602.151992476,570066.875,0.06212855195298658,0,Premium,2017,7,3
2012-10-25,68721b12f1b2013602fa1f39b02b142e3658efd0fa9ad395d4ad0116a4010cc1,PENALOLEN,Suzuki,GRAND VITARA 2.4 AT GLX SPORT,Incumbent,propio,9876387.15261645,568030.9375,0.057514041189598096,0,Premium,2012,10,4
2019-06-28,a36ea46980cebd41fcfaa2ec7ed0b903ebc0df179b4d78df413fe1e64d81112e,RANCAGUA,Suzuki,ALTO 800 2AB DLX,Incumbent,ces,3109907.0909542143,192972.796875,0.06205098455715925,0,Economy,2019,6,2
2017-01-18,33ceedcd8901443e6b508c785fef9c3cbc4d0fe41901fda6458d808f75d0d552,SAN BERNARDO,Suzuki,SWIFT 1.2 AT GLX AC,Incumbent,ces,7737640.890422302,419220.90625,0.05417942137491986,0,Mid,2017,1,1
2019-11-26,0043f1507282285bee9b7e92aca2ddd6cb4b06e9ff99f2859d18adc8bb0e6176,CONCHALI,JAC Cars,S2 CE COMFORT SMART 1.5 MT,Chinese,ces,6613986.899015959,257139.4375,0.03887812924731642,0,Mid,2019,11,4
2015-11-10,ca1f643f76c7490331d5b348b627cca8e6f92d178733a64450dcd6352d526863,CONCHALI,Mazda,NEW CX-5 R 2.0 2WD 6MT I-STOP,Incumbent,ces,12723533.675668564,854194.125,0.06713497576805179,0,Premium,2015,11,4
2014-05-30,58a1d0a7553d7bb0b07f82803c35ed310d70a0415dc4b95ab4ef09db71ec9c8e,LAS CONDES,Suzuki,SWIFT 1.4 GLX AC,Incumbent,ces,6535327.428038906,344118.25,0.05265508940280618,0,Mid,2014,5,2
2018-08-24,65ceae354109148ae0b2dd1fe513c1d22363117c243f702975d24c3fdcf188bb,SANTIAGO,Renault,SYMBOL INTENS,Incumbent,ces,5270516.830575843,103529.4375,0.01964312814625594,0,Economy,2018,8,3
2018-08-15,025383482aa66b58cc8d903f032df279e3d4926a0a0cbf3ff6a2dabf7d323edf,LA CISTERNA,Suzuki,CIAZ SEDAN 1.4 GLX,Incumbent,propio,6896409.645450577,473528.28125,0.06866301533615786,0,Mid,2018,8,3
2018-11-29,0b1150f5826727ad8c33df5449ff1db51d1f9652e80ae9d01b4d869aa147eb2a,SAN PEDRO DE LA PAZ,Renault,"OROCH INTENS 2,0L MT 4X2",Incumbent,ces,10169938.193458471,735593.0,0.07233013475668414,0,Premium,2018,11,4
2020-04-16,0db8c9023727d4f0ae35de62d6627d48934c5fbcfd8c5b7028ac78e1ab4adb53,PUENTE ALTO,Suzuki,SPRESSO 1.0 GLX AC,Incumbent,ces,4591991.540373035,247524.28125,0.053903470656196405,0,Economy,2020,4,2
2009-09-22,a3b87426540653851830c921be4c47cf7ed7b73fd9fa172a7b399395847b9ce3,PANQUEHUE,Mazda,MAZDA3 SEDAN 1.6L V MT,Incumbent,propio,10071229.800383609,738823.5,0.07335980954102135,0,Premium,2009,9,3
2017-07-29,30fc021a4159fc36e799216f5463e3c7c6f22f8a2c6b50e8c3094f81dddb84d4,PUERTO MONTT,Suzuki,SWIFT 1.2 GA,Incumbent,propio,4930447.8700063005,-327304.09375,-0.06638425197457401,1,Economy,2017,7,3
2017-02-27,c8a2d9880e6c7e1ad04b6c7c46e487e1bc6743d75392689b18f6658c8422cbe9,LA GRANJA,Great Wall,HAVAL NEW H3 2.0 4X2 LE+,Chinese,propio,7642237.480536261,621554.0625,0.08133142474085811,0,Mid,2017,2,1
2021-08-31,17d853d0eeb9616a9deae2fd741c686ce59ce1b71f2331f90c9018ea05f830fb,COQUIMBO,Suzuki,SPRESSO 1.0 GLX ADVENTURE,Incumbent,ces,6952988.250813508,574117.6875,0.0825713587870406,0,Mid,2021,8,3
2017-06-29,f83027ced7d8b2be912aa2a184d4fce3c35531e0903e99101d7cb169bb26c993,LAS CONDES,Renault,"DUSTER LIFE 1,6L 5MT 4X2",Incumbent,ces,7243341.5613600835,478782.28125,0.06609964160796789,0,Mid,2017,6,2
2016-05-10,11dc500f551f04b8c9bccd661167195e872a207e9d4b425b1a3a0dc921fe78a6,LAS CONDES,Mazda,NEW MAZDA6 SEDAN V 2.0 6AT (CUERO NEGRO),Incumbent,ces,13377208.391979706,567730.8125,0.04244015611212146,0,Premium,2016,5,2
2019-09-29,bf9ce1faeeff5059cfa50e58c74774ccc4914dd8406b869e2ee99c67928b0b71,LAMPA,JAC Cars,S2 PLUS 1.5 MT,Chinese,propio,6178931.209536549,388377.8125,0.06285517662028323,0,Mid,2019,9,3
2020-01-29,20e98e7c18e3b4013e006ff7424f691850cf47c3c30e53ea607a4516cc706155,ANTOFAGASTA,Changan,CX70 LUXURY CONNECT,Chinese,ces,8372862.203946895,535662.25,0.06397600210684148,0,Mid,2020,1,1
2019-12-20,90d80bafb7746dba4d4e3467c0387ea82531cb0bf186f9db8b13df3a6ccede45,TALCA,Great Wall,M4 1.5 LE,Chinese,ces,6001858.591174039,284486.96875,0.04739981197963392,0,Economy,2019,12,4
2014-04-28,872a0149da3d971b22d3a1a3f98975e54802cd6b7bdfe7ac960066db727d4808,PUENTE ALTO,Mazda,CX-5 GT 2.0 AWD 6AT I-STOP,Incumbent,ces,14655683.20569105,562856.6875,0.0384053530361132,0,Premium,2014,4,2
2021-12-09,c3f7a581b32f4c8fa08a9927167ebc200e29b366f5164cbd5804c5b3111637cf,UNKNOWN,Mazda,ALL NEW BT-50 HIGH 4X4 6AT,Incumbent,ces,25972616.095802285,2123697.5,0.08176679207695345,0,Premium,2021,12,4
2017-03-31,e5f96380f1175829a8323fcabf3033c9b3de2584f4f21d95ee7485859f6bc6a3,CALBUCO,Suzuki,CELERIO 1.0 GLX BT,Incumbent,ces,4784623.176755522,365002.46875,0.07628656537117517,0,Economy,2017,3,1
2014-09-12,6956ad6190926be043497f76573310a43a6067a48398de36982dc4e4ebe67d81,MAIPU,Suzuki,ALTO 800 DLX,Incumbent,propio,3347362.299584152,188831.640625,0.056412071274286275,0,Economy,2014,9,3
2011-10-28,7bda1d1d8561ac2dbf150c7d0b168b80c718b7c1c4394b7d03ca4034e92ca679,RANCAGUA,Suzuki,GRAND VITARA 1.6 GLX SPORT,Incumbent,propio,7832599.225902644,292355.375,0.037325460752948,0,Mid,2011,10,4
2019-12-24,4378e9a6021c2b732416c976f9dae7d62be4b04d59b6b4714e920786748c467f,HUECHURABA,Suzuki,BALENO 1.4 GLX,Incumbent,propio,7917973.707688703,393336.375,0.04967639316837501,0,Mid,2019,12,4
2011-12-21,ec0e62daeb708c73601575336f9db5e7dff480e2834fbcb34a37d94eb1b4a6f9,CALAMA,Suzuki,ALTO K10 1.0 GL,Incumbent,ces,3100099.375930789,200167.640625,0.0645681368084856,0,Economy,2011,12,4
2011-08-30,cc45abcd9cbfdfeb316388e28d349d126ba1baa3f794987ed7255960e5231cfb,MAIPU,Suzuki,GRAND NOMADE 2.0 2WD GLX,Incumbent,propio,7837647.530373352,-325220.375,-0.04149464156683095,1,Mid,2011,8,3
2014-09-27,7cd623de51e0fe925ea308afa032829fc26df1c1c854c21a1b8912fa530bb3f6,NUNOA,JAC Cars,J3 1.3 VVT SPORT BSE,Chinese,propio,4579631.006375922,230672.59375,0.05036925320595689,0,Economy,2014,9,3
2013-03-28,10f0dc2bad571460e23b22d16ad7109407205cbfdb97a5af5680000ae825c828,CUREPTO,Suzuki,SWIFT SEDAN 1.2 GLA,Incumbent,propio,5451920.589261002,367639.5625,0.06743303694191058,0,Economy,2013,3,1
2021-02-26,fe49dd2a8cb26d35d248ce98dcad433f8606a22a1a6911a558c83b79006f73ac,RANCAGUA,Mazda,NEW CX-5 R 2.0 2WD 6AT,Incumbent,ces,16033156.213398471,1316974.75,0.08214070470413305,0,Premium,2021,2,1
2019-05-11,28cfc7779377d43014553986e4cc7f3cb22a151eefab2606a5a98b0cbecac35d,PADRE HURTADO,Mazda,NEW MAZDA3 SDN S 1.6 4AT,Incumbent,propio,7822293.504029489,210223.3125,0.02687489447841709,0,Mid,2019,5,2
2017-08-12,b7e7dc789bc9f9c21cea74c158c750d22b60014a7be173cfb1ab0aefab919946,PENAFLOR,Suzuki,S-CROSS II 1.6 GL,Incumbent,ces,9653691.680958591,580110.0625,0.06009204371465863,0,Premium,2017,8,3
2017-09-06,0f5f4581803f548119b5d496cd191fd36aab49a88fb1b31024a4ec8a45afc7c8,NUNOA,Suzuki,S-CROSS II 1.6 AT GL,Incumbent,ces,10128417.324018445,434901.5625,0.04293874833422178,0,Premium,2017,9,3
2014-04-09,057a79cca5cc1f5dc348e5be452a3441cb012131c7dccf3eb01e97c2a2416d5c,MAIPU,Samsung,SM3 1.6 SEDAN SE 3,Incumbent,propio,5600151.894721703,353937.28125,0.06320137165986438,0,Economy,2014,4,2
2019-08-28,334619704a8aec7447c1a562b4c06c287c58f6b241cf19d6165fc52e2b2c046f,SAN ANTONIO,JAC Cars,J4 CE COMFORT 1.5 MT,Chinese,ces,5029198.025396778,281470.75,0.055967322936700904,0,Economy,2019,8,3
2021-05-28,86418e5a1616172971bc3eec3ebf293a1c4457ddaf085ff4e0f9a42c0b96923a,COQUIMBO,Changan,NEW CS15 LUXURY MT,Chinese,ces,7050222.681376105,627899.125,0.08906089259544393,0,Mid,2021,5,2
2017-10-31,121502e93ee1f1dcbbde011862d548af9e70c67976477325f0863a4f76e3fb32,MACUL,Suzuki,DZIRE SEDAN 1.2 AT GL SPORT,Incumbent,propio,6273579.584882396,232815.40625,0.03711045713216442,0,Mid,2017,10,4
2014-11-19,9b2c3ed32f32be790557a3aa2aab155fb75ee000656ee1a9d8cbe5bd293ac7ad,SANTIAGO,Renault,KOLEOS 2.5 DYNAMIQUE 4X2 AT PACK FASE 3,Incumbent,propio,9634459.6019853,419831.84375,0.04357606561176389,0,Premium,2014,11,4
2021-10-29,cfc8945668055a03b01812bec06a8c2f96e25771cd742ed037289ffce335bf74,COPIAPO,Changan,CX70 LUXURY MT,Chinese,ces,9310673.6586488,799327.75,0.08585068914508615,0,Premium,2021,10,4
2019-07-26,55fff9c1d1e8402ef549b822c6ae773281f1837c35b705591d06ddd8b1fe47f3,SANTIAGO,JAC Cars,S2 1.5 4X2 SE,Chinese,propio,5613588.828661594,278735.0,0.04965361883593044,0,Economy,2019,7,3
2021-02-19,5282962e83e30804037d81cab0e2908b80c9e1e9f59801cdcd54ce8ac1cec23a,CURICO,Suzuki,ALTO 800 GLX AC,Incumbent,ces,5006806.04002389,319290.28125,0.06377125031359843,0,Economy,2021,2,1
2022-03-11,984f1345daba3a94a7c2114f1dd74c014493e17ae55793791071de718b3be98c,QUILICURA,Great Wall,WINGLE 5 G 2.2 4X2 ELITE,Chinese,propio,9382029.212363292,775200.0,0.08262604842228269,0,Premium,2022,3,1
2010-07-15,405ebeab9e40aa49ab5c18e8e8a1d68bd28f4ed51f65a4e211dc93abade65c17,PUDAHUEL,JAC Cars,A 137 1.3 SPORT SE,Chinese,propio,4003912.042233722,194764.953125,0.04864366426399906,0,Economy,2010,7,3
2017-10-31,e3ac7d804d3e227ead03b9a3c5d3967f44f4e1343c81a1edfb436ceeff78e031,MACUL,JAC Cars,S3 CE COMFORT 1.6 MT,Chinese,propio,5766199.365930011,503129.1875,0.08725490666742704,0,Economy,2017,10,4
2013-10-29,d6edc2aa5a08151f088997e868c354417ae36ee1eb2762b90cfe7641e7312ab4,LAS CONDES,Samsung,SM3 1.6 SEDAN ENTRY DECO,Incumbent,propio,4455365.967333659,242039.953125,0.05432549310193935,0,Economy,2013,10,4
2013-07-20,5a5d0c59fadae3b8b786f202c60f2e261579d29f15f995325d9d6a2f16258e62,RANCAGUA,Renault,MEGANE III 2.0 HB DYNAMIQUE MT F2,Incumbent,propio,7298949.101454862,435806.40625,0.059708103206683946,0,Mid,2013,7,3
2015-08-20,9cf628445b339319b2b0f8de75cb1ef0d039faea2702f3b033d649cce809b558,SANTIAGO,Suzuki,GRAND VITARA 2.4 GLX SPORT,Incumbent,propio,7564785.697848493,408178.4375,0.05395770003320654,0,Mid,2015,8,3
2016-05-31,7daa7cea2f3e1138ef7c56c093637c546689f01c84fc9cc7a8922b1898f37ef4,TEMUCO,Mazda,NEW MAZDA2 SDN V 1.5L 6MT,Incumbent,ces,8512209.621386128,691764.75,0.08126735369180829,0,Premium,2016,5,2
2020-07-31,e0535d40c379f5971765c86bed65182350790104c8dc05f29cf4a796487e6b49,QUILICURA,Changan,HUNTER 4X2 LUXURY,Chinese,ces,13040409.182015456,582510.0,0.04466961058272332,0,Premium,2020,7,3
2016-11-30,bbba04718d24589ebd11d7d4de5c69ad2de1d45a7c44b0c82f56f7c1b79a6f74,SANTIAGO,Mazda,NEW CX-5 R 2.0 2WD 6MT I-STOP,Incumbent,ces,13233546.397757776,677342.0,0.05118370991730269,0,Premium,2016,11,4
2013-08-30,76ca1ef34e45cf0049969a04333aeeae32191ae00950d4bf2f5b5ce2893520e7,RANCAGUA,Samsung,SM3 1.6 SEDAN SE 3,Incumbent,ces,5424136.474280046,317815.125,0.05859275969677442,0,Economy,2013,8,3
2019-08-21,bbb2a267875f2748c8b81765c7f9397752ed2a6b8fe58a42f3237cc48f704fc7,PUENTE ALTO,Suzuki,SWIFT 1.2 GA+ AC,Incumbent,ces,5570970.429791742,311546.59375,0.05592321798800976,0,Economy,2019,8,3
2018-07-31,86b1c007f0bbd7a4d7e7cd1a86c6a1aece5884d3fcc42768033291cf1c5ea71c,TALCAHUANO,Renault,"DUSTER LIFE 1,6L 5MT 4X2",Incumbent,ces,7122796.090191057,461081.28125,0.06473318559336047,0,Mid,2018,7,3
2016-12-07,20305e184bea29642dbdf030e5e81d8034792f939e612963ecc247dba072bb06,LO BARNECHEA,Suzuki,VITARA 1.6 4WD AT GLX 2T,Incumbent,ces,11006740.068450116,380833.40625,0.03460001815992971,0,Premium,2016,12,4
2021-06-08,75f69a0b767a03ce686562fa1e38456a3e2865eefb050f82a9d1f40493fea319,MOLINA,JAC Cars,T6 CE COMFORT 2.0T DIESEL MT 4X2,Chinese,ces,10635403.963599443,698880.6875,0.06571266027054332,0,Premium,2021,6,2
2018-04-20,623f3a16cd5b0c81cca75ba45acef2d9639ef64d3d408142f3035cfc94e77666,CHILLAN,Suzuki,VITARA 1.6 4WD AT LIMITED 2T,Incumbent,ces,11197294.315206366,788859.25,0.07045088106049853,0,Premium,2018,4,2
2019-12-13,1b5789ad2313a7d7d20affb66f11010c8bb5a71c7e3ba42083aceef97d02aed3,CERRILLOS,Mazda,NEW MAZDA3 SDN 2.0 6MT,Incumbent,propio,9635033.360046444,452808.90625,0.04699609117366017,0,Premium,2019,12,4
2017-05-22,6d12676b397dab3e282375d903d63a3ef5be6930b6faf181d84bdf5cb67a5d95,NUNOA,Mazda,NEW MAZDA3 SP 2.0L 6MT VOLANTE CUERO,Incumbent,ces,10174316.957688602,555624.375,0.05461048415442982,0,Premium,2017,5,2
2020-03-11,fa367796215131346a41711a235b4ac3ec3a0a26c18d6a68f8c0b925f6e5c209,DALCAHUE,Great Wall,M4 1.5 LE,Chinese,ces,6333883.156049495,440503.96875,0.06954722054341568,0,Mid,2020,3,1
2012-10-29,e2bacb999c5bb6cc5118d1712bd124751e90ca254b3ac335c6fc42e772477048,LA REINA,Samsung,SM3 1.6 SEDAN ENTRY AT 3,Incumbent,ces,5546264.864281675,357540.0,0.06446500640504604,0,Economy,2012,10,4
2017-07-10,53ae04da1414e88940de016453ed553316d3a9268905028f3fa370e394c8fc42,QUILICURA,Great Wall,C30+ 1.5 DELUXE,Chinese,propio,6228929.629252391,325588.59375,0.05227039204632623,0,Mid,2017,7,3
2018-08-21,56edb0814c8dfe07f441c55af8b53ece3290bc13e9f2f2d99fe380a8c0889311,COQUIMBO,Suzuki,SWIFT 1.2 GL AC,Incumbent,ces,5506910.724368965,329832.4375,0.05989427721071243,0,Economy,2018,8,3
2019-05-17,3e736332dce55b37f5b10633269413b92030481c3457b676ee872ce5d07548f5,LO BARNECHEA,Suzuki,GRAND VITARA 2.4 AT GLX NAV,Incumbent,ces,8850592.836389769,444341.28125,0.05020469130870679,0,Premium,2019,5,2
2021-08-25,2b76bfe04618a7d412fe672b9de9a0888e530c3011defb9cd407e9e5e1710f62,VALPARAISO,JAC Cars,S3 CE COMFORT SMART 1.6 MT,Chinese,ces,8766954.975987049,606088.8125,0.06913333240105547,0,Premium,2021,8,3
2017-09-30,b9dcb0d85359ccdb8aec723a3725672320acfa478438f75c0f20531fc272291b,ZAPALLAR,Suzuki,SWIFT 1.2 GLX,Incumbent,ces,7573338.24924436,493379.90625,0.06514695237588623,0,Mid,2017,9,3
2022-02-28,f396d9e1d2d1b403b1cb12e483d25262640a09850c6380868f5a416ab6e8a3fb,CHIGUAYANTE,Mazda,NEW CX-5 R 2.0 2WD 6AT,Incumbent,ces,17341050.03856029,1289721.375,0.07437389155397864,0,Premium,2022,2,1
2020-05-18,aa8b180bc05ba397fa05bcb370375409dbd5016c6239e036a77bdc84b6c4db3a,SAN PEDRO DE LA PAZ,Suzuki,SPRESSO 1.0 GLX AC,Incumbent,ces,5201235.550652849,216824.28125,0.04168707206940179,0,Economy,2020,5,2
2021-11-19,dd1077cb28ca3732cd8a12067e87500afaedfc62b34455ae1430ebb823217822,LA FLORIDA,Mazda,NEW MX-5 2.0 6MT T.LONA,Incumbent,ces,20350115.30764722,1025542.5625,0.05039492636754834,0,Premium,2021,11,4
2012-08-27,d7e5a445465e8d18991215938adbe1ff5359f9b55eeaa12c7428781a1c5ee795,RIO BUENO,Suzuki,ALTO 800 GL2,Incumbent,ces,2528525.8000766337,221176.484375,0.08747250448000042,0,Economy,2012,8,3
2013-11-30,f51fafc0699c8a58a276b66ca8616acd898b0a25f6d871b930718965a5db9874,MAIPU,JAC Cars,J2 1.0 5P BE,Chinese,propio,3087740.923540828,178024.640625,0.05765530367776209,0,Economy,2013,11,4
2012-11-28,f5103f2b0b1482890ab52e9e027b55e72d9ad46fead2624a6124a31de1324ca9,PEDRO AGUIRRE CERDA,Samsung,SM3 SE MT TX,Incumbent,ces,5523827.5265123295,463193.28125,0.0838536827999867,0,Economy,2012,11,4
2011-10-24,d8d7716d9954e45a9079baf7103402cf868bba6339865db3b93dbd01b187a436,LA LIGUA,Suzuki,ALTO 800 GL2,Incumbent,ces,3289763.320337232,227899.125,0.06927523435839092,0,Economy,2011,10,4
2019-11-26,782dc8bd5d5a6192c5cfbbe444d241dcab19d2f43fc62be5a6d21e86b93ad9e8,MAIPU,Haval,HAVAL H6 AT 2.0T 4X2 ACTIVE,Chinese,propio,10218790.091600263,652849.75,0.06388718665790342,0,Premium,2019,11,4
2018-06-29,4d466192da1504aa62849205b06bfbbbc8674afa15b2ee8d5dc91b7363a40ac9,LOS ANDES,Changan,CX70 COMFORT MT,Chinese,propio,6419567.949445908,384145.1875,0.05983972605713391,0,Mid,2018,6,2
2017-07-07,162c739255850f1d29503bb33b01f73d1560031b158fd83b574307e8def4bb9f,LAS CABRAS,Mazda,MAZDA5 V 2.0 6MT,Incumbent,ces,9953905.764463622,846386.5625,0.0850305982925496,0,Premium,2017,7,3
2019-07-23,457fdd44d4b9df789859c1cf8e123eb2e93c375ba01ef986ed65cef87958bca2,LOS ANGELES,Suzuki,DZIRE SEDAN 1.2 GL,Incumbent,ces,5852870.827043605,346272.15625,0.05916278805437238,0,Economy,2019,7,3
2018-08-31,b0592cb972aa3dbbfba8f787c50b83bf472ef4edadad6290a19c658182792bfa,MAIPU,Suzuki,CIAZ SEDAN 1.4 GLX AT,Incumbent,ces,7413693.517187661,416470.875,0.05617589586546406,0,Mid,2018,8,3
2018-07-06,a476d81215a3fa5de9dcb624a2a3244a79edc95f475f9438d4dd6ac620a89027,LAS CONDES,Suzuki,SWIFT 1.2 GLS,Incumbent,propio,6745244.637616088,411578.40625,0.061017565464528585,0,Mid,2018,7,3
2018-09-13,849ec94b8196a6cdb7ee9025b23fc16655563ba44fce66ddf3f8eb827dbd3624,PUDAHUEL,Changan,A500 LUXURY,Chinese,propio,6188508.847169748,523610.75,0.08461016424650797,0,Mid,2018,9,3
2018-01-29,5c6695bec85b08c29b6caee6a1faf33ed77dcc5d72d0bef7a1454e10493ba283,VILLARRICA,Suzuki,GRAND NOMADE 2.4 GLX NAV,Incumbent,ces,9926953.32640232,839663.8125,0.08458424099434213,0,Premium,2018,1,1
2012-10-31,68880cd1fc68048346bc87dcb95e314cbc351a1cf71a7b7e487dd048963a896c,PUENTE ALTO,JAC Cars,J2 1.0 5P CE,Chinese,propio,3509221.708908452,182317.640625,0.051953867765656254,0,Economy,2012,10,4
2014-04-17,5004ad230030fc2257a9ff63434dc0c8c6d84f84108444f67e6d7f52a5a2026b,SANTIAGO,Mazda,NEW MAZDA6 2.0 6MT,Incumbent,ces,10607587.181387668,709538.25,0.06688969299681771,0,Premium,2014,4,2
2019-03-27,631dab2db097774469da4936e69986c5ba3cd1a39315719e1643e6f81a198335,VALDIVIA,Changan,CS15 LUXURY PLUS,Chinese,ces,5856637.417423952,271596.4375,0.04637412531156179,0,Economy,2019,3,1
2019-06-28,dcd00ec738dc29543547b0544efe2e71b7db84cbc1a9df064eb6c32b14999010,MAIPU,Changan,CX70 COMFORT MT,Chinese,ces,7102908.128561303,462761.1875,0.06515094650305332,0,Mid,2019,6,2
2018-10-31,df1bfcff0c4e119ae864b8a17da55526d211777e87e8dcd6e7c31ec2f93bcbb7,LAS CONDES,Mazda,ALL NEW MAZDA6 SDN V 2.0L 6AT (C.N),Incumbent,ces,11873179.591831746,623802.5,0.0525387909089786,0,Premium,2018,10,4
2020-12-30,f27050b122dc6a3e798aef8da277dddd14d06633136d556d16c783ebb0f03570,TIERRA AMARILLA,Great Wall,M4 1.5 EN,Chinese,ces,6937694.553843405,367394.96875,0.05295634823624042,0,Mid,2020,12,4
2014-08-31,3baf639324c98b5d34727cf759669b41aafcae87a027dbfa08b6bf78e4732d42,LAS CONDES,Suzuki,GRAND NOMADE 2.4 2WD AT GLX SPORT,Incumbent,propio,8143455.377484461,557227.4375,0.06842641258164901,0,Mid,2014,8,3
2012-11-11,0c87e60e080f309d21da1d347744944e243976e9af4ca84221a90d5546fe8abb,RENCA,Great Wall,WINGLE 5 2.2 4X2 SEP,Chinese,propio,5894857.299677642,415406.0,0.07046922069219833,0,Economy,2012,11,4
2017-04-28,0bc9e8164b064db860ce607763fe1d9733e14d34eb482176aec46d788664cba5,TEMUCO,Suzuki,SWIFT 1.2 GLX AC,Incumbent,ces,6767494.829346081,481680.84375,0.07117565005905488,0,Mid,2017,4,2
2014-06-09,f5781dd5bccfee707bba4072c69f5f4c9f1a9d2a6ba4282f10d4a37eeeb11516,LOS ANDES,Mazda,CX-5 R 2.0 2WD 6AT I-STOP,Incumbent,ces,12185611.853620537,692806.9375,0.05685450561057844,0,Premium,2014,6,2
2021-01-29,349e3b0d0e87151d656a6e802a9f55a42d9be04c65e3fce1c054fc79efcea156,VALPARAISO,Suzuki,SPRESSO 1.0 GLX AC,Incumbent,ces,5686684.610943121,385829.875,0.06784794680850274,0,Economy,2021,1,1
2014-05-26,c05f5f583117c687bdc0560a87453fc04681f2511c2a1bb01418621b3f51c022,SAN BERNARDO,Geely,NEW CK 1.3 16V GS,Chinese,ces,3321162.195104811,183435.28125,0.055232256202474045,0,Economy,2014,5,2
2015-01-31,3f9a9c05b2a9659483d2d4116feb49ce8060579a40e7d132328319669f80c1da,SAN PEDRO DE LA PAZ,Mazda,CX-5 GT 2.5 AWD 6AT I-STOP E5,Incumbent,ces,16059401.405666249,852085.0625,0.0530583326847636,0,Premium,2015,1,1
2009-06-05,c2544af6ff95c62f6dc7094ab78552f7f32d92a3464047353c7d4f87bd4e4825,NUNOA,Suzuki,SX4 SEDAN 1.6 AT GLX SPORT,Incumbent,propio,6819732.98503663,574117.6875,0.08418477508719006,0,Mid,2009,6,2
2018-07-20,d3c90be25781d96bd3547c615eb968f627b42df5f8d397e5944d87d3a2ab28dd,SANTIAGO,Renault,CLIO IV 0.9 HB DYNAMIQUE E6 F2 MT TURBO,Incumbent,propio,8344148.495067539,520778.53125,0.06241242369522149,0,Mid,2018,7,3
2017-09-22,4b52a494c78a1af0f240b7b1a628c72a3b5a11365558de29766d0a778c954527,LAMPA,Suzuki,VITARA 1.6 4WD GLX,Incumbent,propio,10628372.368521107,661867.0625,0.06227360498398646,0,Premium,2017,9,3
2019-02-19,abb13b13f109e586cfa67e21b42b15ab36a75bce3de00041520dd42cb55a2168,COPIAPO,Suzuki,S-CROSS II 1.6 4WD GLX,Incumbent,ces,10734446.51786303,927058.8125,0.08636298210227192,0,Premium,2019,2,1
2017-08-31,94cea3e33410ed5139645fcd308be5cbc40033624d5e49560aeecca5b597cd6b,UNKNOWN,Mazda,NEW MAZDA3 SDN 2.0 6MT,Incumbent,ces,9380151.161845325,578119.9375,0.061632262372440114,0,Premium,2017,8,3
2020-12-30,1e54ec6bbf481ebfbe1844a991311e766fcbf9d74793c3bb32a0ee02a27a1734,TEMUCO,Suzuki,SWIFT 1.2 GLX,Incumbent,ces,8241453.580715562,758991.625,0.09209438815210808,0,Mid,2020,12,4
2018-05-24,79321ac1f9befd8142ac4bc3f7f6cf9561c8acbca0141e7f0c3053447cae7999,CONCEPCION,Suzuki,ALTO K10 1.0 2AB GLX AC,Incumbent,ces,3892475.815242806,253964.3125,0.0652449301047637,0,Economy,2018,5,2
2016-11-08,52d6ba7b358322beab2cb162a385a4a0b619ad436097b9288149467c08e7851b,TEMUCO,JAC Cars,S2 1.5 4X2 CE SPORT,Chinese,ces,5949389.654568878,333781.53125,0.05610349138817458,0,Economy,2016,11,4
2020-08-29,33c1b992d16b026197a681e9538174a1c04153ec33d3e260b9ea69ab91e13d0e,SANTIAGO,Changan,NEW CS15 LUXURY MT,Chinese,ces,6262635.705022041,378186.75,0.06038779322525978,0,Mid,2020,8,3
2022-03-03,d3f3d83b333105b6d8b6bbc928f4137079227bc373549ddb0fcf2bb4d1e95024,LOS ANDES,JAC Cars,JS2 COMFORT,Chinese,ces,8046641.923195517,685882.0625,0.08523829804366634,0,Mid,2022,3,1
2013-04-12,2bc47074ee0d6d7725cfac3ec33e9e109208782e39a0893a6f150bd83c6eeab1,VALPARAISO,Great Wall,C30 1.5 SE,Chinese,ces,4776657.420149341,261632.6875,0.05477317389276372,0,Economy,2013,4,2
2022-03-21,f5ffcc3b3bb6557cffa5fa7a9af052e2cdf309a704255535018ecba6c6327b0b,LA SERENA,Suzuki,BALENO 1.4 GLS,Incumbent,ces,9599064.718318196,557475.5,0.05807602265001423,0,Premium,2022,3,1
2021-11-30,aa9cf4592322d022ce2846fdeebc79ca5a81e84973738cb7105d1c41b78cc62a,PENALOLEN,Mazda,ALL NEW CX-30 GTX 2.0 AWD 6AT 7G,Incumbent,ces,19829620.117179114,1390924.625,0.0701437857498335,0,Premium,2021,11,4
2018-07-25,5af66352a16be7026d8216b67429a33cd65a9b17f3000ee424bac767560fcfba,INDEPENDENCIA,Suzuki,GRAND NOMADE 2.4 AT GLX NAV,Incumbent,ces,9050396.602363158,536763.0,0.05930822963712389,0,Premium,2018,7,3
2013-03-27,a23fe4412755a6a8a2c561adb66702a92fb17ca86f70730055f167fbad484c0e,CALAMA,Mazda,CX-5 4WD R 6MT,Incumbent,ces,12315714.956102751,775798.125,0.06299253658964982,0,Premium,2013,3,1
2017-09-28,18ab8b89f8253f43313826fa2e44b9ac5a84ab584fbef3128ce3d988d0220460,SAN PEDRO DE LA PAZ,Suzuki,SWIFT 1.2 GL AC,Incumbent,ces,6190145.158535516,272165.4375,0.04396753719494193,0,Mid,2017,9,3
2020-08-14,051a6b2fd1df5451c4b2410ba797b5cae3dd2221adf5d9b7a9d154ab050eba71,PENALOLEN,Suzuki,BALENO 1.4 AT GLX,Incumbent,ces,8883942.811472518,482556.59375,0.05431784107466761,0,Premium,2020,8,3
2016-07-12,cdd0b901c3a2360adfc20ab1b032f624a5329910c3385994abe806ee684bdbee,HIJUELAS,JAC Cars,T6 DOBLE CABINA 2.0 4X2 SE,Chinese,ces,8934047.201811126,184843.0,0.020689727267450334,0,Premium,2016,7,3
2017-06-21,16688c4a5a3542cd2ad41b00d919837a19bfaf7ec2841a022f4b22247e1519d7,LA REINA,Suzuki,SWIFT 1.2 GL AC,Incumbent,ces,5817141.843025027,388437.4375,0.06677462024855921,0,Economy,2017,6,2
2021-09-27,dc0450da5dc7aaff173b6625ef0ee7b62dfe5cfab4021eff0bfd2ff85091d2a0,UNKNOWN,Suzuki,BALENO 1.4 AT GLS,Incumbent,ces,9257912.466714894,836302.5625,0.09033381612828709,0,Premium,2021,9,3
2014-04-30,8a1c532e8a0860c80619b601eac73cb86e626486482e52f0858283edc5c007a1,OSORNO,Suzuki,SX4 1.6 CROSSOVER AC,Incumbent,ces,6991620.548592002,412773.59375,0.059038328936933775,0,Mid,2014,4,2
2019-02-22,8545bcef6571bd9efa4d39094c801eddb239ec687636b312b359756afc96e4f0,ALGARROBO,Suzuki,DZIRE SEDAN 1.2 GLX,Incumbent,ces,7029205.679349275,428430.6875,0.06095008554930516,0,Mid,2019,2,1
2013-06-10,d8eba80f51edf074e71bc12e0e501a41846e7ec373e663f43d1285f8b4f62bd3,LAS CONDES,Mazda,CX-5 R 2.0 2WD 6AT I-STOP,Incumbent,ces,11807091.963887624,755673.625,0.06400167181819642,0,Premium,2013,6,2
2011-08-27,bb59a02dd2594e4ddfc14b92e079a09d5a9a3027cbbef81b4ef25537c0e5054f,LAS CONDES,Mazda,CX-7 2.5L R 2WD AT,Incumbent,propio,11947666.480540058,558031.125,0.04670628577629796,0,Premium,2011,8,3
2017-06-05,09a5fd1a05698439bbba0542d3bf51118085be004694a83e02b76becb90eb6cc,MELIPILLA,Suzuki,SWIFT 1.2 GL AC,Incumbent,ces,6148980.987265502,450528.4375,0.07326879664013294,0,Mid,2017,6,2
2018-07-20,727155eabffaeebf9e6855143ca7e492ed603b4cf193ad4599fcc6dd18cfb947,LA FLORIDA,Mazda,NEW CX-3 R 2.0L 2WD 6AT,Incumbent,ces,10136668.9571247,708013.0625,0.06984671843331364,0,Premium,2018,7,3
2021-09-07,9c834d9356e0d4865ef91ee171676342a956f3730aa10afcd423986bc59f4e9c,UNKNOWN,Suzuki,SPRESSO 1.0 GLX AC,Incumbent,ces,5933223.227764719,496081.59375,0.08361080894926881,0,Economy,2021,9,3
2021-10-27,ab131e121a28c28a873255b84723149c06696abedc214ec2659900ca770edf69,OLMUE,Great Wall,WINGLE 5 G 2.2 4X2 ELITE,Chinese,ces,7798335.028207712,637545.0,0.08175398949825918,0,Mid,2021,10,4
2012-09-24,9eded6aac14b22e762b88cb79a2e1e8f2032017b75e9f38f2c57a031f1320d9d,SANTIAGO,Great Wall,HAVAL H3 2.0 4X2 LE,Chinese,propio,6663589.205160633,445951.15625,0.06692356664252833,0,Mid,2012,9,3
2020-08-28,d3d5954b1ffcbbfbd471d09e8b5cd741872b8c71ae4150c86d569d192ca71cf8,MAIPU,Suzuki,BALENO 1.4 GLS,Incumbent,ces,6689138.59206239,354002.1875,0.052921939443753445,0,Mid,2020,8,3
2021-02-26,8dc85b4f1a3926dd9bf0931d4d18f85e4ad319865def995796dbc052d07bb482,LA REINA,Changan,MS201 DC PICK UP A/C EPS,Chinese,propio,6168875.1766065415,466315.0,0.07559157652733003,0,Mid,2021,2,1
2011-04-20,1f0be41c72a48354a2174a86b26e1e1ea75b055c01dd405b1be74730b73b8f24,PUENTE ALTO,Suzuki,ALTO 800 GL2,Incumbent,propio,2651288.547687893,170924.125,0.06446832244987354,0,Economy,2011,4,2
2021-12-28,669382a16dda4e663dee64c1f8a1e1deed2cf7fae88355c4c6e314e5421417cb,QUILPUE,Changan,CS15 COMFORT MT,Chinese,ces,6849155.331622751,515714.40625,0.07529605933580327,0,Mid,2021,12,4
2009-06-02,09a62fcf6b24d55f7762dfff53c312b77360f3da3936bc185bef177c0133f9a0,TALAGANTE,Suzuki,APV2 1.6 PICK UP,Incumbent,propio,5750597.8699641945,479200.0,0.08333046595083576,0,Economy,2009,6,2
2014-03-10,d07d0b76c93456ac3e15f56aa2d585e8f68adfe929192a92214835fb408e72c2,SANTIAGO,Suzuki,APV VAN 1.6 GL,Incumbent,propio,7675068.516866274,370071.125,0.04821730570701144,0,Mid,2014,3,1
2020-09-10,cdc83a247f147dbaefb31ed93183e0b7931f13f10cbed1c29b389851c169a30d,SANTIAGO,Great Wall,C30 1.5 COMFORT,Chinese,propio,5441867.548912047,366744.09375,0.06739305770558868,0,Economy,2020,9,3
2021-04-30,9b156f33a3dc83ae4e702a8199a8a23683b9315b1c8f78266e578f6dd0c3f326,COPIAPO,Changan,NEW CS15 ELITE AT,Chinese,ces,8398191.39163375,715294.0625,0.08517239357185566,0,Mid,2021,4,2
2016-01-29,a1764e41db7d23c60cc18c3962095fa9563346695776020dc758fafc3eb63bb2,LIMACHE,Haval,HAVAL H6 1.5T 4X2 ACTIVE,Chinese,ces,9715391.048663624,522167.5625,0.05374642769235989,0,Premium,2016,1,1
2021-10-14,5f14df7b05f267f9fc68724b6afbaf76d98283745e703d81bd02be70ba7a99d4,PROVIDENCIA,Suzuki,ERTIGA 1.5 GLX PLUS,Incumbent,ces,11359423.829778291,970756.3125,0.08545823512238357,0,Premium,2021,10,4
2012-06-19,bdbbe7027338c5156c5dba53a8921096d0283a8e2d54b8bcfb8176860fdfb95c,SANTIAGO,Changan,S300 EIV,Chinese,propio,3275821.0891969856,183845.0,0.05612180732527936,0,Economy,2012,6,2
2018-05-19,7867f63b7c4cd6f3712287586f5d8c45a2224eb3e111c7cfcfb5748f8b01cba2,RENCA,JAC Cars,S2 1.5 4X2 SE CVT,Chinese,ces,7919340.346948696,435849.3125,0.05503606277862925,0,Mid,2018,5,2
2013-08-31,33d92e962d4d9dfffb62186c652dbd009721411cebd8963093cad1117093c182,PUENTE ALTO,Suzuki,SWIFT SEDAN 1.2 GLA,Incumbent,propio,5285570.447715761,345844.125,0.06543175016226711,0,Economy,2013,8,3
2017-08-31,90c359ef28b3a5b23179a72ad0e41c37fa67881c6916ec781079fe787e821372,SAN MIGUEL,Suzuki,IGNIS 1.2 GL,Incumbent,ces,5947641.069894799,284326.96875,0.047804997882131633,0,Economy,2017,8,3
2019-05-17,2649272ef8b0fea9701fc5c8cbfd116f35d244e69d194efd81530af80d659aa8,LAS CONDES,Mazda,NEW MAZDA2 SPORT S 1.5L 6MT 6 AIRBAGS,Incumbent,propio,7115027.706219916,337302.28125,0.04740702287850999,0,Mid,2019,5,2
2021-04-27,23621ad1944681c809253caa56a28335b55a64148659a1cf7f5523454304e2ad,TEMUCO,JAC Cars,JS2 COMFORT SMART,Chinese,ces,7432984.953751036,427899.1875,0.057567611149819675,0,Mid,2021,4,2
2019-01-22,f4a325a9913470ef2b07c5a33e411b964ca28d414385ae02cbc0a1da18a8a948,PUENTE ALTO,Suzuki,VITARA 1.6 GLS,Incumbent,ces,8659293.558595076,263561.75,0.030436865111056643,0,Premium,2019,1,1
2018-09-07,898cd774e33076a728f96890247bdbfd655c3431a59e37accd655f32f40b4955,RANCAGUA,Suzuki,VITARA 1.6 GLS,Incumbent,ces,9044669.748384554,819495.75,0.09060538115793207,0,Premium,2018,9,3
2013-10-08,7825cad36989bfc22abeaba3d55cd2541bec5502b3f0959676ef9a2b5bd8f489,MAIPU,Great Wall,HAVAL H5 2.4 4X2 LX,Chinese,propio,7226529.262259079,463928.6875,0.06419799473073352,0,Mid,2013,10,4
2012-08-25,4c9bc821a135cc36b9ff06b9f2b175175ea1f77fe6748749b17020167e7437bc,EL BOSQUE,JAC Cars,J3 TURIN 1.3 VVT BSE,Chinese,propio,3980118.717008566,221615.15625,0.05568053920174639,0,Economy,2012,8,3
2013-08-30,84dab2ca125a73f2e78217c324f69fce29f88c35f8f63fa4bac9394f8a8d0e6a,EL BOSQUE,Samsung,SM3 1.6 SEDAN SE 3,Incumbent,propio,5147247.877370848,306148.125,0.059478022487694286,0,Economy,2013,8,3
2013-03-27,0abe07ec9f6c144dd88caa906170dd7d30365a102e0290e89183c2c644e06d3c,NUNOA,Mazda,MAZDA3 SEDAN 1.6L S MT,Incumbent,propio,7712546.675600589,435674.75,0.05648909087037366,0,Mid,2013,3,1
2017-01-31,c7c17bd1782291d79621a1b5d0f79cbabbc3197911008ad4b585e5bf8cfcaff6,PUERTO MONTT,Renault,CLIO IV 1.2 HB EXPRESSION E6 F2 MT RI,Incumbent,ces,7940825.584270654,636429.1875,0.08014647604912159,0,Mid,2017,1,1
2021-12-28,6562fd4ef53dfaf0409cad5c2c7c9c5334fdca31b9f166741dfd41157090bbc5,TEMUCO,Suzuki,BALENO 1.4 GLX,Incumbent,ces,10267368.052726507,698487.625,0.0680298613445065,0,Premium,2021,12,4
2019-08-30,f90c1739acc29c53e549c46b3eb1d67c2c471ca82ad5d851c5c74ae1f47e3c3f,TALCAHUANO,Suzuki,S-CROSS II 1.6 4WD GLX,Incumbent,ces,10231206.052832026,690084.0625,0.06744894579744905,0,Premium,2019,8,3
2021-12-22,3b4d7cb425ce587edab52da169dae24404ed4f262259d6852f2375ada8efb168,TRAIGUEN,Great Wall,WINGLE 5 G 2.2 4X2 ELITE,Chinese,propio,9469858.053723156,727200.0,0.07679101374852129,0,Premium,2021,12,4
2019-01-31,9bb059bd093da488e357abc7410d0d51ee16a5de15bd8ecc88218c52169d87fc,NUNOA,Mazda,NEW MAZDA3 SP 2.0 6AT,Incumbent,propio,11026449.739008328,545629.0625,0.04948365751577548,0,Premium,2019,1,1
2010-10-28,6f4f6213ed6fe3c984ad5a9e7fbe02df66d02b14c1cd3ad3171fc82d5f5263a6,TEMUCO,Geely,NEW CK 1.5 16V GS,Chinese,ces,3705580.9543571663,271059.71875,0.07314904790604491,0,Economy,2010,10,4
2013-05-22,f645c1d388bb9e8117d082193687b450129063874fb64bddf4af3fe0a6a2f80b,SAN FERNANDO,Changan,CV1 1.0 ST,Chinese,ces,3172786.57914006,261512.640625,0.08242364688011236,0,Economy,2013,5,2
2014-08-28,03bb3f5077afb626bce0bf3dba9a21a56c845cc4c14039e9d0f39e3a09ecd4e9,PELARCO,Changan,CS1 1.3 BS,Chinese,ces,3562895.746871184,225798.359375,0.06337495549042897,0,Economy,2014,8,3
2019-10-09,493c05f93bfbdf1b9f85f4bbbf2f9d8242761e3d4c9ad0d23f11bfa0e1a34ebb,LA FLORIDA,Mazda,ALL NEW MAZDA3 SP V 2.0 7G 6MT,Incumbent,ces,12548903.729702195,609442.6875,0.04856541261508769,0,Premium,2019,10,4
2021-09-29,39e3e08913d1c938a995f83b78e8b0cfa7271075188e9b336467c92d08e0707b,RANCAGUA,JAC Cars,JS2 COMFORT SMART,Chinese,ces,7367641.580686096,651428.5625,0.08841751534272344,0,Mid,2021,9,3
2016-12-06,fd84d45008449eb162db2bf47a488c758212d33cbca6df5b1cf841ea1b6ff631,VALDIVIA,Suzuki,BALENO 1.4 GLX,Incumbent,ces,8757451.518988358,361734.71875,0.04130593449083539,0,Premium,2016,12,4
2016-09-06,083962f50a64c5a05b7bf427d4dc9eac55ada2a6009c5760637b56bc39b46576,LO BARNECHEA,Mazda,MAZDA3 SPORT V 2.0L 6AT,Incumbent,propio,10446730.055233533,596218.625,0.057072272553009104,0,Premium,2016,9,3
2021-03-31,3964c5d02b7f2df7e5fdb6b02e9d62db5f63e29d2b83af8791a3afaee5d33933,TALCA,Great Wall,POER PLUS AT 2.0 TD 4X4 ELITE.,Chinese,ces,17166256.75707564,1031754.0,0.06010360992501924,0,Premium,2021,3,1
2018-04-30,b260fd07f3a515e5be8191c3063b6ed1dbfeef6fca6325cf78fbd04f5e7a0b64,TEMUCO,Suzuki,BALENO 1.4 AT GLX,Incumbent,ces,8392699.984715173,745546.25,0.08883270596563592,0,Mid,2018,4,2
2018-01-31,41f11e28a8a222de914819a7e0bb50d3700c886db301b520ae20626c57fd2451,SAN MIGUEL,Changan,CX70 LUXURY MT,Chinese,propio,7461953.858877098,357849.0,0.047956474506242845,0,Mid,2018,1,1
2021-05-31,f53141d6b8ef72637dd2d4abfc9a14d145f4fb577fdd63728d651c7edf6ff6a6,ILLAPEL,Great Wall,M4 1.5 LE,Chinese,ces,7544018.98878753,526971.375,0.06985286964192736,0,Mid,2021,5,2
2014-01-11,3db2779b814f9487dc2cb14ac937639c25a7c98502d17daf876a027fdb396b7d,SAN BERNARDO,Renault,DUSTER 1.6 EXPRESSION 4X2 MT,Incumbent,ces,6001376.515201122,-418749.25,-0.06977553381950519,1,Economy,2014,1,1
2014-03-13,e3b52f2e3c4953ceb1b3383997b1d5786ad7ac759eea4a81741040fa706aa316,COPIAPO,Suzuki,JIMNY 1.3 JLX SPORT AC,Incumbent,ces,6456573.40408133,448957.53125,0.06953495347334004,0,Mid,2014,3,1
2014-01-10,467498b09c685dbf068195fe1450d58dfba19f8af0d2fbb0b36d5ac067b1f6a7,MAIPU,Renault,FLUENCE 2.0 SDN AUTHENTIQUE MT F2 NEW,Incumbent,propio,5449733.4313939735,42746.44140625,0.007843767396035001,0,Economy,2014,1,1
2018-09-05,1704ae986c2329a30951f540c3cce38af6860c4deb1e7af08f7e3ab468b063ab,NUNOA,Suzuki,DZIRE SEDAN 1.2 GL SPORT,Incumbent,ces,5953934.523500453,245063.953125,0.04116000136678046,0,Economy,2018,9,3
2016-03-30,24e0bf5e45308cd2680504b9e7166f4eba87fa839b0eb4212e9b66a4e59db0b3,TEMUCO,JAC Cars,J2 1.0 5P SE,Chinese,ces,4385939.222676199,355630.25,0.0810841719286303,0,Economy,2016,3,1
2018-05-10,5cf1de9b11380b2a6cde641cf5e32778242bd4b5cd04ebab099a3d54d63832c4,VINA DEL MAR,Renault,CLIO IV 1.2 HB EXPRESSION E6 F2 MT,Incumbent,ces,7071893.155695225,502078.46875,0.07099633120809523,0,Mid,2018,5,2
2016-01-22,363b5fef6f181cbf094f61b90e87c118184423f0a25cebc473cf8ebc1c975f9b,LOS ANDES,Great Wall,HAVAL NEW H3 2.0 4X2 LE,Chinese,ces,8038425.109941443,630588.375,0.07844675622095751,0,Mid,2016,1,1
2010-05-26,3a905f13849ae9be66a3c52d6f81fbc813688d167ad28b09f86e8b4cc15d9679,VINA DEL MAR,Samsung,SM3 1.6 SEDAN LE P AT 3,Incumbent,propio,6202086.195755505,318907.09375,0.051419326285443934,0,Mid,2010,5,2
2019-12-31,9a75592c8917d2a67700456606dede879aec888c92e6e9f823ea6160fed7e599,SAN MIGUEL,Renault,"DUSTER LIFE 1,6L 5MT 4X2",Incumbent,propio,6578692.555686278,506776.28125,0.07703297835555016,0,Mid,2019,12,4
2020-01-27,34d72356335c7a0c964654c70c92521e221416b10f52acaf34fa5686d8a0391e,PUENTE ALTO,Changan,CX70 COMFORT MT,Chinese,propio,6609118.334857175,508545.90625,0.07694610392552305,0,Mid,2020,1,1
2019-03-22,52e279d390e1d21f46b91aa93755187cb14a37792192a5750cfc48f7cfa1617d,ANTOFAGASTA,Renault,"NEW KOLEOS 2,5 PRIVILEGE 4X2 6CVT",Incumbent,ces,14368818.928030657,767647.75,0.05342455450548372,0,Premium,2019,3,1
2021-03-29,5e5b27c6b45d66dd69f6e25ce2c4c8aa15cfeb94f5c28cf3545fbb8126b31f28,VALPARAISO,JAC Cars,JS2 LUXURY,Chinese,ces,7718098.794059264,440083.90625,0.05701972959827091,0,Mid,2021,3,1
2021-09-10,81370ab01dfd9acf1ae175a30edae50ced0eb29eeb1b85539bc0f3c3ed117150,LO PRADO,Suzuki,BALENO 1.4 GLX,Incumbent,propio,9281718.93107393,668310.5625,0.07200288733831266,0,Premium,2021,9,3
2010-03-10,fd95e0b804769bc0c0f09838e71525b50b1bb2b5cf18fd820ee6c2559f574c5a,SANTIAGO,Suzuki,ALTO 800 GL,Incumbent,propio,3167552.6083237985,143750.5625,0.04538221784296417,0,Economy,2010,3,1
2016-11-28,55f10060e9ff9050cb82a9a8351a6d2da6574310066551ac4325ff75fd49f108,TEMUCO,Suzuki,SWIFT 1.2 GLS AC,Incumbent,ces,6639703.051178545,401552.96875,0.0604775493203306,0,Mid,2016,11,4
2017-07-12,371c1d89f683cd2141e4acb7d72845a56d16784937fb47848a2483daad03b52c,LAS CONDES,Mazda,NEW MAZDA3 SP 2.0 6AT,Incumbent,ces,10355630.836301588,517312.6875,0.04995472469784885,0,Premium,2017,7,3
2019-06-10,a6182a22a944514784e138b8167c7e5dfba2de93c57df4084d4bea90bfbcb868,CALAMA,Great Wall,M4 1.5 LE,Chinese,ces,5688978.0072881365,360672.3125,0.06339843677334374,0,Economy,2019,6,2
2017-12-23,0f545bdb700ec35342cf2fd2bc344d6d21d70e28b0640706fdadae6f1badd329,CONCHALI,Haval,HAVAL H2 1.5T 4X2 ACTIVE,Chinese,propio,6909798.831159581,-669999.6875,-0.09696370384600078,1,Mid,2017,12,4
2017-10-31,26fe065c166a63a83fd19fe0c0d775d5c10f147b90db8afe6d81079d99036e84,VALPARAISO,Suzuki,SWIFT 1.2 GL AC,Incumbent,ces,5017102.20270556,294281.4375,0.0586556593049477,0,Economy,2017,10,4
2015-08-31,f89ae857c1de84ba746b8e9390c6c7b8739da502c0a8281c2e7ad8826cdd18e8,CALAMA,Renault,DUSTER 2.0 DYNAMIQUE 4X4 MT PACK E5,Incumbent,ces,8802967.963305565,770756.375,0.08755642167651109,0,Premium,2015,8,3
2019-07-31,1c6c9a188d42d1c68089b72239846c523bbf74f7bfca4fb1f2434b9c4d897de9,SANTIAGO,Renault,SYMBOL INTENS,Incumbent,ces,6237475.474579655,340916.4375,0.054656156788011175,0,Mid,2019,7,3
2014-05-14,9c9e8c80e7acb2d15a73f73f198e48c59cc127d9691fc8f568089c00d78bc466,SANTIAGO,Suzuki,GRAND VITARA 2.4 GLX SPORT,Incumbent,propio,8217548.685499021,370210.28125,0.04505118197879208,0,Mid,2014,5,2
2014-12-12,681f791c9be5ac59f25214a2bf62825bb0a24854185c4ce62a67c6bac2be2eb3,PUERTO MONTT,Mazda,CX-5 R 2.0 2WD 6MT I-STOP E5,Incumbent,ces,12665117.36499807,749641.25,0.05918944360292663,0,Premium,2014,12,4
2019-01-31,42c4883a4fc61209fc1a4dc825bd5021ff0197800133151c22b30f95028b7c99,REQUINOA,Renault,CLIO IV 1.2 HB EXPRESSION E6 F2 MT,Incumbent,ces,6043329.5708735045,631260.5,0.1044557462234775,0,Economy,2019,1,1
2012-07-21,2feb70136ea4242f36dc129e849b66ccd148a1f1a45c08b959c0122f300c230c,COQUIMBO,Suzuki,ALTO K10 1.0 GL,Incumbent,ces,3150038.134040653,261512.640625,0.08301888088241952,0,Economy,2012,7,3
2021-12-07,8e52a74f0faa742ef4b06383b2445133f58b49116011f433f210f6a07640c5da,MELIPILLA,Renault,KWID 1.0 HB OUTSIDER 4X2 MT,Incumbent,ces,6638350.937690469,339106.375,0.05108292378377597,0,Mid,2021,12,4
2019-08-09,5512a5b3df1a2bd9619c612321acefbea3cd529d77a3f79586495b486536e251,PANQUEHUE,Mazda,NEW MAZDA3 SDN 2.0 6MT,Incumbent,ces,9007305.31473256,559999.9375,0.06217175036623338,0,Premium,2019,8,3
2018-07-27,24a471de8c082b57ed96e7c1d682916deff6727be916c919c7567d76768248e2,SAN RAMON,Mazda,NEW MAZDA6 SDN 2.2 6AT (CN),Incumbent,ces,15930584.32685477,1157310.5,0.07264708414047809,0,Premium,2018,7,3
2019-02-20,66acf479a6c0533c8de275eaf6513a965eeea9a500ad67f8b5d88975a96dcb5a,RANCAGUA,Suzuki,GRAND NOMADE 2.4 2WD GLX NAV,Incumbent,ces,8606253.509950895,785882.3125,0.0913152641380284,0,Premium,2019,2,1
2012-11-29,37a8796fa1f521769a257b5c9252f074e8f56b076e79e2ff2532da429ad366fa,PADRE HURTADO,Samsung,SM3 1.6 SEDAN SE 3,Incumbent,propio,5602622.800575999,463193.28125,0.08267436479971126,0,Economy,2012,11,4
2018-10-10,6ae8e1ced3748ebc883083e3d4f3a48242e9d294a21b73047bd8b5d16ab4afc1,RANCAGUA,Suzuki,DZIRE SEDAN 1.2 GL SPORT,Incumbent,ces,6178806.321749118,557310.9375,0.0901971851000234,0,Mid,2018,10,4
2011-03-16,46e682485ab0af8047a616480b6b6ffc2242e24062ba5941ef675a75872152d6,PUENTE ALTO,Suzuki,APV VAN 1.6 GL,Incumbent,propio,6686775.868941058,372642.875,0.055728333400684636,0,Mid,2011,3,1
2021-02-11,7014b17a067006f0fb0cfb8c970bcb825a2e5a5bc98aa3f55ad70b3a50713b39,LA FLORIDA,Changan,NEW CS15 LUXURY MT,Chinese,propio,7463016.429193268,627899.125,0.08413476386623395,0,Mid,2021,2,1
2018-07-25,9e32dd51b451ced076523a9e3df9099fb1c89695107ff4ceff308f4e331c47b3,EL BOSQUE,Renault,CLIO IV 1.2 HB EXPRESSION E6 F2 MT,Incumbent,propio,7180469.811584371,448905.46875,0.06251756229456927,0,Mid,2018,7,3
2018-06-07,70a096905449f3313b253097bc5d5f19e56a4209bc04ff2d5899a55b9b8715b1,TEMUCO,JAC Cars,S2 CE COMFORT 1.5 MT,Chinese,ces,5270228.082588948,456470.5625,0.08661305646486618,0,Economy,2018,6,2
2014-11-27,885db2f8f35d2c5ceb2a04506c3257092ab2990c81b68e1f7771b11b9b77ea4d,LOLOL,Suzuki,SWIFT 1.2 GLS AC,Incumbent,ces,6646988.625552263,523697.53125,0.07878718631122808,0,Mid,2014,11,4
2021-10-30,ec931be6b83dc2d072827221359597670ccdd63b8981c6ca7637f799dc7ecfcd,CONCEPCION,Changan,CS55 ELITE AT,Chinese,ces,12164614.1763108,709407.1875,0.058317278067190136,0,Premium,2021,10,4
2021-11-17,1b9037ede9008537bab45d61125018a20cb1638f79ac13c94a89899068d580cf,RECOLETA,Changan,CX70 COMFORT MT,Chinese,propio,8714629.924870657,731825.875,0.08397670139858082,0,Premium,2021,11,4
2018-04-13,9021ec1e4776e0f8cdc63cbd66527e4869cc0f60bb1ad881087d6d2582fbbc8a,PUENTE ALTO,Mazda,NEW MAZDA6 SDN 2.0 6MT,Incumbent,ces,10484344.26814821,531814.6875,0.05072464942949946,0,Premium,2018,4,2
2013-08-22,2256a11150ab1bf8606cdd378ec1a5cf92ca7f64d48012738bf526ec629cf051,TEMUCO,Mazda,BT-50 D/C 2.2L 4X4 SDX 6MT,Incumbent,ces,14171632.875343217,672002.0,0.04741881234936557,0,Premium,2013,8,3
2019-07-19,2f86262ce8ae1f8b02ac0c7becab8610530499f99a94634b7e3e7cc9a7d9e3de,TEMUCO,Suzuki,BALENO 1.4 GLS,Incumbent,ces,6529817.164138578,449748.125,0.06887606707734387,0,Mid,2019,7,3
2016-11-29,7ae7337e76eecb4e07ad64ba73229e48acf524f4c37c60e2109402dd7a894112,TALCA,Suzuki,CELERIO 1.0 GLX SPORT AC BT,Incumbent,ces,4798461.61832623,381210.28125,0.07944427017902697,0,Economy,2016,11,4
2014-07-31,8d629bc090a572bc42dcfb20da5ac8ddccc7ae784d677102146feb86ce16ce17,ANCUD,Great Wall,WINGLE 5 2.2 4X2 SEP,Chinese,propio,5902466.613271355,256239.0,0.04341218964692853,0,Economy,2014,7,3
2018-07-06,8542e0e19e9e9de9f1d9750b0e0c92b99d20d493a8d3556c06324671f2295215,LINARES,Changan,MD201 A/C CARGO BOX E5,Chinese,ces,4693118.296628588,345200.0,0.0735545064457426,0,Economy,2018,7,3
2016-03-31,5969db1c765e48e209e6dde352a5f656f44dee90af21395eff8f32220f3c13a5,CHIGUAYANTE,Renault,KOLEOS 2.5 DINAMIQUE 4X4 AT PACK FASE 3,Incumbent,ces,14237034.679961996,756480.3125,0.05313468215152366,0,Premium,2016,3,1
2018-08-10,2652365a2977b9381f67b6745485fc5d50eb09e7ea1e33f9827882be3ea6fbb2,RANCAGUA,Changan,CX70 LUXURY MT,Chinese,ces,7178202.075044556,685042.0,0.09543364659259024,0,Mid,2018,8,3
2020-03-30,077756e47e248f13ba868f7abfac9b6296c45419b83c97d5276e8f9417cd68c4,VALPARAISO,Suzuki,BALENO 1.4 GLS,Incumbent,ces,7733619.081916774,423023.1875,0.05469925309473012,0,Mid,2020,3,1
2017-09-11,8600ccff57e1b2ddc0fd12c32fbcb28c9500160d37ddf60c54a91b36f50672e8,PENALOLEN,Suzuki,BALENO 1.4 GLS,Incumbent,ces,7294415.389709138,388672.75,0.05328360522878012,0,Mid,2017,9,3
2011-11-08,40106fd7bd7d7165170ccdad683b4b375061bc58af1c4d4fd7b527a968278572,INDEPENDENCIA,Suzuki,CELERIO 1.0 GA AC,Incumbent,propio,4090364.8996994095,186810.15625,0.045670780194629626,0,Economy,2011,11,4
2011-03-24,688f5fb16607a85c9fbfb7b99834680dd0ecfdedd5398ff112960793612e7465,CERRILLOS,Mazda,MAZDA2 SPORT V 5MT,Incumbent,propio,6233048.615698288,282016.59375,0.04524537046602286,0,Mid,2011,3,1
2018-02-27,59dfc544ee80a2c47b0f57b5ca78b5c839b262cb726ec624bad1af15fd27ce9d,LOS ANGELES,Renault,SYMBOL ZEN,Incumbent,ces,5268520.568758289,280849.0,0.05330699507284867,0,Economy,2018,2,1
2018-11-29,09e16e2ae7e0ba72ddd9e1dc88905eb025e01fcafe0af859f13d1ad3fa4e1e72,SAN PEDRO DE LA PAZ,Haval,HAVAL H6 AT 2.0T 4X2 ELITE,Chinese,ces,11419343.938236495,610105.625,0.05342737974264215,0,Premium,2018,11,4
2011-03-23,850848312501390d18d2466627351d221cce1fbe1ac8b88517fafe3246ee444b,MAIPU,Samsung,SM3 1.6 SEDAN ENTRY 3,Incumbent,propio,4911513.387143276,252184.046875,0.05134548702140053,0,Economy,2011,3,1
2019-05-11,9b94c60a581c64ac3c0e2a5708d1b8293afdf4032b82106314ff14edabe08a7f,LA SERENA,Renault,CLIO IV 1.2 HB AUTHENTIQUE E6 F2 MT,Incumbent,ces,5803158.029887004,570756.3125,0.09835270891478953,0,Economy,2019,5,2
2011-11-18,8105c7d9175410376ff3ea639781503dd88eef13e1339b77caeeaff978a22e0b,RANCAGUA,Changan,S300 EIV,Chinese,ces,3313221.150361217,263200.0,0.07943930937761434,0,Economy,2011,11,4
2021-09-01,264fbdaaf2204c44074f0b817c8583b3274a28cebaf9adb4ba9c9ed9bb1e3437,SANTA BARBARA,JAC Cars,S3 CE COMFORT 1.6 MT,Chinese,ces,8794547.528724508,681680.625,0.07751173357964279,0,Premium,2021,9,3
2020-12-30,117576348954d897fe022725d2ba7f938d3d6c0e71926d4369a829809163fcd5,VINA DEL MAR,JAC Cars,JS2 COMFORT,Chinese,ces,6619663.324491396,288292.75,0.04355096866231489,0,Mid,2020,12,4
2018-06-21,dc1b21878f2efbf0f0c53a33359b384363354a93b740c8a47f8cefa43fd106c0,PUERTO MONTT,JAC Cars,S3 CE COMFORT SMART 1.6 CVT,Chinese,ces,6995456.385082299,453277.75,0.06479602259641097,0,Mid,2018,6,2
2011-09-26,fc1e68d49b9cc14b0de6cd7965077ef6ca0cc07c3bbb7dc82f05760280706cb1,LAS CONDES,Great Wall,FLORID 1.5 LE,Chinese,propio,4226235.869669436,130840.6015625,0.030959133753396966,0,Economy,2011,9,3
2014-08-26,d3bf74c25736243464b7555493a88f11c821313d40179ff4db86efab34c80d25,LAS CONDES,Mazda,CX-5 R 2.0 2WD 6AT I-STOP,Incumbent,propio,10547596.94103657,370335.96875,0.03511093292815994,0,Premium,2014,8,3
2013-05-30,b4858736d27b3cc9266f15c4f46c33e6f607dce1a41c5677f534d64714bd6978,QUILICURA,Suzuki,SX4 1.6 GLX SPORT AC,Incumbent,ces,6096924.017059132,238938.71875,0.03919004371408465,0,Mid,2013,5,2
2012-10-16,88f51cfeedc0744a8786278e6cdd3c48adeeb178169b3c1839839bd0af7f9e90,LA REINA,Great Wall,WINGLE 5 2.0TD 4X2 ABP,Chinese,propio,7606756.393593392,165473.0,0.021753424381956765,0,Mid,2012,10,4
2020-02-06,0a0340beb6802866b33f74d81f104217ed9b15e36febf995d2f72ea2c59aee1e,LAS CONDES,Suzuki,BALENO 1.4 GLS,Incumbent,ces,6958168.617925607,272857.46875,0.03921397766174646,0,Mid,2020,2,1
2019-04-29,0ca5fcaec88d4df82d7b9494f3cebfa962b4ddbf4cbacb7dc258aff7d926f84f,EL QUISCO,Suzuki,S-CROSS II 1.6 AT GLX,Incumbent,propio,9681679.704232108,629098.0625,0.06497819404467649,0,Premium,2019,4,2
2022-02-08,2be1ccf7e4952bb6c3dbf6f9b71bb8da1656036e7482c5ee97084715631547db,NUNOA,Haval,HAVAL JOLION 1.5T MT 4X2 ELITE,Chinese,ces,12665911.188760605,496806.96875,0.03922394222934813,0,Premium,2022,2,1
2021-05-20,d022defa477e571dd06fe32094326f4a79f8e5dce4864c6d91e44e575644c08a,PROVIDENCIA,Mazda,NEW CX-5 R 2.0 AWD 6AT,Incumbent,propio,17616588.535355277,719304.5,0.040831089319955764,0,Premium,2021,5,2
2016-10-18,da72ab257dd4b67d23e4273e213d5f4ada7feb3df9f493f2655dd3eb78719722,LINARES,Changan,M201 PASAJEROS A/C,Chinese,ces,5386076.861349261,200743.765625,0.03727086909315139,0,Economy,2016,10,4
2020-01-30,b5166791d004fef47652a79054e3d81d0ec30f26bdf1de1c338f3f59d0388bc9,LA FLORIDA,Great Wall,"H6 1,5T LUXURY",Chinese,propio,7882395.455302026,471802.75,0.059855249926930004,0,Mid,2020,1,1
2021-02-25,1aab4de855617a483df527e107a880844f85fffa107463bfbb6f41c5042d07c9,VALPARAISO,Changan,CX70 ELITE PLUS TURBO AT,Chinese,ces,10917102.920199243,661656.6875,0.06060735090037279,0,Premium,2021,2,1
2018-06-08,15ec81121b5f0d95ea6cc57c59cc83232ce0a1a72958058d7223af8d80f77e85,BUIN,JAC Cars,S2 CE COMFORT 1.5 MT,Chinese,ces,5145851.559665216,256785.5625,0.049901471024303354,0,Economy,2018,6,2
2020-10-15,c1c271a29ab4f1b092e6bbe70e8e2b20d2f98cadca68c4b119f43775cb9da829,PENAFLOR,Mazda,ALL NEW MAZDA3 SDN V 2.0 7G 6AT,Incumbent,propio,13661158.561254168,734808.375,0.05378814481255392,0,Premium,2020,10,4
2016-04-30,a35f50cb6889d628cdd4076501b067108a8e8e4ecf0b21e164d379bb0190e4c2,CURICO,Geely,GC7 1.5 GL,Chinese,ces,5263873.0514469845,31214.560546875,0.005929960742175277,0,Economy,2016,4,2
2022-03-11,72e9089e331d1b9f112f90586c9809e22db0ebb4830cabad9d8511a6275cc708,LA FLORIDA,Haval,HAVAL H6 3GEN 2.0T AT 2WD DELUXE,Chinese,propio,15434189.564036552,-1216535.25,-0.07882080526175912,1,Premium,2022,3,1
2013-12-27,2505550fbc730c954cac8aa10af06bb9c5e8570f16cc5b3f37e8bceac1b093d7,LA REINA,Mazda,MAZDA3 SEDAN 1.6L V AT,Incumbent,ces,10004250.667074868,758991.5,0.07586690150596963,0,Premium,2013,12,4
2021-11-18,8ad089b9272a59ee8de43614fa6a9e3c2b5dc0db838a37957184fd8b69ee6e57,MAIPU,JAC Cars,JS4 1.5 LUXURY,Chinese,propio,10522046.00128728,859831.9375,0.08171718099263273,0,Premium,2021,11,4
2019-08-24,c097778bf7d09ec34676a272722784104a789f17e68281b44408c4a9e270e1ce,RENCA,Suzuki,CELERIO 1.0 GLX BT,Incumbent,propio,4478252.418091531,234762.203125,0.052422726815619554,0,Economy,2019,8,3
2011-01-25,23cd5aee35325012b4a151bcdc133fe97b1b2331e3cac0f316d88043f374e3c3,MAIPU,Mazda,CX-7 2.5L RI 2WD AT,Incumbent,propio,13347752.839230752,526515.375,0.03944599374454283,0,Premium,2011,1,1
2018-02-02,39d52bbea94665e8310f235bc5d1a477e00c8c116257b6847b577dce5dc6ac34,PROVIDENCIA,Mazda,NEW CX-3 R 2.0L AWD 6MT,Incumbent,propio,12166181.79126493,638235.5,0.052459802997374246,0,Premium,2018,2,1
2021-12-09,e39ddcd067527a30ab24d6bb952b27aaa122f14c65fd1a78aa979a2da057bb77,CALERA DE TANGO,Great Wall,WINGLE 5 G 2.2 4X2 ELITE,Chinese,propio,8235879.369886172,727200.0,0.0882965822276305,0,Mid,2021,12,4
2020-08-19,b075ca0cb7596a0505e432f06e5ffcbd43cddfa070183e1d2123a9f17c5fdaeb,TEODORO SCHMIDT,Suzuki,DZIRE SEDAN 1.2 GL,Incumbent,ces,6552720.953874245,380083.6875,0.058003948310247896,0,Mid,2020,8,3
2021-01-29,8d3990815478318e7dce59216bff361dd21ee6177739dc317ea27d42792df344,COQUIMBO,Suzuki,SPRESSO 1.0 GLX AC,Incumbent,ces,5429036.111121752,538521.875,0.09919290717127503,0,Economy,2021,1,1
2013-08-24,8a2ecc4cead383de3f06885c2fc2455d5dbf05fa6c7c8209265466801e2351bf,LA FLORIDA,Suzuki,ALTO K10 1.0 DLX AC,Incumbent,propio,3723449.489540312,221230.71875,0.05941552836193102,0,Economy,2013,8,3
2019-07-31,9af6237695fe6b77c25dfacf568cc44286d5d4e0b866ed36b33ae40c967a5214,LA REINA,Suzuki,JIMNY 1.5 AT GLX,Incumbent,ces,9552188.632177988,435692.625,0.04561181125886728,0,Premium,2019,7,3
2011-12-29,85d3fe85c9d1899851e9ef87c3d67fa575150cfe8e3a1a899fe28315392a6188,COQUIMBO,Suzuki,JIMNY 1.3 JX,Incumbent,ces,5396882.303752457,304879.28125,0.0564917417298534,0,Economy,2011,12,4
2015-10-30,d488554a648ff775470de059acc5cf0c3b15a99d685df9a5d21a263964081e58,QUILICURA,Renault,FLUENCE 1.6 SDN EXPRESSION MT E5 F3,Incumbent,propio,7759002.329739534,487269.90625,0.0628005876969955,0,Mid,2015,10,4
2012-08-30,bba2e57918c5cacbba2f05ca541023b2b8213c20b25363c4e8f1f26317ba25c9,SANTIAGO,Renault,KOLEOS 2.5 DINAMIQUE 4X4 AT NEW,Incumbent,propio,10483277.36267093,411841.71875,0.03928558832340871,0,Premium,2012,8,3
2011-06-22,ec77e86ad194a28d5133e3872c3c9141873f2ed3a818a8d9a80a4219920da49d,RANCAGUA,Samsung,SM3 1.6 SEDAN ENTRY 3,Incumbent,ces,4891631.456570063,389243.6875,0.0795733879291331,0,Economy,2011,6,2
2017-01-18,4102fb8f7378de6558fa5b102a6289cc48c981377c7a163dcb3055abd2798c17,PAINE,Renault,SYMBOL 1.6 SDN EXPRESSION MT BLACK,Incumbent,ces,5061098.260546942,368378.90625,0.07278635728565959,0,Economy,2017,1,1
2015-08-31,83525977a9f3a42c8eebfe4aae859a2e1906159a812ded527b71de9e9a4b568a,TEMUCO,Mazda,"NEW MAZDA6 SEDAN V, 2.0 6AT",Incumbent,ces,12614761.25697457,974117.6875,0.07722046162081905,0,Premium,2015,8,3
2018-08-31,3cef3e5183495ea055a0c70d923fa1847dceb54a62248a57c65665713baff167,SAN PEDRO DE LA PAZ,Mazda,NEW MAZDA3 SDN 2.0 6AT,Incumbent,ces,9890595.378556555,846556.1875,0.0855920351706418,0,Premium,2018,8,3
2018-07-19,f2cb411e443ed6c7c827571bc85432f751276553ed26b043f971fa3a6bb18e02,PUERTO MONTT,Suzuki,BALENO 1.4 GLX,Incumbent,ces,6762268.346574254,524115.71875,0.07750590362411683,0,Mid,2018,7,3
2013-02-27,f03e2b5ea9b834fc6216c46538325bf1a49a39d7dad0b2939474a48f0433d1d2,LO BARNECHEA,Mazda,CX-9 GTX AWD AT,Incumbent,propio,17555777.489816766,-1326751.25,-0.0755734829043933,1,Premium,2013,2,1
2021-11-26,689a1a69c1bc43117ee4aeadb4f840153b779b20f32938000dac9526bc906077,SAN MIGUEL,Changan,NEW CS15 ELITE MT,Chinese,ces,8490730.826267442,533739.75,0.0628614616245742,0,Premium,2021,11,4
2018-11-27,d3c75ca5d0fd01a2ef8222bf0ba7d5bb2a0109204ff076379eb94abf7d67d937,LA FLORIDA,Mazda,NEW MAZDA3 SP 2.0L 6MT VOLANTE CUERO,Incumbent,propio,7763922.544139506,563441.0,0.0725716925686367,0,Mid,2018,11,4
2011-05-31,d319df076aef90d57f8988fec65901731c2e3ec326ee61aae15e1fdc62c2e44f,LAS CONDES,Mazda,MAZDA3 SPORT 1.6L V AT,Incumbent,propio,9014664.023155851,478571.3125,0.05308809194338247,0,Premium,2011,5,2
2017-07-28,fd67cdb1622dd452cd4b11b60493c9596a75e9d1597c299fa87c0edf464b7273,PROVIDENCIA,Renault,CLIO IV 0.9 HB DYNAMIQUE E6 F2 MT T. RF,Incumbent,propio,9247754.59088474,453523.875,0.049041512784846836,0,Premium,2017,7,3
2021-12-31,43fb3829c1bef8b8347329fbee35f583cd7528b46a7e720cbb251e58463a1643,COPIAPO,Haval,HAVAL JOLION 1.5T MT 4X2 ACTIVE,Chinese,ces,10117432.221399592,601008.25,0.05940323956199033,0,Premium,2021,12,4
2018-11-29,15fd185f1b7f5fa951635c521285f9c794d4412153af4f60465a72dbacd4a1bf,LA FLORIDA,Suzuki,SWIFT 1.2 GL AC,Incumbent,propio,4989235.427938585,403390.4375,0.08085215527034567,0,Economy,2018,11,4
2016-12-30,a912a3337ac247e0280e4093bda107c14ab66dc8adeb529209813d12998830cf,RECOLETA,Great Wall,C30 1.5 COMFORT,Chinese,propio,5605894.253067666,409117.4375,0.07297987065598359,0,Economy,2016,12,4
2019-06-12,77c085a0365bbd0e382c6538a3ddd7ac8c78f4cee809f65e02d56ab21633cf15,TALCAHUANO,Mazda,NEW MAZDA2 SPORT V 1.5L 6MT 6 AIRBAGS,Incumbent,ces,8910448.923384972,540614.5,0.06067197114852291,0,Premium,2019,6,2
2020-12-28,517b1a97d323c2ac338b147fd3cea56a3a2143a6999539d0ab74818f6c475b2c,PUENTE ALTO,Changan,CX70 COMFORT MT,Chinese,ces,7757493.996305157,498327.09375,0.06423815396922639,0,Mid,2020,12,4
2019-04-17,081bc3b6b6acca5b23815aba5cab4c9f1f4265f3f27fba828d824aad204a22e3,VALPARAISO,Great Wall,WINGLE 5 G 2.2 4X2 ELITE,Chinese,ces,6298041.878092095,269300.0,0.042759321899202854,0,Mid,2019,4,2
2019-02-27,ad5a70d5004d970714cecd26a10e16c023fa34210ee0d4d07238002cd6a96a6d,LA CALERA,Haval,HAVAL H6 AT 2.0T 4X2 ELITE,Chinese,ces,10735706.663929256,528738.625,0.04925047242362733,0,Premium,2019,2,1
2021-05-28,f88c06a3c2724c1530e22436f89100771f484bc56beb700b2b2496c738311629,PUENTE ALTO,Haval,NEW H2 1.5T 4X2 ELITE,Chinese,propio,9719984.16001036,681205.75,0.0700830102998104,0,Premium,2021,5,2
2010-07-08,5f0b4220c8d67c24fc567f65392277d1e462fdd548c285c2900306919d56c028,SANTIAGO,Suzuki,JIMNY 1.3 JLX SPORT,Incumbent,propio,6157376.467606908,382689.09375,0.06215132301285678,0,Mid,2010,7,3
2014-08-30,416f49f0b0c882264ff5e1f243dcf191b5ba9abb21d2100a5554db84ccb483ac,LA SERENA,Suzuki,GRAND VITARA 2.4 GLX NAV,Incumbent,ces,8710561.274280217,572708.8125,0.065748784087088,0,Premium,2014,8,3
2019-06-28,30e2e0816ce76fbea03652ec74396d088363201978e5620cf54e100662e18a8e,HUASCO,Changan,CX70 LUXURY MT,Chinese,ces,7474946.672966994,656384.0,0.08781119501143742,0,Mid,2019,6,2
2020-09-07,dc0a6e9a1cbe18fd9a6c86aa6aa0458a55cd682fb422b0b6116d51011233fd61,PUDAHUEL,Suzuki,ERTIGA 1.5 GL,Incumbent,propio,9621755.144267185,509260.46875,0.052928022082689,0,Premium,2020,9,3
2018-08-31,7ef04d48036890ec9d57775d2caaec92f201d8210446897d586e0e3d5583f0aa,ANCUD,Suzuki,GRAND VITARA 1.6 GLX SPORT,Incumbent,ces,8408641.971237874,745546.25,0.0886642875924761,0,Mid,2018,8,3
2019-03-30,0c25a2dbd0842ce0ff53836a19f1aa990d3b9ccc69deb44f24f2bf640abc77b7,VINA DEL MAR,Mazda,NEW MAZDA3 SP 2.0L 6MT VOLANTE CUERO,Incumbent,ces,10510294.006498776,466700.375,0.044404121779222115,0,Premium,2019,3,1
2021-07-23,0bae5142e2c6497c4385640d58c0ff15c56892868983a0b60b1eebf2cab377f7,RECOLETA,Mazda,NEW BT-50 DC 2.2 SDX HIGH 6MT 4X4 DI,Incumbent,propio,19212790.460749045,1010382.125,0.052589035781354605,0,Premium,2021,7,3
2016-10-28,25b80c4007918254d13dd54b9d403aeae5d560b97b283a53b04d9259fef3f1e5,ANTOFAGASTA,Renault,CLIO IV 1.2 HB EXPRESSION E6 K MT,Incumbent,ces,8056163.999049866,520336.625,0.06458863363026968,0,Mid,2016,10,4
2012-04-18,a392fd70494cc7cadf27c1fc64fed1b6f3c193ba72e704542a96a97f69fe9ac7,RANCAGUA,Great Wall,HAVAL H3 2.0 4X2 LE +,Chinese,ces,6933194.788249059,557310.9375,0.08038299146658562,0,Mid,2012,4,2
2018-03-31,5bf249f4412a038ba38196dd668a0049a7cf0848497a34f6f7285483f21c01c1,PEDRO AGUIRRE CERDA,Mazda,NEW MAZDA3 SP 2.0L 6MT VOLANTE CUERO,Incumbent,propio,9693766.224702615,497089.71875,0.05127931778293423,0,Premium,2018,3,1
2013-11-23,f061edd6fc6aa0f663db80ca8e187c2e562963734a30a60ace25b8de910ac0d1,TALAGANTE,JAC Cars,SUNRAY 2.8 VAN LE LIMITED DIESEL,Chinese,propio,14433872.846514951,769622.5,0.053320581952183733,0,Premium,2013,11,4
2019-10-11,d9ef2121f166eef8b575b30a09656ad1d9c060124d3629c5e007c33d6ab825a7,CONCON,Mazda,ALL NEW MAZDA3 SP V 2.0 7G 6AT.,Incumbent,ces,11514479.946539767,131008.203125,0.011377691718015408,0,Premium,2019,10,4
2017-09-27,1244025357996e8a95db1b2e6422f63ee214b15cc9ca1283271aa4a35f88faef,VINA DEL MAR,Mazda,NEW MAZDA3 SDN S 1.6 5MT,Incumbent,ces,8087493.869118347,581949.625,0.07195673151878888,0,Mid,2017,9,3
2011-03-10,b11ca6ed02960d941b4c11c3b5eb8bb7199fb285c84e8760243b2a16d354d825,LAS CONDES,Renault,SANDERO 1.6 HB GT LINE,Incumbent,propio,5112214.448722878,-378400.0,-0.0740188041396681,1,Economy,2011,3,1
2019-03-29,91abae4ed37565e639db34067ccbe2d21333a251ee8a27aa54db8036415190d5,VINA DEL MAR,Mazda,ALL NEW CX-5 R 2.0L 2WD CA 6MT,Incumbent,ces,12307370.018522166,892922.1875,0.07255182757617452,0,Premium,2019,3,1
2018-10-26,10771bb67a1728e3dc3a85367c95c36a64a4fdb9ecb521b6e2d2e941b37bbcc9,TALCA,Suzuki,CIAZ SEDAN 1.4 GLX,Incumbent,ces,7038710.275772499,498084.28125,0.0707635719805693,0,Mid,2018,10,4
2021-09-27,d96dded47daeca15a991a8ca8da153874e1ea4421161b716dc40b73dcdb325ef,LOS ANDES,Changan,CX70 COMFORT MT,Chinese,ces,8066444.654641094,464579.875,0.05759413160204357,0,Mid,2021,9,3
2021-07-21,874fd5c726b83c0c53dbda8c4966a0f82c8435532e86161867bd7d5918bd3db2,PARRAL,JAC Cars,JS3 1.6 LUXURY,Chinese,ces,8962250.425071318,528641.875,0.05898539428458264,0,Premium,2021,7,3
2021-12-01,8a8f2d0b2cd70347431fc48a418fe451529a7ce78160feee173524bd80eab1b6,VITACURA,Suzuki,SWIFT 1.2 GL,Incumbent,propio,8627962.323109765,755630.25,0.08757922458424103,0,Premium,2021,12,4
2018-01-12,72d1e07ac115e0dcaba27d24747a93af3e30b925699d3f738d68e94dccd914ba,PUDAHUEL,Renault,"DUSTER ZEN TECH 2,0L 6MT 4X2",Incumbent,propio,8193836.700328816,479972.96875,0.05857731686680293,0,Mid,2018,1,1
2012-09-27,7dd4b2b8201aea85078c34ecf9a57c1f378cba930b7db0a527f6dd24955f9a78,OVALLE,Suzuki,CELERIO 1.0 GA,Incumbent,ces,3695276.395595249,315294.15625,0.08532356514003366,0,Economy,2012,9,3
2012-05-08,7bab89244f85dc3ff2ab8ebf5e7480f74c4cdaadf18be48e3cab8d166f1f51e4,SAN FERNANDO,Samsung,SM3 1.6 SEDAN SE 3,Incumbent,ces,5802841.857021567,463193.28125,0.07982179984614364,0,Economy,2012,5,2
2011-11-10,68c7d58b398c167f3d20f36bf09f8828310e5a9d969bf34170a36ee888ec4083,SAN MIGUEL,Samsung,SM3 1.6 SEDAN ENTRY DECO,Incumbent,propio,4395815.062564591,253875.234375,0.05775384786704039,0,Economy,2011,11,4
2013-05-18,b478d04c3464ec48513480cf7ff1be87de3e830bcf0442b6c1572b050d73c45e,CONCEPCION,Suzuki,SX4 1.6 AT CROSSOVER 4WD,Incumbent,ces,7281412.753938794,434937.03125,0.059732506032531385,0,Mid,2013,5,2
2020-05-20,8df1136f248ca7a8856d35c02a7e8848095f73581437032c5d71495e49103949,TALCA,Mazda,NEW MAZDA3 SP 2.0L 6MT VOLANTE CUERO,Incumbent,ces,9291042.468066854,687142.375,0.07395751094257678,0,Premium,2020,5,2
2013-11-07,64946272127af72e6339ab828c3c024a09580f7223bb26a9d0485019c290fb76,VINA DEL MAR,Suzuki,SWIFT SEDAN 1.2 GLA,Incumbent,ces,4578310.8598652985,92068.1171875,0.020109625581476744,0,Economy,2013,11,4
2012-08-28,850758500af739270bf88df5cb5fefb84ce931b54c2670f119e29575829a14eb,MAIPU,Great Wall,HAVAL H3 2.0 4X2 LE +,Chinese,ces,6385515.547467091,233083.875,0.036501966562818275,0,Mid,2012,8,3
2021-06-29,daad1063bbef93e1e12029c11fbdbcdc72da29ef6d3ec92b804f3347056c9d37,COPIAPO,Suzuki,ALTO 800 GLX AC,Incumbent,ces,4811392.861924853,453109.28125,0.09417424314603327,0,Economy,2021,6,2
2012-08-31,e1c9a4e17f79738f4ebcc35855cf6a54cf6a087badcdd6644324e0e23e7d816f,QUILPUE,Mazda,MAZDA3 SEDAN 1.6L V MT,Incumbent,ces,8850543.298940834,448067.28125,0.05062596341442918,0,Premium,2012,8,3
2009-11-28,73c2f9d56ffbc78483257ba4fcec11d4de8976fdd008859b7e9bd340760a6ef3,PUENTE ALTO,Samsung,SM3 1.6 SEDAN SPECIAL AT,Incumbent,propio,7050547.808955133,312839.6875,0.0443709759832636,0,Mid,2009,11,4
2015-05-20,1b4c888e7b30d222c6b2141e2f4a50b207a8027cceff453ced28e7faef0c6b0d,LAS CONDES,Renault,MEGANE III 2.0 HB DYNAMIQUE AT PACK NBI,Incumbent,propio,10096342.326333337,849369.625,0.08412646853154626,0,Premium,2015,5,2
2018-03-29,a50b1edb736e2ab1b3ed68c570c22a552fb27f19a3407a8edec38b3524e5d4a9,RECOLETA,Suzuki,CELERIO 1.0 GLX AC BT,Incumbent,propio,4987489.96701473,256235.203125,0.051375582671772266,0,Economy,2018,3,1
2019-06-14,bdfd12d26f298174d6e10c2a8f8d42da72e976de6028ed7401ad821aa1cdab5a,LAS CONDES,Suzuki,ALTO K10 1.0 2AB GLX,Incumbent,propio,4518468.886327043,189212.875,0.0418754404998917,0,Economy,2019,6,2
2017-01-24,57de2b68f4e41144dba1a28c2b10e8a3de2812c465081010b43b07a03816e201,CONCEPCION,Suzuki,BALENO 1.4 GLS,Incumbent,ces,7386196.662594137,527059.5,0.07135736077393981,0,Mid,2017,1,1
2017-08-18,59b70797b57ae238c92624247925e6315975d18e1fd1c14321f5f4c8a1a6403c,HUALANE,Suzuki,IGNIS 1.2 GLX,Incumbent,ces,6953145.500377068,304117.1875,0.04373807329121874,0,Mid,2017,8,3
2022-02-20,739f8cadafabca6e72320cb626ada5fa30c40b953e83325a27783aaa88d7fedb,RENCA,Suzuki,SWIFT 1.2 CVT GLX PLUS,Incumbent,ces,11236994.208089229,960677.6875,0.08549240746323714,0,Premium,2022,2,1
2012-07-20,f7493459b6b1ed637051c45ab428cb02ef4ed947c02db05a6bf89604d9447aa4,MAIPU,Suzuki,ALTO K10 1.0 GL,Incumbent,ces,3360789.5874075377,232748.28125,0.06925404735901318,0,Economy,2012,7,3
2018-08-28,f599dbbca722efcda464843c9dcbea355c40d485d48609b95d070e18b29e4672,ANTOFAGASTA,Changan,CS15 LUXURY PLUS,Chinese,ces,5592835.260015466,313613.4375,0.05607414181177451,0,Economy,2018,8,3
2012-09-20,633d927011f400f85b58fbe850e732eec1b7cc3002d3a298b92baee908de0624,TALCA,Suzuki,SWIFT 1.4 GA AC,Incumbent,ces,6264248.065085649,227724.71875,0.03635308122921317,0,Mid,2012,9,3
2020-03-31,59c6e2c55012c1e512d35672d00f1bc42862e0aab872d5e1b580ebf1fbb02634,LOS ANGELES,Suzuki,BALENO 1.4 GLX,Incumbent,ces,8453939.484889742,519504.4375,0.06145116586516179,0,Mid,2020,3,1
2011-06-10,ab4b7e74ff9f3deb4e1640c2043f4efa33e43b1fee60012ae8e142faf26dbb60,VINA DEL MAR,Samsung,SM3 1.6 SEDAN SE AT 3,Incumbent,propio,5314401.913893453,293697.0,0.055264356132378185,0,Economy,2011,6,2
2011-05-16,59bfcacaf4e6a832fd261b0a6f7dc3bad20752dc5651e598c25306c0217870ef,CHILLAN,Samsung,SM3 1.6 SEDAN LE P 3,Incumbent,ces,5647658.962149529,335462.0,0.05939841662682858,0,Economy,2011,5,2
2015-06-30,a9f95f669870a3232106dcaf1e41c70d8abaed67fead2d49401cd6ad4fd20bde,TEMUCO,Mazda,NEW CX-5 R 2.0 2WD 6AT I-STOP,Incumbent,ces,11858407.907246483,778099.8125,0.0656158751314766,0,Premium,2015,6,2
2022-01-31,3224e670e2bf8485e05ffb8e948c283988a25a255de2fa432cbcfde3222afc19,HUECHURABA,Great Wall,POER 2.0 TD 4X2 DELUXE,Chinese,ces,15492204.641567178,1255718.0,0.08105482912553191,0,Premium,2022,1,1
2020-01-09,defbec6c70216640a216c2748ab74e1d48ac0b383d9aed033db7adb8f41455c4,PUENTE ALTO,Changan,CX70 ELITE TURBO MT,Chinese,propio,9276079.91759603,721495.5,0.07778021604054716,0,Premium,2020,1,1
2021-08-19,109d57d279c3de182e769ce84e66382058e48acdbf5f8ee5d634dee88960e6f8,RENCA,Changan,CX70 COMFORT MT,Chinese,propio,8421741.899412846,495146.09375,0.058793786328754746,0,Mid,2021,8,3
2016-05-31,8a6eb33fe5078ab599e2f72bd12cd240e6a505c1675de9239326b40639d7a788,QUILICURA,Renault,SYMBOL 1.6 SDN PRIVILEGE,Incumbent,ces,5926110.1512401225,285041.875,0.04809932109350869,0,Economy,2016,5,2
2013-11-29,7da2787fa5966bc2752eb121d540e2500222da95b1a69b7b3a32745d1c4965ea,LA REINA,Mazda,MAZDA5 5AT,Incumbent,ces,9290915.746922472,456191.96875,0.0491008616563022,0,Premium,2013,11,4
2012-12-18,dbdfbe2ab61f3129f115db6842681b97f553288c389112dbfd5a13a4d07e4dc9,EL BOSQUE,Great Wall,VOLEEX C20 1.5 LE,Chinese,ces,4931441.460545023,152428.046875,0.030909430456496516,0,Economy,2012,12,4
2014-03-26,4602dadf1ad970abaa6aa91fcf7b53ec896b7c71b48741f89b0c405901cd63d5,COPIAPO,Great Wall,WINGLE 5 2.0TD 4X2 LUX,Chinese,ces,9033887.968524702,521803.0,0.05776062331280096,0,Premium,2014,3,1
2021-03-31,cbd9cd038c17e30a134d8b4cd6947eb9eda6141647081651e4ebc49891ee0954,SANTO DOMINGO,Mazda,NEW BT-50 DOB CABINA 2.2 SDX 6MT 4X4 DI,Incumbent,ces,19219732.226727568,1267396.25,0.06594245096908888,0,Premium,2021,3,1
2020-03-19,55d905d95f8f609412c57093e854536e492f33bef5c732991fc77ff9d8177140,VINA DEL MAR,Mazda,ALL NEW CX-5 R 2.0L 2WD CA 6AT,Incumbent,ces,15046043.382202877,747924.9375,0.04970907756285473,0,Premium,2020,3,1
2014-08-31,308a5fd9b5f89c0812c279b6547b9d64810cfbe6f10fd08aeb7a3b528b6eafb0,PROVIDENCIA,Mazda,MAZDA2 SPORT V 5MT 1.5 GT,Incumbent,propio,6709804.602606767,376881.875,0.056168830140535086,0,Mid,2014,8,3
2019-09-30,3203971d59dccf5ef95c96a90f4d3e84008d8555bd99cffcfd773c9cd1c83538,CONSTITUCION,JAC Cars,X200 PICKUP CE COMFORT 2.0T DIESEL MT,Chinese,ces,10883076.559773402,742341.5,0.06821062922077398,0,Premium,2019,9,3
2022-02-25,8a5f3654f9fe0751e56287e4f05562f8babef27e89ef4090e373b0b13386f142,COLINA,Suzuki,DZIRE SEDAN 1.2 AMT GLX,Incumbent,propio,9231464.663024325,656424.25,0.07110726996867997,0,Premium,2022,2,1
2017-11-09,84c581a24027933d45c5d9a751ccc384e7984defe8c7416f8bcb24e45685c739,SAN MIGUEL,Suzuki,S-CROSS II 1.6 GL,Incumbent,propio,9796842.910662027,543033.0625,0.055429393678346144,0,Premium,2017,11,4
2011-11-30,a2590dfe035bf146446aa127f8fafe2ea7477901410c7decb08416b0efa36db6,ANTOFAGASTA,Suzuki,GRAND NOMADE 2.0 2WD GLX,Incumbent,ces,8108823.181137974,641526.75,0.0791146551934025,0,Mid,2011,11,4
2018-03-29,a38a9d2065d98b414aaca33cc0ab44b4b7f00def6ba125df37f8dd95978fbcbf,OVALLE,Great Wall,M4 1.5 LE,Chinese,ces,5750648.557988136,515014.3125,0.08955760507823099,0,Economy,2018,3,1
2017-09-14,30c046140d3c9a3d723de51ea9672dc681bd4227b5fc0d3a21f6cac7cdd32ad8,SANTIAGO,Suzuki,GRAND VITARA 2.4 AT GLX NAV,Incumbent,ces,9850331.786262598,441343.28125,0.04480491528879293,0,Premium,2017,9,3
2013-04-12,6ec78191b16dd7421a79cda89e071b4ab25de435eabcb326f59cd1eb5ef55ca3,SANTIAGO,Suzuki,GRAND NOMADE 2.4 AT GLX SPORT,Incumbent,propio,8944078.202041892,588848.4375,0.0658366825734561,0,Premium,2013,4,2
2021-06-29,e6e4a173666a56f24a1c4b4abe2fc45466be027fe72fc26e6a66cdd8fcd6000e,PUERTO MONTT,JAC Cars,JS4 1.5 LUXURY CVT BICOLOR,Chinese,ces,10793658.446357315,704210.1875,0.06524295640813607,0,Premium,2021,6,2
2013-01-30,fa6922c7c90df02ab232b39c092abca9b12452a5277c121f11f8ff02759e6554,LA CISTERNA,Geely,NEW CK 1.3 16V GS,Chinese,propio,3311614.487106596,185700.0,0.05607536768636638,0,Economy,2013,1,1
2019-01-31,4bce27997c831239429cd033c0e57bfff8998819f61e898fdad8720689a28d09,VILLARRICA,Suzuki,CELERIO 1.0 GA,Incumbent,ces,4449280.129469211,406050.40625,0.09126204564207578,0,Economy,2019,1,1
2015-01-09,b2d138a1d51f1782478c7813202d9b5226cb517a8b9b93da6aa5ae8251bfd434,PUERTO MONTT,Changan,CS1 CROSS 1.4,Chinese,ces,5640912.632525654,436302.5625,0.07734609466990637,0,Economy,2015,1,1
2010-06-12,81f7b33f7c6a99ba4f14b77e393696919996738a81e28a15c3f0880c94ce7717,PUENTE ALTO,Suzuki,ALTO 800 GL,Incumbent,propio,1712014.298829343,175966.84375,0.10278351288907123,0,Economy,2010,6,2
2011-03-15,bdca55bdd2234147564f980d94f69738d6aa87fe66b4a618438c77c2c65f89db,PENALOLEN,Geely,LC 1.3 GL HB,Chinese,propio,3602813.099492496,214999.078125,0.059675334853002915,0,Economy,2011,3,1
2012-11-27,1920fc07c53cc8dcb70a3009be2283a1ecbd3496add831cecea5c1f9bbf3111b,LINARES,Great Wall,HAVAL H3 2.0 4X2 LE +,Chinese,ces,7204003.269992626,446686.59375,0.062005329121742225,0,Mid,2012,11,4
2011-09-16,4c70c0fc1ec68701a76bb9f854ac21b86dbdca895d9ada5754fa5202b0ef74ed,TALCAHUANO,Samsung,SM3 1.6 SEDAN ENTRY 3,Incumbent,ces,4961991.529685724,211845.6875,0.04269368180751764,0,Economy,2011,9,3
2014-10-31,1b31bec8d63de9e2b672b88ee933c851ced729f5ff10faa4e02a17dc01cda234,QUINTA NORMAL,Renault,SYMBOL 1.6 SDN DYNAMIQUE MT NEW,Incumbent,propio,5640433.706023461,335462.0,0.05947450452998989,0,Economy,2014,10,4
2022-02-17,d6c71a2c6f979c720462bd114096b1e030c334dc890807243e01800e19149886,LAS CONDES,Mazda,NEW CX-5 R 2.0 2WD 6AT,Incumbent,ces,18163810.49925309,1424537.875,0.07842725925039672,0,Premium,2022,2,1
2017-12-19,90ba11a8f9c31cb2d59516548d0448cc94537b8f45d4af363ee405e2a34a41aa,ANTUCO,Suzuki,BALENO 1.4 GLX,Incumbent,ces,7499088.124544756,430293.71875,0.057379472224314165,0,Mid,2017,12,4
2021-12-14,a57aef99de0af3766858dd07684b3ed1a3e1032c3917b3524797eb31d08a31d9,EL BOSQUE,Renault,KWID 1.0 HB INTENS 4X2 MT,Incumbent,propio,7352429.928669019,631260.5,0.08585739763918765,0,Mid,2021,12,4
2021-12-24,7eb9a97bf38224724107ae7715d4263ad58541d8dac5e082a99eb7e7491b32de,LA LIGUA,Renault,SYMBOL ZEN 2 C,Incumbent,ces,7030967.942557665,660882.375,0.09399593063136481,0,Mid,2021,12,4
2021-09-03,072af1811e87fc4373c533d3126d4120545557fb92cb15fe46c07ca291bb88b0,PARRAL,JAC Cars,JS2 COMFORT BICOLOR,Chinese,ces,7825797.755759549,385883.84375,0.04930920217890901,0,Mid,2021,9,3
2013-08-24,837e33d239190e96d9adcb99c5817b69ae820cd1628562ee34c446c2ef25e766,LINARES,Mazda,BT-50 D/C 2.2L 4X4 SDX FULL 6MT,Incumbent,ces,15780619.029983846,958869.0,0.060762445261374615,0,Premium,2013,8,3
2013-04-23,767a2c0c911bd129c61aa544ae33fc533f342121c072b7cb034bf0dbdd0481b8,VINA DEL MAR,Great Wall,VOLEEX C10 1.5 LE,Chinese,ces,4336760.051712909,234874.3125,0.05415893655615802,0,Economy,2013,4,2
2021-12-30,b56eb38915f685e66742171c034eb51a159102cc1dcd3e1a4bbc6109fdcdcd88,SANTIAGO,JAC Cars,T8 CE COMFORT 2.0T DIESEL MT 4X2,Chinese,ces,12028610.250481386,861805.125,0.07164627559243683,0,Premium,2021,12,4
2011-11-25,ca6b57d4f2ebf846db0428d1852b8f0e7dce258eaf5a8b467829304eea18347d,LA FLORIDA,Suzuki,CELERIO 1.0 GA,Incumbent,ces,3280332.841857425,273277.15625,0.08330775242162991,0,Economy,2011,11,4
2016-11-30,15f09b2cf400cc981fef3786b9cace49c1b774c8d659aa43851c6b05063625eb,PROVIDENCIA,Mazda,NEW CX-5 GT 2.5 AWD 6AT I-STOP (C.N),Incumbent,ces,16613858.58288247,866386.9375,0.05214844782612106,0,Premium,2016,11,4
2012-03-31,ea06ff7ab49e1007f5ea5ba79c70d5fd54c987c5061a054a7b77dfd69bfed07f,SAN PEDRO DE LA PAZ,Suzuki,GRAND NOMADE 2.4 2WD AT GLX SPORT,Incumbent,ces,9316417.152910205,448707.3125,0.04816307654921136,0,Premium,2012,3,1
2016-03-09,a9ac4740c319bfc5604062b72f0411f239f01554bb85dc9332e1a4fce27dff00,COLINA,Suzuki,S-CROSS 1.6 CVT GL,Incumbent,propio,10086570.89448488,502444.46875,0.0498132094649457,0,Premium,2016,3,1
2017-11-29,8b8b65aece37cc3aba76aaa66a622929c4a7bfcbc1825dba5242f1e8eecc19fd,QUILPUE,Renault,"DUSTER LIFE 1,6L 5MT 4X2",Incumbent,ces,6760181.899459089,462395.28125,0.06839982830743034,0,Mid,2017,11,4
2018-07-24,aa244e739c552921c3239af2fc535744cd2151bc5709098750e31eba645805ad,LAS CONDES,Haval,HAVAL H7 2.0T AT 4X2 DELUXE,Chinese,propio,14800358.224436289,867878.0625,0.05863899030951026,0,Premium,2018,7,3
2016-11-25,425d7ba9b85ca948da9032a575d6e88ea0d7fa478d8176e8a0008d548c02904b,ANCUD,Suzuki,ALTO K10 1.0 2AB GLX,Incumbent,ces,3434077.900921976,348907.59375,0.10160153724419757,0,Economy,2016,11,4
2021-09-30,71aef37ef5da8dd05a259610b38d988571e7736d7de4120aec8a38b3b697a542,VINA DEL MAR,Changan,ALSVIN LUXURY MT,Chinese,ces,6458271.574458626,496050.59375,0.0768085683655355,0,Mid,2021,9,3
2013-06-19,92e57280e6fd30c454f4d4c147d01b2ed1f25c85b2085999823970689d08720b,PENALOLEN,Suzuki,SX4 1.6 AT CROSSOVER AC,Incumbent,propio,6645831.615952309,560672.25,0.0843644982900547,0,Mid,2013,6,2
2012-03-21,a218c43313a3f3f6a9beb4a85b3fa33aad1b3155d7f26f94cd60cbe8a3c83bbd,TEMUCO,Great Wall,HAVAL H3 2.0 4X2 LE +,Chinese,ces,6588373.24901148,477197.96875,0.07243031788182293,0,Mid,2012,3,1
2016-11-15,00626349592ab508794217426e80b39f667bd6807d7b01450afb834a6d83211a,SAN RAMON,Renault,MEGANE III 1.6 HB EXPRESSION MT NBI,Incumbent,ces,8410124.235529749,454710.71875,0.054067063222325636,0,Mid,2016,11,4
2020-10-15,3b3f67dcac08d901f1d034010cb8e9e0abf07372828a664f8502f7973d4c06e8,ESTACION CENTRAL,Mazda,NEW CX-9 GTX AWD 2.5L TURBO PLUS 6AT,Incumbent,propio,24017530.632307462,-1391137.0,-0.05792173314140363,1,Premium,2020,10,4
2014-09-11,08d7334bfe94af33d2464990473901725beafa5b9c4e13eca9052bcd4124bfe2,LOS ANGELES,Great Wall,VOLEEX C20 1.5 LE,Chinese,ces,5131975.852795749,372197.84375,0.072525252344521,0,Economy,2014,9,3
2019-01-31,14a1c4bbfd8c4496f5613231e5f065bea50f276a816713112f8327dca805b958,TALCA,Changan,M201 FURGON CARGO A/C EPS,Chinese,ces,4310980.286041814,73183.0,0.016975953296969024,0,Economy,2019,1,1
2018-12-31,3ad705247ed733e35ba81fc1b5070f4037e491e6dd49cebb4fdc5fe21f3de70b,LA SERENA,JAC Cars,S2 CE COMFORT SMART 1.5 MT,Chinese,ces,6049018.598810555,280000.0,0.0462885004279963,0,Economy,2018,12,4
2012-07-04,c5657b03d059524a4579c91c6725005ad4ace3f77c019804f7b49bce9ef9777d,EL BOSQUE,Suzuki,CELERIO 1.0 GA,Incumbent,ces,3588270.235261921,183048.796875,0.051013102379018176,0,Economy,2012,7,3
2015-08-25,c2f5e2f93ea2f4994c8ad41544a230f16c9844074315eb42c97e29dbfdaf03c9,UNKNOWN,Suzuki,JIMNY 1.3 JX AB AC CON WINCHE,Incumbent,ces,7065976.948289057,447570.0,0.06334155959967769,0,Mid,2015,8,3
2017-02-27,21b5c12ba19f42e05e2b1f9ba0787320e4aeff143ef876f1e4cddb2d58fc4ea8,LOS ANGELES,Suzuki,ALTO K10 1.0 2AB GLX,Incumbent,ces,4051439.4979546415,287867.59375,0.07105316367067291,0,Economy,2017,2,1
2019-07-03,c05c3fbb0c3362e4617fd824478f36b90069c43a6e70fdc9489a42e45b1a2ec2,VINA DEL MAR,Suzuki,BALENO 1.4 GLX,Incumbent,ces,7921124.564030061,518915.90625,0.06551038328653541,0,Mid,2019,7,3
2021-11-08,2c8bfe013cccccb30d6d9064e9f3a578fcb3bb57883875cd719f5dd87ef62aaa,PADRE HURTADO,Haval,HAVAL JOLION 1.5T MT 4X2 ELITE,Chinese,propio,10063415.238247257,880000.0,0.08744546251609006,0,Premium,2021,11,4
2019-05-15,b6ca8ecb745aaa8eb9259c8cde97beb13d66d9b75ae82627832045610dea7352,CALAMA,Great Wall,GREAT WALL 3 2.0 4X2 LE,Chinese,ces,6737014.5628327215,510352.0,0.075753435774883,0,Mid,2019,5,2
2010-07-21,7f2ce61e59ab8b438ed155529dabff791c7569a46cf09a6884fee2d0cc7c4b00,LA FLORIDA,Samsung,SM3 1.6 SEDAN ENTRY 3,Incumbent,propio,5086858.81521221,291771.125,0.057357818567218895,0,Economy,2010,7,3
2018-08-28,53a43b42898d25f953400313a588de85225ff7bb566eebd005b7b4ba00126da4,CALLE LARGA,JAC Cars,X200 PICKUP CE COMFORT 2.0T DIESEL MT,Chinese,ces,9704338.604406944,773250.5,0.07968090681098564,0,Premium,2018,8,3
2012-11-23,d6496aced2647777a07d680969a03592cd12748e2bc2c0d94958f8150a96af6b,COQUIMBO,Great Wall,FLORID CROSS 1.5 HATCHBACK,Chinese,ces,4491684.144017576,362352.96875,0.08067196114682593,0,Economy,2012,11,4
2015-06-06,d2b550eb2495d292daea8eee199ee014d597d3a4a240bf7d3ccb06144e3b6825,VINA DEL MAR,Mazda,BT-50 D/C 2.2L 4X4 SDX HI 6MT,Incumbent,ces,16566623.482849227,834500.0,0.050372364704487006,0,Premium,2015,6,2
2014-07-31,4dbb9272f6cd082bc78ecdcfcc2c9bc41d6dc32c7a2342881e2fa57b804c1db8,CHILLAN,Renault,KOLEOS 2.5 EXPRESSION 4X2 MT FASE 3,Incumbent,ces,7875180.603675929,735462.375,0.0933899058336142,0,Mid,2014,7,3
2021-03-11,8a3190647a8e950c2ef70a9d43abf19b923883050a3b53fde336e1fdcf23d981,CALERA DE TANGO,JAC Cars,JS2 COMFORT,Chinese,ces,7369111.8836084595,604369.75,0.08201391966165346,0,Mid,2021,3,1
2019-11-30,1aca733f4372c8b4d1ab0bcfd81ed058df0225dae613e7ccda997983966ac630,SANTIAGO,Changan,A500 LUXURY,Chinese,ces,6928336.923581827,469789.125,0.06780691097758094,0,Mid,2019,11,4
2021-09-28,2f3a391afc5ef4f322ea918d8400b568f75793d319906a32c9e809fafe09013a,VALPARAISO,Suzuki,CARRY PICK-UP 1.5,Incumbent,ces,9228030.977160404,735200.0,0.07967030039448691,0,Premium,2021,9,3
2016-09-07,aee4877e2d35d0d25587d3876374080a0da76fcbcd4b1937c0be26d243d1c2fb,VITACURA,Suzuki,VITARA 1.6 4WD AT GLX,Incumbent,ces,11635180.274632154,688253.3125,0.059152784594199946,0,Premium,2016,9,3
2020-10-30,5509dfb37409336ed273ef6f4521dcea60f14f1604f46cc1fd9912c1bbd655a4,PUENTE ALTO,JAC Cars,T8 CE COMFORT 2.0T DIESEL MT 4X4,Chinese,propio,12260226.244992064,536092.75,0.04372617105813833,0,Premium,2020,10,4
2019-05-30,3783a33478b4d20f0e3b09ebc8330f30d6db59f83aa7c5127b267cbb55d1ccd3,PENALOLEN,Suzuki,IGNIS 1.2 AT GLX,Incumbent,ces,8031112.091199134,599242.75,0.0746151645245592,0,Mid,2019,5,2
2018-11-28,92565e2961e94c075626e75b4225d5e87091abc17527e280a8e31f459a40e018,SAN JOAQUIN,Renault,"CAPTUR ZEN 1,5 F2 DIESEL MT.",Incumbent,propio,10144687.247559693,832987.4375,0.08211070653758945,0,Premium,2018,11,4
2018-08-29,b05e36996d2011ffb321f4e46c90bacbebc615fb62d900d47168f5a84a42a606,ANTOFAGASTA,Great Wall,M4 1.5 SR,Chinese,ces,6123763.1329981685,477006.03125,0.0778942654851609,0,Mid,2018,8,3
2018-11-12,4d56b5b3cc4b3975edd4fa6745611296551d852a0dbcf9f2e9dac3634bd5746f,PUDAHUEL,Mazda,ALL NEW MAZDA6 SDN V 2.0L 6MT,Incumbent,propio,10185852.58118894,-286478.3125,-0.02812511866007793,1,Premium,2018,11,4
2019-01-31,d5888ec0519533ba2d01672cd28d812550706aa590801c640e92f15216195e5e,PUENTE ALTO,Renault,CLIO IV 1.2 HB EXPRESSION E6 F2 MT RF,Incumbent,ces,6801490.854554669,170711.203125,0.025099085888012622,0,Mid,2019,1,1
2019-07-20,4e2dc39b755d9327b371226bdafcfe5da572ad5b45635414a9babde657fdede9,PUDAHUEL,Renault,CLIO IV 0.9 HB DYNAMIQUE E6 F2 MT TURBO,Incumbent,propio,8070378.332945151,447911.53125,0.05550068568923486,0,Mid,2019,7,3
2021-12-01,ba2c3dad8385bc1c029e97b7603fc27932d40fa55690fe57dd80187e32c60508,CERRILLOS,Changan,NEW CS35 PLUS 1.4T AT ELITE,Chinese,propio,12146909.204149302,1023682.8125,0.08427516788800207,0,Premium,2021,12,4
2016-05-27,c961fc771dec2a9aec55edaf5dd5a9e5d12b312ecea8e6a99f7f2f7754545e2e,COQUIMBO,Suzuki,ALTO 800 2AB GL,Incumbent,ces,4042129.78646293,196239.078125,0.048548435723712674,0,Economy,2016,5,2
2018-03-13,8db5170381c99c88d415cf5e6e9458d19fea9d666e1487f49f2710af385f1a7f,LAS CONDES,Mazda,ALL NEW CX-5 GT 2.0 AWD 6AT (C.N.),Incumbent,propio,16647487.650983129,522720.03125,0.03139933437458537,0,Premium,2018,3,1
2018-03-28,419a2d3e1281fede5ec127f439adede8756d2d21eacd7f086c654b5b5e822884,LAS CONDES,Mazda,NEW MAZDA6 SDN 2.5 6AT (CN),Incumbent,propio,14547659.431049976,715812.1875,0.04920462916338263,0,Premium,2018,3,1
2009-07-15,88211f9e6453722a81e40daa8f0018560467e97a534ce02f72ada1795b817a8a,RENCA,Suzuki,SX4 1.6 GLX,Incumbent,propio,6516889.131007422,530420.1875,0.08139162364697224,0,Mid,2009,7,3
2019-01-18,af0a77c3ba4c2727c0446e6c77bb0a7af0ecd7ce1962be4e98d21b2256fb7cc5,SANTIAGO,Mazda,ALL NEW MAZDA6 SDN V 2.0L 6MT,Incumbent,propio,11398211.909312315,656601.6875,0.05760567470793886,0,Premium,2019,1,1
2013-06-24,1e5b2e90e0627c9df509b999a9ee01b9c694a92f9b8e251a7a804e2d47f6b1aa,SAN FERNANDO,Great Wall,WINGLE 5 2.2 4X2 SEP,Chinese,ces,5821965.134410178,455200.0,0.07818665854070185,0,Economy,2013,6,2
2011-08-13,c4fa1137683d86b240b944f8e9d5cad93e3a70489fce22a87398d3d2080539cd,COQUIMBO,Samsung,SM3 1.6 SEDAN SE 3,Incumbent,ces,4761279.257397543,352758.125,0.07408893827261316,0,Economy,2011,8,3
2020-02-10,1128cf8a2aea71ff4d198c00efcadae68c937c6b8e08d8c30721bda4cb36adb9,PUENTE ALTO,Suzuki,S-CROSS II 1.6 GL,Incumbent,propio,10108671.302858887,509010.0,0.05035379870903945,0,Premium,2020,2,1
2021-04-30,1b17afa837655e300f0c279cd1c09f4016be61547f0d989fbe65c9e29b2f8161,SANTIAGO,Mazda,ALL NEW CX-30 V 2.0  2WD 6MT 7G,Incumbent,ces,14376029.807822058,952377.3125,0.06624758888450603,0,Premium,2021,4,2
2018-03-13,29d371bcf610053b85e0caaaaf11fde5765efc1b8860e785abc938d49ef477f9,CALAMA,Mazda,MAZDA5 V2.05AT CON TECHO ELECTRICO,Incumbent,ces,9707327.862734132,657558.0,0.06773831164437404,0,Premium,2018,3,1
2013-10-25,d902b55019e6f7f1f3d71a5bf319dcd8bcdf0b5e43e45dd421fa6f15b696f918,PENCO,Great Wall,VOLEEX C20 1.5 SR,Chinese,ces,5359567.310292053,318274.84375,0.059384428877087204,0,Economy,2013,10,4
2014-08-31,63e01a72e92a7b169a62b9e6e547fd6cef16805cecfa0f2d63dcffa28c06bcc2,MELIPILLA,Suzuki,CELERIO 1.0 GLX SPORT AC,Incumbent,propio,4550464.316644584,266826.6875,0.05863724423110131,0,Economy,2014,8,3
2011-05-31,8f9d6cc2a8a1b39938feac9ea8b20338b853647db34fbf645c2a8d433d815a55,TALCAHUANO,Samsung,SM3 1.6 SEDAN SE 3,Incumbent,ces,5426792.1542939935,313630.125,0.05779291266053696,0,Economy,2011,5,2
2012-07-05,21d2cab559d331911f6913e7fd86308a998a6c35c5e6754b420cd488a6931d15,LA FLORIDA,Renault,SANDERO 1.6 HB DYNAMIQUE,Incumbent,propio,5578440.4983007535,127469.5625,0.022850393858073498,0,Economy,2012,7,3
2020-11-30,4dcf7e7741d0c5169a7de881888ad387075e91ef78c6268733c5ed628ff75b21,SAN MIGUEL,Suzuki,JIMNY 1.5 GLX,Incumbent,ces,12329652.971772378,754230.75,0.06117209881954852,0,Premium,2020,11,4
2019-01-16,4d0e4e6fc57c97680c4e47cea38476ba681b1c14f5b7082bac4d9d92484be218,CERRILLOS,Suzuki,DZIRE SEDAN 1.2 GL,Incumbent,ces,5611640.776489728,316422.15625,0.05638674477804561,0,Economy,2019,1,1
2019-05-31,2fffbac99a85333654deb752c10301325fb2f13745743f4a6f737af945b54b29,CASABLANCA,JAC Cars,J4 CE COMFORT 1.5 MT,Chinese,ces,4401257.236349127,237984.046875,0.05407183313657199,0,Economy,2019,5,2
2021-12-28,fa8c9e8c499d5f39c972edffbae9e5c1091a53679bbe07f8a26b0bb8c2a3915b,LA FLORIDA,Suzuki,SWIFT 1.2 GL SPORT,Incumbent,ces,9158243.805154324,614454.0625,0.06709300118808596,0,Premium,2021,12,4
2015-08-21,ce76543950a557ef9581d46f87c08c68671784a079ad79076bde8d6efc559ca7,CONCEPCION,Suzuki,CELERIO 1.0 GLX AC BT,Incumbent,ces,5028564.962255248,292656.84375,0.058198878993649734,0,Economy,2015,8,3
2013-03-26,7d3558c3dcd24eda1edb797f28cb8022e61760b8f93154bf1740579833288f5a,COQUIMBO,Geely,NEW CK 1.3 16V GS,Chinese,ces,3167609.1922056098,234706.28125,0.07409571920283946,0,Economy,2013,3,1
2018-05-08,6de646a2912b3c07ee46ccd6cf3647184dd32d63ddbd245f073e3b8075056439,RANCAGUA,Mazda,MAZDA5 V2.06MT CON TECHO EL CTRICO,Incumbent,ces,9636576.708795192,506072.5625,0.052515802840869145,0,Premium,2018,5,2
2021-11-22,34a0aa928f8a7984e7cbde0435eb7cf7c11fb2e7514c289a9c3fdaf9b46d20e6,LLANQUIHUE,Suzuki,SWIFT 1.2 GL,Incumbent,ces,7915146.652550156,496807.59375,0.06276669473836409,0,Mid,2021,11,4
2017-05-25,54bff356ca6e7f7ec90b426c83ee1e92d3b1cb2de028a663d60d7e1d623e1c34,RANCAGUA,Suzuki,ALTO 800 2AB DLX AC,Incumbent,ces,3734948.986055566,342184.875,0.09161701438963354,0,Economy,2017,5,2
2013-05-23,f769c24d593ce48d2239daef39e7ad895bb92cbadb8e9b7aeb2aafa674feaf72,TALCA,Renault,DUSTER 1.6 EXPRESSION 4X2 MT,Incumbent,ces,6227164.33475459,340132.875,0.05462082847270876,0,Mid,2013,5,2
2021-06-24,a0ea82073aaa5f40e7c942c24c9288b191991b7185179901286c638cf626b6d7,UNKNOWN,Great Wall,WINGLE 5 G 2.2 4X2 ELITE,Chinese,ces,7981456.6306633055,679200.0,0.08509724871405516,0,Mid,2021,6,2
2018-05-18,9b4990e2020614cc36334ee3d7c6f617ebffbdb303e2c63c1aa4573ef92e08f5,VILLA ALEMANA,Great Wall,M4 1.5 LE,Chinese,ces,5617593.628184812,284132.3125,0.05057900790018704,0,Economy,2018,5,2
2014-11-20,7e917e6586601d8b211a60d8ea2e3d6fd9d0f32a0be7902b359ec676392225af,HUECHURABA,Great Wall,M4 1.5 LE,Chinese,ces,6306423.497367687,440588.4375,0.06986343966336901,0,Mid,2014,11,4
2015-05-15,30e8a03b4a69ba70a67581bbcad76d1b9dad2780353eb6135eedba05d80bd054,TALCA,Changan,MD201 A/C E5,Chinese,ces,4728203.4813590525,375200.0,0.0793536068147715,0,Economy,2015,5,2
2018-06-18,0c5922179c68263445b6c325a76c50dd0fa81a5a8c33886737d9f92d0030a444,LAS CONDES,Mazda,ALL NEW CX-5 R 2.0L 2WD 6AT,Incumbent,ces,13883650.221677229,574453.625,0.04137626746769212,0,Premium,2018,6,2
2013-11-20,77444d7af33418e10889b55fe2f435897a04967d0dd3f3dd60db751a5d0ea810,PENAFLOR,JAC Cars,J2 1.0 5P AE,Chinese,propio,3720305.731927975,150856.203125,0.040549410181625514,0,Economy,2013,11,4
2019-01-27,1775c2ff161b1dfbe9e42c320fec6c02db6abaea5f5790b84bff1515f265dd94,SANTIAGO,Suzuki,CIAZ SEDAN 1.4 GLX,Incumbent,propio,7491303.845861136,528882.625,0.07059954260061176,0,Mid,2019,1,1
2019-03-29,3d28db9bca587cd2c7b672df7714b2a9ad778d684484e44c0ee17bde3bd11f10,MAIPU,Suzuki,BALENO 1.4 GLS,Incumbent,ces,6281578.604590643,597980.125,0.09519583573514305,0,Mid,2019,3,1
2021-06-29,9648caaf4eaf6ccabd1cefbb7e4a9af245386e474baaceb6fb0015a2929009ba,QUINTA NORMAL,JAC Cars,JS2 COMFORT SMART,Chinese,propio,6406368.27624072,470911.1875,0.07350673067710874,0,Mid,2021,6,2
2017-11-17,95c899d58188fdbc5f359be7de2f8ba7e1b79e8808c7fe7f90fd0393891f437e,PENALOLEN,Mazda,ALL NEW CX-5 R 2.0 2WD 6MT,Incumbent,ces,14464618.304830829,660545.75,0.04566631044660154,0,Premium,2017,11,4
2014-11-28,344f9bd82a89be867349da63a50a47ced059ff62fe4270b1b7acc6c75787b462,VINA DEL MAR,Mazda,CX-5 R 2.0 2WD 6AT I-STOP E5,Incumbent,ces,11589912.368514905,503866.03125,0.04347453330353039,0,Premium,2014,11,4
2021-02-15,63ac8f27b32609c40e68a8cce1abf5ac910c72254d4582d39a662502193b9000,SAN FERNANDO,Changan,ALSVIN COMFORT MT,Chinese,ces,5638221.762801556,516974.8125,0.09169111011396654,0,Economy,2021,2,1
2018-02-28,e16d5fb703cced56839cd022843a1d76cee35dc9c3f390738aed83de63a7d4ab,SAN FELIPE,JAC Cars,S2 1.5 4X2 SE,Chinese,ces,5728892.477025687,265882.4375,0.0464107920625594,0,Economy,2018,2,1
2019-08-23,4f4061532e0517272a5dde958c6faed2532c5662dcbd62587efeab15e7d602fd,MACUL,Suzuki,DZIRE SEDAN 1.2 GL SPORT,Incumbent,ces,5881556.007737394,234655.234375,0.039896795009059294,0,Economy,2019,8,3
2013-05-25,ca8a3266a6fc53bccff31b8c378a965412e9de7a0365ae1ba3e7130cf365ad20,QUINTA NORMAL,Renault,SANDERO 1.6 HB GT LINE FASE 2,Incumbent,propio,5267752.615235909,287754.125,0.05462559577451101,0,Economy,2013,5,2
2011-03-30,aab943257be6a7fbc9b1fb233801af1670f7b898bff7d129d31c0aa5a8ccdd03,MAIPU,Suzuki,CELERIO 1.0 GLX AC,Incumbent,propio,4317499.038357401,227313.59375,0.05264936754600455,0,Economy,2011,3,1
2019-10-18,8afa77c417fa91e543f14dae99b0541bb044715779adfe056e605311b5602050,CALAMA,Mazda,ALL NEW CX-5 R 2.0L 2WD CA 6AT,Incumbent,ces,14525597.913369603,835779.6875,0.057538401688149055,0,Premium,2019,10,4
2016-01-22,7c76ba4d298f31bf02317f6a5f0678d9581eed1d7d3ab1c010b2e4f9e629b7a9,LA SERENA,Suzuki,SWIFT 1.2 GLS AC,Incumbent,ces,6024861.435610651,350797.25,0.05822494902979372,0,Economy,2016,1,1
2015-05-25,2c9afb7ec8f185bcc7f8c3c7703b9aa2b6bd567edcd576625d84d13a5eef0663,ISLA DE MAIPO,Suzuki,SWIFT 1.2 GL AC,Incumbent,propio,4824567.709304441,260592.359375,0.05401361843724019,0,Economy,2015,5,2
2015-07-30,339cf6ea74bdc2495ffdd31598b0305514551d145a8dab2377da892ef6e0d12a,LOS ANGELES,Mazda,NEW CX-5 R 2.0 2WD 6AT I-STOP,Incumbent,ces,12517801.503444623,710742.8125,0.056778565493662704,0,Premium,2015,7,3
2013-03-27,01298bd0a4a596af7e697d3a7806204f14e790e0a13c6dcf72c9f2d5008002e5,CALAMA,Great Wall,VOLEEX C10 1.5 LE,Chinese,ces,4536485.002122621,285041.59375,0.06283313922929958,0,Economy,2013,3,1
2018-12-05,7466926f18833d7eee9d0f78c31e5c40a29f722836395867ff8daec04bd419e2,NUNOA,Suzuki,SWIFT 1.0 DIT GLX,Incumbent,ces,7921645.206624705,410664.4375,0.05184080159971946,0,Mid,2018,12,4
2016-02-26,8b33ca78c5e266a64682199edd7620c85d85d5bde0c1ce4bc1afeebdbbd561fb,ANTOFAGASTA,Suzuki,VITARA 1.6 4WD GLS,Incumbent,ces,9550453.799117642,585444.1875,0.0613001434082733,0,Premium,2016,2,1
2010-05-31,07dc83e68247968db782b2efd1246ec2ee88c88963784db6ad47234bf87f03bb,EL BOSQUE,Suzuki,SX4 SEDAN 1.6 GLX SPORT,Incumbent,propio,5872498.144019967,126493.796875,0.02154003181828335,0,Economy,2010,5,2
2018-01-08,3a4518d90fc14ddcffc50219880cc459d93f323cf264588b5367514d280115ee,LAS CABRAS,JAC Cars,S3 XE ADVANCE 1.6 MT,Chinese,ces,7365174.061199143,587914.375,0.07982355476121364,0,Mid,2018,1,1
2016-05-06,70f7a7b8032cddeb393dc055235dcc37ef2e1993e4f0aa2f6058402b84f0cacc,ANTOFAGASTA,Great Wall,HAVAL NEW H3 2.0 4X2 LE,Chinese,ces,7587535.898926039,508716.375,0.0670463219913075,0,Mid,2016,5,2
2018-10-19,f16a314498ce209fcbabf2144be66c0bd530ddf24c41c5dd3e620c6951047808,VITACURA,Renault,"ALASKAN INTENS 2,3 D/C 4X4 AT",Incumbent,propio,16243888.329046426,-1264168.0,-0.07782422375678885,1,Premium,2018,10,4
2010-11-29,854b9b7c48e3f50121e88eb1a2ea91e5e326d3701c05e4f71a53c43e2b6859e6,PENAFLOR,Renault,SANDERO 1.6 HB STEPWAY,Incumbent,propio,6033437.034666903,379787.4375,0.06294711212163458,0,Economy,2010,11,4
2017-10-20,fcbb5f67b963db4754808117b92d154dbf40a88e8d6890fdcaea92074d8fd19f,ANGOL,JAC Cars,S3 CE COMFORT 1.6 MT,Chinese,ces,6197725.605993532,386917.1875,0.06242889926037229,0,Mid,2017,10,4
2012-11-28,0dbbce72d64610a157ba00fd2523536ef01f6df39615921df6c6300bc981a868,ANTOFAGASTA,Great Wall,FLORID CROSS 1.5 HATCHBACK,Chinese,ces,4775891.123786219,321445.96875,0.0673059666601371,0,Economy,2012,11,4
2020-04-09,b9d9f7b2aa9f84bc2d75154bcd91f06d8967e0e5681c4d8673517469f3e5a5b9,MOLINA,Changan,CX70 COMFORT MT,Chinese,ces,7751809.306359052,464733.375,0.05995160054037509,0,Mid,2020,4,2
2013-10-29,9c6e2546a054418da88ca2a1022a813cdc277184039ea533890085500f73bb86,HUALPEN,Samsung,SM3 1.6 SEDAN ENTRY DECO,Incumbent,ces,4599337.5693577705,224050.59375,0.04871366590760707,0,Economy,2013,10,4
2021-09-28,6d9e89add0291f30b17133fa75dd2c1148d70d9bcd6647348b21bce3142f8750,ANTOFAGASTA,Haval,HAVAL JOLION 1.5T AT 4X2 DELUXE,Chinese,ces,12477341.264945,829579.625,0.06648689070729338,0,Premium,2021,9,3
2020-11-21,cb4e7fa2cdf175fcc008fdcca10c7d8ba757931c11e910f218064b2b31dfae6f,MAIPU,Mazda,NEW CX-5 R 2.0L 2WD CA 6AT IPM,Incumbent,propio,16095583.146622363,1033392.75,0.06420349859873552,0,Premium,2020,11,4
2018-12-20,0fb66f13b580ad01bce8ce6872a4f6c9d515fec6836aa62488b1ac6ce4ca64c5,RENCA,Suzuki,BALENO 1.4 GLS,Incumbent,propio,5414797.885722449,368604.125,0.06807347804650707,0,Economy,2018,12,4
2013-03-22,2d05f47f54a34d7c814aec7e43e99b82bea16de14546363eef18d9bb595b7e3a,SANTIAGO,Mazda,MAZDA3 SPORT 1.6L V AT CON TECHO ELEC.,Incumbent,propio,10126190.873904452,439835.59375,0.04343544371491868,0,Premium,2013,3,1
2020-03-31,f710c57c31d8eff17b06ca4698f630046dd59d1c37999c17b7f39f17dd32dbcf,PUENTE ALTO,Mazda,ALL NEW CX-5 GT 2.5L (CN) AWD CA 6AT,Incumbent,ces,20263753.12789566,883193.5625,0.043584895499154626,0,Premium,2020,3,1
2017-02-27,98d8c2c9b60cfd122a3b11c590c7e76513d4cc6dcbfd63adea0faef7762e6e39,HUECHURABA,Suzuki,SWIFT 1.2 GLS AC,Incumbent,ces,6311124.564862686,343423.96875,0.05441565369538416,0,Mid,2017,2,1
2020-12-10,135123a1cd27fc3745405e09077568c1ba2a8cb86a01d3ba91fd498f9906eadc,PENAFLOR,Renault,CLIO IV 0.9 HB AUTHENTIQUE E6 F2 MT,Incumbent,propio,7959771.668977811,603231.375,0.07578500993326441,0,Mid,2020,12,4
2019-05-17,1b54e3e3301a3edf7f988d1f3e7e12a1b4b1d21fa4aa463c689357dd312557a6,LA CRUZ,Mazda,NEW MAZDA3 SDN S 1.6 4AT,Incumbent,ces,8527115.413923807,734529.75,0.0861404724041376,0,Premium,2019,5,2
2017-11-24,3cd3fddd2cab5f494e3b160b1dfd2d12b5b984a263bfb19174241ab7aa5ae6ba,PUCHUNCAVI,Suzuki,GRAND NOMADE 2.4 AT GLX SE,Incumbent,ces,10556492.590854572,625803.1875,0.059281355252610454,0,Premium,2017,11,4
2018-09-11,edd6710c403bd46bdb961e7e09090d70e0108486b17f631b12e92a880106b72e,PROVIDENCIA,Suzuki,SWIFT 1.4 DIT AT SPORT,Incumbent,ces,10297518.055351738,442563.0,0.04297763768134351,0,Premium,2018,9,3
2013-02-13,efaf7baa2219d068536c5d2b5fd6a39cd999f3f8b420f4fd6734f083811d6c8e,MAIPU,Suzuki,SWIFT SEDAN 1.2 GLA,Incumbent,propio,5449775.747022308,273179.5625,0.0501267529492864,0,Economy,2013,2,1
2022-03-01,6231aa110faede19a9c24962ac4d165abccdb2919a43877ac6a2d44c51f962ad,TALCAHUANO,Renault,"DUSTER II LIFE 1,6L 5MT 4X2",Incumbent,ces,10288326.332673252,834736.9375,0.08113437604025799,0,Premium,2022,3,1
2019-08-22,6112df702213eb005bcb07e8a859032900a7eeb8394637a8497aeb9a8a7387f7,PUENTE ALTO,Suzuki,DZIRE SEDAN 1.2 GL,Incumbent,propio,5290633.7948344825,305721.15625,0.057785355801509314,0,Economy,2019,8,3
2019-06-22,a4041c0ef9a634d6cefc4bac793f0482c25a245ffe91e30dd4f6f1732f9b61db,ANCUD,Renault,SYMBOL INTENS,Incumbent,ces,5836957.03755647,313613.4375,0.053728926816169996,0,Economy,2019,6,2
2020-08-31,95fe0e6c02955bd618882bb5488e23fa516206051f8fa130feec4540b9f40a6d,VILLARRICA,Changan,NEW CS15 LUXURY MT,Chinese,ces,6847568.583659068,482520.75,0.07046599739818307,0,Mid,2020,8,3
2019-07-30,9f0e0d85aaa48dedb52b53e98812351b0463caef3b756d774159a46006186efd,PUERTO MONTT,Mazda,NEW BT-50 DOB CABINA 2.2 SDX 6MT 4X4 DI,Incumbent,ces,13444961.691124955,1435200.0,0.10674630638385368,0,Premium,2019,7,3
2016-04-16,fc36f4c4001d86d856ec65a76483a2eeb202b7ea7bd1bb5477604df8eb364fba,LINARES,Suzuki,SWIFT 1.2 GLS AC,Incumbent,ces,7228663.200789468,354386.59375,0.049025190952498125,0,Mid,2016,4,2
2014-04-28,862f96b3d2d996d4e9633374fabf927c40d1533b49fdd7762b5b742a8d4793a2,OVALLE,Mazda,MAZDA2 SPORT S 5MT AC,Incumbent,ces,6761071.882948986,418684.09375,0.06192569772936388,0,Mid,2014,4,2
2017-12-18,05cf56ed13bb52dd5c0dafd4a1215730e3ded6a7c00bbe834c56b0dfbea2da82,PENCO,Suzuki,CELERIO 1.0 GLX BT,Incumbent,ces,4241791.048432541,132100.484375,0.031142619442278936,0,Economy,2017,12,4
2016-02-04,5bc68059f7d00b5afde4d6398ed7855783977ba563a3e8b7d4f93cfdecc45521,MACHALI,Suzuki,GRAND NOMADE 2.4 2WD GLX SPORT,Incumbent,ces,8631447.115316613,473278.15625,0.0548318433661213,0,Premium,2016,2,1
2019-07-26,7f18b6ed4d4527970593a18a8de0fcf812053196e468109bc057cbe83d1afd64,PENCO,Great Wall,M4 1.5 SR,Chinese,ces,5919285.843553484,349801.03125,0.05909514095031544,0,Economy,2019,7,3
2014-08-09,dd2f84f8ee713b56b32716148c663c1293bc58c1bf4d4fd87d72c60a74345964,RINCONADA,Suzuki,SWIFT 1.2 GLS AC,Incumbent,propio,6046497.649157242,424721.09375,0.07024249712710919,0,Economy,2014,8,3
2015-12-31,f276374177558c75e7281f45d7f9f20cc4ff5c0b1bafad7c0978ec14297e9a07,GRANEROS,Suzuki,VITARA 1.6 GL,Incumbent,ces,8644462.710026486,468041.4375,0.05414349661745096,0,Premium,2015,12,4
2019-01-31,6966ec060f40b9be69c8504e2211869d68c71fd91b1df8a11c325a9a89e6331b,SAN ANTONIO,Suzuki,ALTO 800 2AB DLX,Incumbent,ces,3272593.961121385,229370.796875,0.07008837625441439,0,Economy,2019,1,1
2017-07-31,28bed1705b4ca0e8c4058cefd973bdc6704c6bb50f0626b0026c8dec04b09214,QUILPUE,Suzuki,JIMNY 1.3 JLX AB SPORT AC,Incumbent,ces,7505717.091619522,521580.5625,0.0694911033993499,0,Mid,2017,7,3
2015-04-17,f5e2250350d968be06b9622c392d304874a4cad4d7ef593af76e09d76384f90a,CONCEPCION,Mazda,NEW MAZDA3 SEDAN V SR 2.0 6AT,Incumbent,ces,9765087.412881834,569111.25,0.05828020026213428,0,Premium,2015,4,2
2016-09-30,d1bc7b2b26acbec13c3d7500f44c78fc717f59a0184dd53fba968f464c925122,CURICO,Suzuki,GRAND NOMADE 2.4 2WD GLX SPORT,Incumbent,ces,8357710.722261335,407035.59375,0.048701804510394554,0,Mid,2016,9,3
2015-10-21,dbbe618c846f60eac570dd7376e9f60aec3d37d03aa72c5bdcabd2cd2fbe539d,LA SERENA,Great Wall,M4 1.5 LE,Chinese,ces,6879610.91233098,350840.96875,0.05099721092091915,0,Mid,2015,10,4
2011-01-18,9c858a1c8ce0bdc7063920a5432fb7560eba3a06a1e877d1429f61d4fe740cb9,SANTIAGO,Renault,KOLEOS 2.5 DINAMIQUE 4X4 AT,Incumbent,propio,10808547.238107026,687706.25,0.06362615019855737,0,Premium,2011,1,1
2018-08-03,e2ab5c884b59d1120e3ed72cae5c81daecd3af62b0686c73c990947b4cc7e271,SANTA CRUZ,Mazda,NEW BT-50 DC 2.2 SDX HIGH 6MT 4X4 DI,Incumbent,ces,15000020.389490198,1027805.0,0.06852024019381561,0,Premium,2018,8,3
2013-05-15,f2b70dbfba31b50e58440415231ead9fc44a6df1e21e4aaf9f98432a54be64d7,VITACURA,Suzuki,SWIFT 1.4 GL AC,Incumbent,ces,5798553.94903195,308571.625,0.053215271895765505,0,Economy,2013,5,2
2015-08-22,d8dc5fa0678a61945fe8986a362dcfca71391beb61d2d9c6704c976696690166,RECOLETA,Mazda,NEW MAZDA3 SPORT V 2.0 6MT,Incumbent,propio,9577171.056568436,611340.9375,0.06383314382598565,0,Premium,2015,8,3
2018-04-28,5c48cb25f048146698b1223db8b5a82f30533f9e8e0d0fda85087319a828671a,NUNOA,Suzuki,BALENO 1.4 GLS,Incumbent,propio,5518646.957162516,250910.125,0.04546587722455228,0,Economy,2018,4,2
2017-12-11,c0c31734384508f14c3377459be4984850aa411aaff8a901b470525e71e7fa1a,PUENTE ALTO,Suzuki,BALENO 1.4 GLX,Incumbent,ces,7509263.1328505315,229348.71875,0.03054210708726873,0,Mid,2017,12,4
2011-05-11,3326e114f9f958fc66c3b92b4a74ad9dff451efd5e1560761637bfdb767f717b,CHILLAN,Suzuki,GRAND NOMADE 2.4 2WD GLX SPORT,Incumbent,ces,8789397.937718323,479958.4375,0.054606520367036025,0,Premium,2011,5,2
2022-02-25,647615575278cb967f42035a6076917f60cd00335feba5768a184dda8e1f0f91,PENALOLEN,Suzuki,SWIFT 1.2 CVT GLX PLUS,Incumbent,propio,10981227.806358598,566056.75,0.051547673901476576,0,Premium,2022,2,1
2019-04-17,ee5778bd44bba469e943b130b88d5211502dbdf54944e73e10efe1ec5cdb59b1,PROVIDENCIA,Mazda,NEW CX-3 R 2.0 2WD MT,Incumbent,propio,11098803.431768034,583935.25,0.05261245084570161,0,Premium,2019,4,2
2014-01-30,751e3dc0bd441d8a00fb5f33454f0a9efb6edad02d25f5e1ea382288cdd60272,PUENTE ALTO,Suzuki,SWIFT SEDAN 1.2 GLA,Incumbent,propio,5109849.62757127,351449.84375,0.06877890140909007,0,Economy,2014,1,1
2018-05-31,bdb0b506fbcd0689470ce5adf4f5ced7fcb599e1a10dde9556a5e546617fbf7b,TALCAHUANO,JAC Cars,S2 CE COMFORT 1.5 MT,Chinese,ces,5272121.970301073,258048.5625,0.048945863535335414,0,Economy,2018,5,2
2021-08-31,4309d4c747bbfac7b3adf90aac1f580823a0bc28d611a992c9f22a2c33ff2908,PENALOLEN,Renault,"DUSTER II ZEN 1,6L 5MT 4X2",Incumbent,ces,10453968.840266068,880000.0,0.0841785558620053,0,Premium,2021,8,3
2015-12-11,4dc19edd2f9a8261c163380e6673df2555dac23fd5fceffbe53f83400cd31d72,COLINA,Mazda,BT-50 D/C 2.2L 4X4 SDX 6MT,Incumbent,propio,15968411.17112627,744806.0,0.04664246129550708,0,Premium,2015,12,4
2013-06-29,7df3bd52b33665456370dda73da0332904fde1f4d3e6f67e3d9e6d4abf4026e0,TALAGANTE,Suzuki,ALTO 800 GL,Incumbent,propio,2539935.498080076,142490.921875,0.05610021277418585,0,Economy,2013,6,2
2017-03-30,68310def88ad2508e6fc7fa3944d76d02350d0da9af85a17c6e159ab9a836fb1,QUILPUE,Renault,DUSTER 1.6 DYNAMIQUE 4X2 MT E5 FASE 2,Incumbent,ces,7559720.186375811,644705.9375,0.08528171964114416,0,Mid,2017,3,1
2011-12-30,acb5d8b8e7dd6f02d792aa237f4d8bf60bbeab83ea8ca2898529bf75807aa2ac,SAN BERNARDO,Samsung,SM3 1.6 SEDAN ENTRY 3,Incumbent,ces,4673829.212908973,232958.40625,0.049843157641827396,0,Economy,2011,12,4
2018-07-30,8707cbaff08878c33c1d636c451a715393492840a84599708b10f632cbbd6068,LO ESPEJO,Changan,MD201 E5,Chinese,propio,4167137.1892421753,209249.0,0.05021408955294161,0,Economy,2018,7,3
2009-09-25,1179799cd6a24f8494ac595bba0ab99fc32e4acd0b8b3ead63eb6d120dc937d1,LO PRADO,Suzuki,APV2 1.6 GL,Incumbent,propio,7185876.390007558,570756.3125,0.07942751607774312,0,Mid,2009,9,3
2014-07-31,6ffef1b9b54cc6b1f87c3cecc4af2421e28b56e9e4b9dde2e47116706cf782e1,LA SERENA,Suzuki,SWIFT 1.2 GA,Incumbent,ces,4378707.082414874,304395.125,0.06951712440927309,0,Economy,2014,7,3
2011-07-28,1b33305374287466980a5ca474a39f05501d028f8e64a0287a6b2e62d80cee4a,SANTIAGO,Great Wall,C30 1.5 SE,Chinese,propio,4615211.321980261,364462.59375,0.07896986038628867,0,Economy,2011,7,3
2019-03-30,f4538f440f3ba77cd969f4784d06aafb14df2851830dc3f1f8fb6af97d371755,TALCAHUANO,Changan,CX70 LUXURY MT,Chinese,propio,7328204.512689016,685042.0,0.09348019679497595,0,Mid,2019,3,1
2010-07-19,e47cad7dd53c28fc9195fe44a973864c92d6e8dd41e322b00ba6738038dd26cf,SANTIAGO,Samsung,SM3 1.6 SEDAN LE AT 3,Incumbent,propio,5967675.705940589,255126.078125,0.042751330785456704,0,Economy,2010,7,3
2016-12-27,3cccb534a79882e7e7d7b45d72c4ef89146b981c1c474728a814c63a2654f9e4,PENAFLOR,JAC Cars,S5 2.0 VVT 5MT CE II,Chinese,ces,9460647.523150176,267555.4375,0.02828088001854975,0,Premium,2016,12,4
2011-03-22,8027621ba020ea340b17399e9187da374ab9ef525782905c0215bea2caa6f704,UNKNOWN,Suzuki,CELERIO 1.0 GLX SPORT AC,Incumbent,ces,4999974.15409745,307730.3125,0.061546380644351285,0,Economy,2011,3,1
2018-01-18,2cc1b0eea724f3cfb0abbde4d013a4ae5cd4cb0fcc2015111f84155095fdf154,MAIPU,Changan,CS15 COMFORT BICOLOR CONNECT,Chinese,propio,5907464.265019153,280393.15625,0.047464215384312766,0,Economy,2018,1,1
2019-08-22,acaa332e23ab4225934bd14a03cbfb15491f03c18cd5787e8f4c493054f744e7,LAS CONDES,Mazda,ALL NEW CX-5 R 2.0L 2WD CA 6AT,Incumbent,propio,11773192.97956294,-914379.3125,-0.07766621290309851,1,Premium,2019,8,3
2018-04-04,5ff816cbf2cb35b55d5d1a6133e1297b9737d23f2450d4eeb8ac53c2ccba5388,PUERTO MONTT,Suzuki,CELERIO 1.0 GLX BT,Incumbent,ces,4631033.811058541,90364.4765625,0.019512808640419946,0,Economy,2018,4,2
2022-03-25,ad34a5de5653c1574683416cb825171837572d0620a8360e7550a48824a6efe2,LA GRANJA,JAC Cars,JS2 COMFORT,Chinese,ces,8410638.736175174,728739.5,0.08664496512798764,0,Mid,2022,3,1
2021-05-28,a6118b2e0ff8e1ced58b48ab67e2c26a6a10a0c33957b111e081068fd9305f90,VALDIVIA,Changan,CS15 COMFORT MT,Chinese,ces,6715132.128845735,574117.6875,0.085496111838783,0,Mid,2021,5,2
2015-08-10,6fd68a7ebe760a81abd807a05e8e996e484bfb0e5f2e20e324e7d3ce34a6480a,VALDIVIA,Geely,LC 1.3 GA,Chinese,ces,3414357.6048822943,282437.375,0.08272050197557929,0,Economy,2015,8,3
2021-10-19,95e3b63d7cfd9390c950d43431467de17b0cef60f3aebc5b5d295abae4dd8fc3,VALPARAISO,Suzuki,SPRESSO 1.0 GLX AC,Incumbent,ces,5815295.250550911,385580.25,0.06630450104205322,0,Economy,2021,10,4
2020-09-16,f9c6ac714f31418fe8ae7155b1cf642c45cb2888eadffaa4b46c27e31782c17d,PENAFLOR,Suzuki,BALENO 1.4 GLX,Incumbent,propio,7818049.096578,559743.8125,0.07159635422921592,0,Mid,2020,9,3
2020-08-24,da945703b170203dbe0644670cbba3fbe8a03e5114c3ad57b64c8a035ed9e38f,PROVIDENCIA,Suzuki,SPRESSO 1.0 GLX AC,Incumbent,ces,5174505.873590417,336264.625,0.06498487647221032,0,Economy,2020,8,3
2018-10-10,f5d5b6e0172a03fd9621899ff4905a80c95ea60294aa3497079d97d53481e2a7,DONIHUE,Suzuki,ALTO K10 1.0 2AB GLX AC ABS,Incumbent,ces,3927088.617582121,379159.6875,0.09654981703301765,0,Economy,2018,10,4
2017-03-31,82a0f7f2270bfa0ddec33ec3de8888baa9b670b5eac2491d61cf7f1be22086b1,VINA DEL MAR,Renault,SYMBOL ZEN,Incumbent,ces,5784562.100950797,265715.28125,0.04593524567854927,0,Economy,2017,3,1
2012-06-27,44756104999160f6904117a03687dd49490a1eaa96c119d538531e346b6bf0e0,OVALLE,Mazda,BT-50 2.5 4X2 SDX ABS,Incumbent,propio,11387183.809314206,4998.0,0.0004389144922655819,0,Premium,2012,6,2
2018-07-11,c7e8c797c93d68df58662eb30fabe87cee35354308e2cac8f644ae88ce29cfa0,MACUL,Renault,"DUSTER ZEN TECH 2,0L 6MT 4X4",Incumbent,propio,9546667.611609587,463323.1875,0.04853245198738859,0,Premium,2018,7,3
2018-08-30,c9c83bbfe551315e8d758771097d3c7f774afb98473b986b6e5eb047a1aca22b,VINA DEL MAR,Mazda,ALL NEW CX-5 R 2.0L 2WD 6MT,Incumbent,ces,11969380.12049458,198235.078125,0.016561849998027203,0,Premium,2018,8,3
2018-08-31,9df854cab184f54400977da28ed75b8938585741ab3838f1c689282b5fdd1bdd,LA LIGUA,Suzuki,BALENO 1.4 GLS,Incumbent,ces,6562647.699329689,399654.125,0.060898305578832274,0,Mid,2018,8,3
2012-07-31,45cd975b9c7cf392ac05aad1acc86e2061f5006043c45f06aaee7f331689b29a,MAIPU,Suzuki,ALTO K10 1.0 GL AC,Incumbent,propio,2422698.212029144,144485.640625,0.05963831562164949,0,Economy,2012,7,3
2022-02-28,e225d00be2e0bd44377a4138578ec24d62b541dd1d09412a140ba5dbff052936,VALLENAR,Changan,CS35 PLUS LUXURY MT,Chinese,ces,10725312.896936158,683361.375,0.06371481947116081,0,Premium,2022,2,1
2020-01-13,66edea449ba2d65cf48705df0cb6277ebaa371b74d0695d0554db7e3e559ce86,COPIAPO,Suzuki,DZIRE SEDAN 1.2 GL SPORT,Incumbent,ces,5877700.77125779,402689.3125,0.06851136663321959,0,Economy,2020,1,1
2020-08-27,c25dbf6ebf522c0ed7080f4dbe558af0fbae7380119175726d70b4d8cbc5efb2,TALCAHUANO,Changan,CX70 LUXURY MT,Chinese,ces,7679181.171864011,418988.71875,0.05456164002031176,0,Mid,2020,8,3
2022-02-21,d05d79f7b8eea2cdc893f91c16abc43073b1db4bc59defcb5fff486a6988d947,MACUL,Suzuki,ALTO 800 GLX AC,Incumbent,ces,6011385.7057518,419495.4375,0.06978348388103252,0,Economy,2022,2,1
2017-05-12,c35f92250f6c30ca592d7f6607af6d2bde3dc3b1167fb5111433623bac61e820,HUECHURABA,Mazda,ALL NEW CX-3 R 2.0L 2WD 6AT,Incumbent,propio,12092282.318724664,647089.125,0.05351257173329431,0,Premium,2017,5,2
2012-07-23,fea1e988ac633c9c64c00daa15d2ed51fdc335d7409c5429297b283b5fa955f7,PUENTE ALTO,Geely,LC 1.3 GX,Chinese,propio,3258407.239766418,180874.640625,0.05551013956069106,0,Economy,2012,7,3
2017-06-20,6a1b92dea42c142417818ccb9461d9552193bcdb97621dfd58d5ce759397853e,NUNOA,Suzuki,SWIFT 1.2 GL AC,Incumbent,ces,5846925.0180348335,268126.4375,0.04585768359829557,0,Economy,2017,6,2
2014-12-30,28b2bda4ff3cf5380d458af1c6d5d16688a0b89687fc4401bd858f320a6d7048,SANTIAGO,Great Wall,WINGLE 5 2.2 4X4 SEP,Chinese,ces,7200390.057112862,414856.0,0.057615767577783784,0,Mid,2014,12,4
2020-02-14,2d00e0d82661e071cbcaf8a97a8bcee84e800741ae876d6b67230a0e30d0bd05,RANCAGUA,Suzuki,BALENO 1.4 GLS,Incumbent,ces,6581979.000071902,505082.40625,0.0767371646497934,0,Mid,2020,2,1
2012-06-25,916b36a33100ed01c5869e21e225901830fa3f0ba9d3fd73f75287c47623354d,SANTIAGO,Geely,EMGRAND EC 1.8 SPORT VVT GS,Chinese,ces,5395219.687100618,436302.5625,0.08086835899252663,0,Economy,2012,6,2
2020-10-23,2845dac5bbc0d25f4d2f1ac6a05752dc4f83f5c09559ccf554c275a230d6c23b,QUINTA NORMAL,Suzuki,BALENO 1.4 AT GLS,Incumbent,propio,8063697.940938429,439982.875,0.05456341224864831,0,Mid,2020,10,4
2012-07-30,1f8f7b8d10a2aca7eabe87dfe65c73705827235ed2b236e5117d55ad9c28cc07,RANCAGUA,Samsung,SM3 ENTRY MT DECO TX,Incumbent,ces,4809294.531745559,369075.59375,0.07674214821192124,0,Economy,2012,7,3
2013-10-30,08905b76ce78447a4807265aabc9726abb9747c2ed0282ff7dd5d87315e6dd8a,MOLINA,Great Wall,WINGLE 5 2.0TD 4X4 ABP,Chinese,ces,8608300.157696787,335599.0,0.03898551326651137,0,Premium,2013,10,4
2013-11-14,ab856b534eba1d24e764c34ac21dc682d98bbf58e5c6047fb56408ea642be5ae,QUILPUE,JAC Cars,J2 1.0 5P AE,Chinese,ces,3900604.821196777,187756.203125,0.048135151273128195,0,Economy,2013,11,4
2021-02-03,1d62fa523980f8913a89ce2f03edbb2fc3fdb1f042c8aaf5a3dd75e6cdf2016a,SAN ESTEBAN,Changan,CS35 PLUS LUXURY MT,Chinese,ces,9027673.09705805,514621.96875,0.05700494061063262,0,Premium,2021,2,1
2018-04-25,cff442070abf7b641287deb08cf262c4bab21d6691b0c538b6d75c8723b9b055,LA SERENA,Renault,CLIO IV 1.2 HB EXPRESSION E6 F2 MT,Incumbent,ces,6709588.698634872,479080.46875,0.07140236015472504,0,Mid,2018,4,2
2017-08-28,687e93609b559746ef4535df6a074c244fab438a902a9bf67ebb32dfe1dbb2f4,VILLA ALEMANA,Suzuki,SWIFT 1.2 GL AC,Incumbent,ces,5443806.629710314,423694.4375,0.0778305451166524,0,Economy,2017,8,3
2013-07-19,2aaede49ebb557dedc83ca4c7bafb127d6cac07c24c92eaf945a0fc6817619a3,LA PINTANA,Samsung,SM3 1.6 SEDAN SE 3,Incumbent,propio,4892434.801959316,340188.125,0.0695335019822363,0,Economy,2013,7,3
2021-04-27,11c5d5c5db97bdcb113f1b65676aad0047d57925a8c0454d7aaf156aaa356e87,TALCAHUANO,Changan,CS55 LUXURY MT,Chinese,ces,10710656.377399456,886417.75,0.08276035742033785,0,Premium,2021,4,2
2017-07-23,7b43ec392045b6e9f330bb3651059e66538d98240ae28bf3003d17e7a624a540,COLINA,Mazda,NEW CX-5 R 2.0 2WD 6AT I-STOP,Incumbent,propio,11587831.125986086,633481.9375,0.05466786067320193,0,Premium,2017,7,3
2021-06-29,b6ecf600f645c9d4b7d6d4e80c147d0c932d0f7cf7304d3acf20c2b288fb10ca,CAMINA,JAC Cars,JS3 1.6 ADVANCE,Chinese,ces,9302611.52223755,582521.0625,0.06261908939307041,0,Premium,2021,6,2
2020-09-03,2a7979825dc3026ad0af7e5dedfac52b3de3bb98364761779862ed6f200057fd,PROVIDENCIA,Changan,CS15 COMFORT MT,Chinese,propio,6136137.163421272,319724.53125,0.052105179974779765,0,Mid,2020,9,3
2014-12-12,c4c784b9c23053c775c2eb3c2bbd144c7f250b93b587d29ab1c9636d6c8bcb6c,PROVIDENCIA,Suzuki,SX4 1.6 GLX AC,Incumbent,propio,6751739.718622685,356859.875,0.0528545071155079,0,Mid,2014,12,4
2016-09-07,fe89abdb5caab5493b403d245bc5cd1fc222303f85846522b2cf4bf7be105961,CURICO,Changan,CS1 CROSS 1.4 NAV,Chinese,ces,5755553.761471551,371280.0,0.06450812821615848,0,Economy,2016,9,3
2015-01-30,69da0bd1ae6328cea542e70c003aed6dac4a8caea9a254d740715608580b96f9,LOS VILOS,Suzuki,CELERIO 1.0 GA,Incumbent,ces,4560118.085940195,310726.25,0.0681399569362106,0,Economy,2015,1,1
2016-05-11,9108634bfd43117f692c158139597390cfab3cbedca2cbb7a10eb5135368b058,SANTIAGO,Suzuki,S-CROSS 1.6 4WD CVT LIMITED,Incumbent,ces,11401312.488951268,515356.6875,0.045201522894791235,0,Premium,2016,5,2
2019-08-16,0957c18fdbef2c537843d704e05e22b195c63ec55e7aa6a02465c4351340bc12,VINA DEL MAR,Great Wall,M4 1.5 EN,Chinese,ces,4780042.94602042,129028.8828125,0.0269932476066814,0,Economy,2019,8,3
2018-06-13,dd2c33d2d3bcd7ab17a24671e037f44236c31e7b87d8f832d321d1cf79368016,RECOLETA,Renault,SYMBOL ZEN,Incumbent,propio,5144394.296426465,251288.0,0.04884695564151378,0,Economy,2018,6,2
2021-08-30,7846fa43c7f334ad9e3329ca234560153a7fb99d02d716a8d148b0cdc7e0b49e,LAMPA,Changan,CX70 ELITE TURBO MT,Chinese,ces,11719955.891241398,780784.9375,0.06662012594121615,0,Premium,2021,8,3
2014-09-09,041dd5dd462471e499d06c4ead9d97afbdd4b65ebd965f756ecc029905ae6d97,QUILLOTA,Suzuki,GRAND NOMADE 2.4 2WD GLX SPORT,Incumbent,ces,8050649.222659483,518419.625,0.06439476005746816,0,Mid,2014,9,3
2019-04-18,f852f0bdccab63338a8ad0a91a24f9c2ddec4cb7350f650bbbf9963a0d4a49b5,COPIAPO,Renault,CLIO IV 1.2 HB AUTHENTIQUE E6 F2 MT,Incumbent,ces,6319608.558964997,318655.3125,0.05042326744240441,0,Mid,2019,4,2
2012-07-18,b65f3f2b9dfd3d88ea6a3dc18a2ee894d91fcfc5e7b099fa6a9a648cc466c608,PROVIDENCIA,Suzuki,SWIFT SEDAN 1.2 GLA,Incumbent,ces,5529510.135479497,429579.84375,0.07768858962634827,0,Economy,2012,7,3
2020-09-22,c0970c9cf32995ee8c6159c9de9f6f291f96eeb242769d0c2000fc1b37d84ed9,PENALOLEN,Suzuki,BALENO 1.4 GLX,Incumbent,ces,7395277.450726113,430768.8125,0.05824917528384341,0,Mid,2020,9,3
2021-06-29,e20fbc5e024dd0a7818d85b1f0edb35ac4ea6a0beb5fab8dafd3bd7fa9e2b655,LO BARNECHEA,Mazda,ALL NEW CX-30 V 2.0 2WD 6AT 7G,Incumbent,ces,15277541.410882477,783526.8125,0.05128618482695647,0,Premium,2021,6,2
2019-12-30,6cc83f0a0fe74edbd84a5f4b4156e8aed0cf5cb09bfe1cb9d3631b26e7d862de,CALAMA,Haval,HAVAL H6 1.5T 4X2 ELITE,Chinese,ces,9380153.713299235,733142.5,0.07815890041978164,0,Premium,2019,12,4
2019-06-27,3d57316bd17d5a4aaf10d7d0fafaefc2891a77c6fc38bc602423216e3219f857,NUNOA,Suzuki,BALENO 1.4 AT GLS,Incumbent,ces,6779766.918863247,443922.90625,0.06547760587681557,0,Mid,2019,6,2
2015-03-23,9b819fb2e5730340f1032a0573329fafdd69858b3632ee4fc26d46ac2b1154a0,OSORNO,Renault,SYMBOL 1.6 SDN EXPRESSION,Incumbent,ces,5270331.14457527,365713.84375,0.06939105603002342,0,Economy,2015,3,1
2018-03-22,dd42f8508d4eac006a069ba349528a86c8580eca9335a6ad5d185a45c4c9444f,LAS CONDES,Suzuki,SWIFT 1.2 GL SPORT AC,Incumbent,ces,5834991.414585436,348291.15625,0.05969008889702803,0,Economy,2018,3,1
2022-02-08,fef30232c93f82330548ad149297557d0eaefe58e6e6a13fae8be622989d7956,CHILLAN,Changan,CS55 COMFORT MT,Chinese,ces,11755073.836942974,906890.75,0.0771488773766687,0,Premium,2022,2,1
2018-04-14,e526664c98bf84377486ff1411f9c59332d88afaf7f932151db0d3f8ed7a1d9d,LAMPA,Suzuki,SWIFT 1.2 GL SPORT AC,Incumbent,propio,5959105.46414268,297897.15625,0.04999024736892413,0,Economy,2018,4,2
2019-04-30,1c449f929b588e13c0c0ef0931460625c185f63a1701e927423339e6ef914bfd,LA SERENA,JAC Cars,S2 CE COMFORT SMART 1.5 MT,Chinese,ces,5779778.474198026,456471.0,0.07897724835610377,0,Economy,2019,4,2
2017-08-08,99b87f017083b8330fa93c802270c1fdbabd27b83ce25f23c88b33240f0c2ef9,CONCHALI,Suzuki,SWIFT 1.2 GL AC,Incumbent,propio,5548285.259966936,237603.4375,0.04282466138040926,0,Economy,2017,8,3
2018-05-28,899a5a819bdcb2231340aaf7ee20c558c316c40cb9b914763df5a36f19c630ff,SAN JOSE DE MAIPO,Great Wall,WINGLE 5 G 2.2 4X2 DELUXE,Chinese,propio,7087583.763764151,496818.0,0.070096949335544,0,Mid,2018,5,2
2019-07-30,312fab9b46b006b74c0ba3d784e26641c9e3d424367fb6d03d916708ad9090e5,LO BARNECHEA,Mazda,NEW CX-3 R 2.0 2WD MT,Incumbent,propio,10602049.166662868,575001.25,0.05423491637899931,0,Premium,2019,7,3
2019-10-02,26c0c0bf41e0e4cc0069e4e189a872b5a532eebb9d87741ed8b61b1056f1be9d,PUENTE ALTO,Mazda,NEW MAZDA3 SDN 2.0 6MT,Incumbent,propio,9151044.057901757,528878.25,0.05779430703793011,0,Premium,2019,10,4
2019-04-26,e2add6fa6b3f8400fffab56b3f62d5c58f5f915c1d55ac5cbcaf5e0501c77cbb,CONCEPCION,Mazda,NEW MAZDA3 SP 2.0 6AT,Incumbent,ces,11357321.861972582,491477.6875,0.043274082875611866,0,Premium,2019,4,2
2012-10-24,14abcc2e49630313a28c59e7de9f83fd34c901c0ad59a050b62b6ddc814be605,TEMUCO,Suzuki,ALTO K10 1.0 DLX,Incumbent,ces,3487989.2637673444,229084.640625,0.06567813811948717,0,Economy,2012,10,4
2018-11-13,5bf71135a64ca6d6fee34dfb5b412318d1071abb465ded1ff464faa09fca3c5e,CONCEPCION,Suzuki,ERTIGA 1.4 GLX,Incumbent,ces,7345758.424476928,583062.625,0.07937405388355367,0,Mid,2018,11,4
2012-05-25,785c6be8f65d7f86f21009ef2d2bd6d4d111066c42084ed13246e740be7eee55,COPIAPO,Samsung,SM3 1.6 SEDAN ENTRY DECO,Incumbent,ces,4904402.961927896,364924.03125,0.07440743227725118,0,Economy,2012,5,2
2022-03-12,b87a9b71337e52d9956f5beb148ad78f77582ef226da259ee6ad18716200fde7,CONSTITUCION,Renault,"DUSTER II LIFE 1,6L 5MT 4X2",Incumbent,ces,10264674.646176709,544974.9375,0.053092275818307326,0,Premium,2022,3,1
2018-12-18,6b0f97e00844a101c205bfbe9d0fb0664882cd15a892fdce67332693f89f1517,SANTIAGO,Suzuki,BALENO 1.4 GLX,Incumbent,ces,7300372.007855173,513595.71875,0.07035199277480284,0,Mid,2018,12,4
2020-11-12,bf6252248c03c692cb1487e89dced4f9e959cc2054f9056ca6f95e056928f471,MAIPU,Renault,CLIO IV 0.9 HB EXPRESSION E6 F2 MT,Incumbent,propio,9315719.233341474,588555.875,0.06317879062880362,0,Premium,2020,11,4
2018-04-16,54c91005fd2254321f570eee26f70e65725073365d103390376533e1a0ce43c7,COLTAUCO,Mazda,NEW MAZDA3 SDN S 1.6 4AT,Incumbent,ces,8530549.854480373,785882.3125,0.09212563385785065,0,Premium,2018,4,2
2018-11-15,753c480dff5c61974629ba34eda6ee2f3f2c3c041d2bf5073558ed27de25619d,MOLINA,Suzuki,ALTO 800 2AB DLX AC,Incumbent,ces,3638510.979111015,209023.875,0.057447641686399445,0,Economy,2018,11,4
2020-08-31,a6c414ad15105d4997c664f9e27beb9282fc8bd25ce0af0dafcb369e2eacc3eb,LAS CONDES,Suzuki,BALENO 1.4 GLX,Incumbent,propio,8189603.314867269,557911.4375,0.06812435426355473,0,Mid,2020,8,3
2017-09-08,49d5b94f951c68254d3791f352e27c2c52b6b3f150d1488bc1a675c7aeb1b6d6,VILLA ALEMANA,Renault,CLIO IV 1.2 HB EXPRESSION E6 F2 MT,Incumbent,ces,6560233.341381145,590655.5,0.09003574556932568,0,Mid,2017,9,3
2020-01-29,e76a9a6ccd02c0cf22e8697dbf221fe882a974cfc565addb5296ee4565eebaa3,CONCEPCION,JAC Cars,S2 CE COMFORT 1.5 MT,Chinese,ces,6111899.451734587,238904.71875,0.03908845697423862,0,Mid,2020,1,1
2015-01-15,a9f007441528cdd12a7d367cdacb4f2012dc4315b1c8e96ec9c57510f61810af,PUENTE ALTO,Suzuki,ALTO 800 DLX AC,Incumbent,propio,3496824.09261246,217119.078125,0.06209036324809562,0,Economy,2015,1,1
2015-12-21,dee3422263a6b82ef07d2cb1b34163e6cb2d90053b84cbecd82b635c073c123e,HUECHURABA,Suzuki,SWIFT DZIRE SEDAN 1.2 GL AC SPORT,Incumbent,propio,6812294.027430473,308498.875,0.04528560772007115,0,Mid,2015,12,4
2020-12-30,d6ffecaa5054b9fea5678ec08c96c2a107df7ebf4f953e6c403cf7678563ac17,ANTOFAGASTA,Mazda,NEW CX-5 R 2.0L AWD CA 6MT IPM,Incumbent,ces,16795995.113027893,1093276.125,0.06509147672661533,0,Premium,2020,12,4
2017-11-30,1adc75fdfee439f1a68791288aa03d2b7f06d35d06588b4e936c0966f431d498,CALDERA,Suzuki,BALENO 1.4 GLX,Incumbent,ces,8066022.78208278,355630.71875,0.04408997201693624,0,Mid,2017,11,4
2019-10-23,3c6d290f2ccd0a645d42c710cd80317f0fcb9ce4edd88a9890fe0411bae98552,SAN ROSENDO,Suzuki,DZIRE SEDAN 1.2 GL SPORT,Incumbent,ces,5664444.840994035,548178.9375,0.09677540392533894,0,Economy,2019,10,4
2020-11-09,6840962de4879120a1071b44e5439f67d212babe75b0bf4338206dbf35e9ba46,RECOLETA,Suzuki,SPRESSO 1.0 GLX AC,Incumbent,propio,5573085.153519931,304290.09375,0.054599936187555285,0,Economy,2020,11,4
2018-11-22,ce9f7fd9638eea98c72d017b40288ab76092a6d9ec385ba4352687d32ca7a766,CUNCO,Changan,MD201 PICK UP A/C EPS,Chinese,ces,4413542.997442558,249066.0,0.05643221333616147,0,Economy,2018,11,4
2017-12-22,beb352cb0dc6469d59b97093d2bf52bf0362b53dff78ea9495f93f3a55a56f1d,LO ESPEJO,JAC Cars,S2 CE COMFORT 1.5 CVT,Chinese,ces,6056571.04679244,275254.59375,0.04544726572567407,0,Economy,2017,12,4
2014-12-22,e95b519fff40b82b22980d43dc70b526ff262dad0abeaf922eab653a212fda4b,SANTIAGO,Changan,CS35 COMFORTABLE,Chinese,propio,6402102.16658636,475874.09375,0.07433091215470855,0,Mid,2014,12,4
2018-09-28,22f187b6bba4daa0a4bee2f70fc4ee0a834460e8a10bc7f4d1abb49bf5a8805c,LA REINA,Suzuki,DZIRE SEDAN 1.2 GL SPORT,Incumbent,ces,5931647.714115873,351828.96875,0.05931386786722566,0,Economy,2018,9,3
2013-01-30,edfd05aa82a01420369915660aaa18ed2665b83f513a1d3c40f0d5d9c0e7a514,PUENTE ALTO,Samsung,SM3 ENTRY MT DECO TX,Incumbent,propio,4578413.761029534,264488.59375,0.05776860885778162,0,Economy,2013,1,1
2013-03-15,6e0931eb2a8f78313782366fabcdff959f1ee845a702fa186316fcf0f5030b0e,RENCA,Suzuki,ALTO K10 1.0 GL AC,Incumbent,propio,3143558.6428356413,168820.28125,0.05370355715639393,0,Economy,2013,3,1
2019-09-10,a5b1db568adcc954be6abaad53c6f9c93d50862291444b0c2e47e065c064863c,SAN BERNARDO,Suzuki,ALTO K10 1.0 2AB GLX AC,Incumbent,ces,4313853.470435395,183519.59375,0.04254191641133269,0,Economy,2019,9,3
2019-06-26,639119fb08906bed8c4c7b700d5dba2d19cff7131d1e75fcfbb6a2d96145abca,PUENTE ALTO,Suzuki,JIMNY 1.5 GLX,Incumbent,propio,9522391.26129968,628114.375,0.06596183225034492,0,Premium,2019,6,2
2012-01-30,ff2717ff7369b4de52c3bdd766aa3deb684a3d70437fa0fe83dd1f9c621010b0,TALAGANTE,JAC Cars,A 137 1.3 VVT SPORT BE,Chinese,propio,4238467.0262058005,158470.71875,0.03738868741226475,0,Economy,2012,1,1
2013-09-17,09a4af4329f8f9f0cd145097e76de3c7b69694f74689f86ceee99ead11f3f618,MAIPU,JAC Cars,J6 (B-CROSS) 1.8 CE 5 ASIENTOS,Chinese,propio,5776938.728146799,327226.5625,0.056643592376298575,0,Economy,2013,9,3
2011-10-16,72b241e4d004f35703ff91238e65ba0bef6b09500cdd7e9651c919428feb4a83,SANTIAGO,Great Wall,HAVAL H3 2.0 4X2 LE,Chinese,propio,6360267.05950551,331512.15625,0.052122364225972294,0,Mid,2011,10,4
2018-10-14,11d739b171cf569c62529c45e9bfe6f72e2a4227a589e40ae72e02e7799f059f,COQUIMBO,Great Wall,WINGLE 5 G 2.2 4X2 ELITE,Chinese,ces,6261932.377182995,333200.0,0.0532104117275527,0,Mid,2018,10,4
2019-08-30,b4ed0a71333e4f3c352b5fb326da1c88661674e408da36094c5a078d895ab8d5,MAIPU,Suzuki,GRAND NOMADE 2.4 GLX NAV,Incumbent,propio,8417236.968092084,600464.8125,0.07133752023095365,0,Mid,2019,8,3
2022-02-28,424a46d1a5d0c4adac62b34c3fe50ad8ba5b08a0e432d65f9982eb336daca4a9,PUERTO MONTT,Renault,"DUSTER II ZEN 1,6L 5MT 4X2",Incumbent,ces,11407560.775613476,967394.9375,0.08480296152075292,0,Premium,2022,2,1
2018-03-28,f9210102a4f426617de56fdc26799255fcd589458541aae8dee2ce3374b7d315,LINARES,Renault,SYMBOL INTENS BLACK,Incumbent,ces,5904547.725058631,348371.8125,0.05900059220819334,0,Economy,2018,3,1
2020-08-24,da6c9e474e240dcc13ec69795b12ec4b717fccf4dc60cf06b2bf73e557371b30,RANCAGUA,Suzuki,VITARA II 1.6 GLS,Incumbent,ces,9953757.950173931,785338.8125,0.07889872512785757,0,Premium,2020,8,3
2017-11-10,8119b6b8953f3a83f910987ca2c7ebd36be550e3c9fd06fa2d73d838f4f0f1c0,QUINTA NORMAL,JAC Cars,S2 CE COMFORT SMART 1.5 MT,Chinese,propio,6131473.355012142,500529.03125,0.08163274995574189,0,Mid,2017,11,4
2017-08-28,40e2d6a82f0efaa7a44d5b6fc1316311bd836a237a772ebc286c7804c11b02c0,LAS CONDES,Suzuki,GRAND NOMADE 2.4 2WD GLX SPORT,Incumbent,ces,9024498.761193093,499596.59375,0.05536003793344754,0,Premium,2017,8,3
2014-07-22,a92332befb19b660361ea023a2ed216fc58bb9c9d30c4f8eb248f9765784a5cd,GRANEROS,JAC Cars,J3 TURIN 1.3 VVT BSE,Chinese,ces,4768696.981368214,362352.875,0.07598572029544962,0,Economy,2014,7,3
2013-12-19,09f09d78ce302a9d2a273fc802b29ab0adec57f65adff63e23cb75adb82a9aab,RANCAGUA,Suzuki,ALTO 800 GL,Incumbent,ces,3611540.7482649297,248067.203125,0.06868736099521441,0,Economy,2013,12,4
2017-05-25,1883308f5f79d78b0b438d3af3fee3cd885c4884e909d195a104eaaf2c031ab5,PUERTO MONTT,JAC Cars,S3 SE LUXURY 1.6 MT,Chinese,ces,6972774.021468807,367911.125,0.052763953609742814,0,Mid,2017,5,2
2014-03-28,12e6c5873b79cdefc901e2268290dd11a661dd71b4fc471c0dcd541d42fe829e,PUDAHUEL,Suzuki,CELERIO 1.0 AT GLX AC,Incumbent,propio,5146787.018042843,314988.84375,0.061201064401102824,0,Economy,2014,3,1
2014-04-21,137ef317fb7727275eb557dbc78c5b80fec0dca17b55f91e36924085da29a824,PUNTA ARENAS,Mazda,MAZDA3 SPORT V 1.6 5MT SVP,Incumbent,ces,9154022.812523538,725378.1875,0.07924146600417212,0,Premium,2014,4,2
2017-03-25,8a6f332d4220a1ddb99d8f45a34dff8a716ad2419896103b587bfdda4c7c5f05,LA SERENA,Renault,SYMBOL INTENS TECH,Incumbent,ces,6507099.421727182,341248.25,0.052442452140899105,0,Mid,2017,3,1
2015-04-30,a40031a3383aa346cd695dcbab9a0bb3655b68a03231f9d992cd88102a3aefec,ANCUD,Suzuki,SWIFT 1.2 GL AC,Incumbent,ces,5972702.178234208,483361.375,0.08092842411621849,0,Economy,2015,4,2
2015-07-15,edfc8fd7093d222eafdaacaa4a4ba04b99758497187080134736c0aedcbb7a2c,VINA DEL MAR,Suzuki,SWIFT 1.2 GLX AC,Incumbent,ces,6619450.258818254,386302.59375,0.05835871237726699,0,Mid,2015,7,3
2017-01-18,d8fa3e3809b210831bf6ac58fa0b6a65f459a9168b19775f9c4379d1cbc6a59e,ARAUCO,Suzuki,S-CROSS II 1.6 GL,Incumbent,ces,9880318.472713783,468072.03125,0.04737418460170715,0,Premium,2017,1,1
2021-10-09,48960283aa9a0b69069d5212ad0fd5a8c3ce4d97ebade6e07a1132b8518e89bf,NUNOA,Suzuki,BALENO 1.4 GLX,Incumbent,propio,9673116.61347797,479068.1875,0.049525732671566645,0,Premium,2021,10,4
2014-01-29,9240399ed8622798a1560ca0c6370c867da848abb35dd96dadb7b68d6903a996,MACUL,Geely,LC 1.3 GB HB,Chinese,propio,3269985.556155195,177706.28125,0.054344668561455256,0,Economy,2014,1,1
2019-07-31,84183d1aa95fc0363546830010eb5580c734fe62fbf0df294a7772392af5d0c3,TALCA,Suzuki,BALENO 1.4 GLX,Incumbent,ces,6557181.188208451,584309.9375,0.08910992707518044,0,Mid,2019,7,3
2016-03-24,a46d7c4491d1601d53989e4e9433c37f75b2f450d974bd7e2fb01a60f96ece1e,CHILLAN,Mazda,MAZDA3 SEDAN V 2.0L 6AT,Incumbent,ces,11231481.56359754,675500.0625,0.06014345112664117,0,Premium,2016,3,1
2013-12-27,47d5e44ce2ce84024858a04c46eb82092f52de178d53a29e84d2142bd6607cd5,CONCHALI,Samsung,SM3 1.6 SEDAN SE 3,Incumbent,propio,5254357.064260641,434174.90625,0.08263140493500022,0,Economy,2013,12,4
2013-09-20,54ecccc53b76a0511d55c08a7d03640f4b8676627f3a7fa884947f0bd04447b3,SANTIAGO,Great Wall,VOLEEX C10 1.5 LE,Chinese,propio,4419685.994306892,280681.59375,0.06350713469498805,0,Economy,2013,9,3
2018-11-30,5647d7ba4caed4072d842fc3f1b01dc85b055c5e9f1ce66ad1e33223a2ff4d9c,NUNOA,JAC Cars,J4 CE COMFORT 1.5 MT,Chinese,ces,4789132.237479636,199189.6875,0.04159202077176867,0,Economy,2018,11,4
2021-09-29,9a619abebb2d617150e7151831ecb748e098ee607050b88dde3c0190dee11a62,LINARES,Mazda,ALL NEW BT-50 HIGH 4X4 6MT,Incumbent,ces,23889507.34209793,1905453.5,0.07976110485301731,0,Premium,2021,9,3
2011-08-26,91c08158b29a32844631c04700ba09f2044c3f2b0baa30a14dee5c9d7c3c4dd5,SANTIAGO,Samsung,SM3 1.6 SEDAN ENTRY DECO,Incumbent,propio,3871024.12563892,-9512.759765625,-0.0024574271450852558,1,Economy,2011,8,3
2018-02-09,3b78b96b689a76dad2261bdc4c9fb146d35f623395142d7cf258f2070bd7e399,PUDAHUEL,Suzuki,SWIFT 1.2 GL AC,Incumbent,ces,5521466.362882008,284842.4375,0.05158818668440143,0,Economy,2018,2,1
2019-06-26,d26ec769b54b61d7990acd82455ca001cd3f7bbbb33ff9359666121c024c83c8,VINA DEL MAR,Mazda,NEW MAZDA3 SDN 2.0 6MT,Incumbent,ces,9670520.602838973,629757.9375,0.06512141004230135,0,Premium,2019,6,2
2019-10-31,a9992ed0dc05ff049715303ad07ece1f66c3ba09cbbd902ebc9d01436b6963ae,ESTACION CENTRAL,Renault,CLIO IV 1.2 HB EXPRESSION E6 F2 MT,Incumbent,propio,6702154.717994945,350349.46875,0.0522741541327492,0,Mid,2019,10,4
2015-11-30,58902a03d80d6be00e22d9c87c56d95fedf2779c16d60850de2b0cb8a6c6f303,TEMUCO,Suzuki,GRAND VITARA 2.4 AT GLX SPORT,Incumbent,ces,9089402.76478492,492593.6875,0.054194285394465753,0,Premium,2015,11,4
2019-05-31,fa8344870e272b13a0375d5fc7cbde6f50727d6d71fea57fe3ca08c61526b629,CONCON,Mazda,ALL NEW CX-5 GT 2.0L (CN) AWD CA 6AT,Incumbent,ces,18186092.5515559,1058622.875,0.05821057338176969,0,Premium,2019,5,2
2018-02-27,b28e2e92b33d1cf7a91da3039024a31a32fbcf90edaac1749b2a3e9ed018641e,PUERTO MONTT,Suzuki,VITARA 1.6 4WD LIMITED 2T,Incumbent,ces,10527834.248208577,773445.0625,0.07346668310546492,0,Premium,2018,2,1
2013-10-14,71786d4710cc146f59ccae82545357e29529d3567060dfe6e58f2c9e342294a5,MAIPU,Samsung,SM3 ENTRY MT TX,Incumbent,propio,4849901.796611453,328192.03125,0.06766983023848078,0,Economy,2013,10,4
2014-05-19,a9ee40d1129d6a92c5b3c9508fe1f3e756c3c3818b3e6e000559c32f896851f9,PENCO,Great Wall,HAVAL NEW H3 2.0 4X2 LE,Chinese,ces,7326950.460747499,577478.9375,0.07881572839801694,0,Mid,2014,5,2
2021-12-23,10a2bd217903447a69d1c467e186098bff5bca4bf8395793d001fb8d7a5ff3f7,PROVIDENCIA,Mazda,NEW CX-3 R 2.0L 2WD 6MT,Incumbent,propio,12044655.865816263,721059.25,0.05986549205165971,0,Premium,2021,12,4
2018-04-26,3a7a39a45c7ae31997b7bbf4decf5bb216ed2ed6d6efc995cff2ce1891b5f7bf,HUALPEN,Suzuki,S-CROSS II 1.6 GL,Incumbent,ces,9300801.677010177,540855.5,0.05815149261131893,0,Premium,2018,4,2
2011-12-27,137b0047c82b6cab8bea400fb4020950261988a1f90c7befc665860a7895c21e,LAMPA,Renault,FLUENCE 2.0 SDN EXPRESSION MT,Incumbent,ces,6364431.1789032,335462.875,0.05270901131148868,0,Mid,2011,12,4
2021-01-26,c7ee3611ed3c556173d96cb0cf559777cc1dcb3e8d4b1337bf5de8985109bbf4,LA CRUZ,Haval,HAVAL H6 AT 2.0T 4X2 DELUXE CA,Chinese,ces,15348643.632982574,1017815.0,0.06631302571992913,0,Premium,2021,1,1
2013-04-10,0a64a38ac7bcf1c512d3dc6ebc1c834f6d884b15671aadbb468e7e6a9cde6dd4,LA FLORIDA,JAC Cars,J2 1.0 5P AE,Chinese,propio,2751145.9938880648,169816.5625,0.06172575460454073,0,Economy,2013,4,2
2022-02-14,d8f7656afd80ae2be2cb13a8be9f015c5b6911e2ecb072bd685b923ea278b4fd,COQUIMBO,Suzuki,ALTO 800 GL,Incumbent,ces,5146815.968851796,469916.0,0.09130227364722225,0,Economy,2022,2,1
2011-08-31,4414293aa86b46df909eb5200a956a228c07df82c110680624c06dae887b898b,LAS CONDES,Samsung,SM3 1.6 SEDAN LE P AT 3,Incumbent,propio,5363900.299293152,341746.0,0.06371222075940428,0,Economy,2011,8,3
2013-08-27,21d74456a9ee803367b53190e42da0bfa595565038980e130753c55180d5db80,PANGUIPULLI,Suzuki,ALTO K10 1.0 DLX,Incumbent,ces,3470931.213113032,274958.0,0.07921735785521196,0,Economy,2013,8,3
2021-10-08,6970300dedd87a59084284c6dcab072aa4882f27f185a700e0715268d64c2972,ISLA DE MAIPO,Suzuki,ALTO 800 GL,Incumbent,propio,4033322.1293170704,389243.6875,0.09650696746255362,0,Economy,2021,10,4
2022-02-08,e28398cf09b7f4db9bc6778761f2623f44e007387d1b199dc69543593699ee6c,QUILICURA,Changan,NEW CS15 ELITE AT,Chinese,propio,8794253.753446715,782521.0625,0.08898095102080811,0,Premium,2022,2,1
2021-11-17,0324b447ec144426770411c9f041659c079624f16c09b44c70667150d892ff68,SAN JOAQUIN,Suzuki,BALENO 1.4 GLX,Incumbent,ces,9797736.00551082,856470.5625,0.08741514999161754,0,Premium,2021,11,4
2017-11-30,3bb599eb459fb58a54d64a944489d38ca3414cff09f8f09af19443f4fcc44dd4,CONCEPCION,Renault,"DUSTER ZEN 1,6L 5MT 4X2",Incumbent,ces,7692588.417713744,503819.375,0.06549412858744058,0,Mid,2017,11,4
2021-02-26,8b825857cc1a9982198408661b5d0f588b39870adc81066f9320831195e910ea,PITRUFQUEN,JAC Cars,JS2 COMFORT SMART,Chinese,ces,7647579.95929797,427899.1875,0.055952234533979316,0,Mid,2021,2,1
2021-10-29,91fc2fc47d94700a681ab463fd74b9e7943495ba77576387e8f21aa45f8bc889,VALPARAISO,Suzuki,ALTO 800 GL,Incumbent,propio,4595231.941414646,389243.6875,0.08470599361741271,0,Economy,2021,10,4
2015-11-23,cbd275ee59b0551b9e863ae2055a2ff41281bf77e713e8bc31287810344270b5,SAN PEDRO DE LA PAZ,Renault,DUSTER 1.6 EXPRESSION 4X2 MT E5,Incumbent,ces,6645360.803850756,588808.75,0.08860448173992386,0,Mid,2015,11,4
2019-12-31,7a8c78b8ca078699936e27485a2d180e0855d627348789cd7eef0cb1afaf5b36,QUILICURA,Suzuki,BALENO 1.4 GLS,Incumbent,propio,6590821.426378048,335514.46875,0.0509063206305652,0,Mid,2019,12,4
2019-08-24,d8179e3046d0b59aa443ec75cc1b36bce103c04e184b301b488c5ea250822247,VILLA ALEMANA,Suzuki,SWIFT 1.2 AT GLS,Incumbent,ces,7635310.774316516,518787.28125,0.06794579770021737,0,Mid,2019,8,3
2014-08-26,82997841f01491007ba3c8e09a45b10888e930ecae40cf09a65844287f471a50,VINA DEL MAR,Mazda,NEW MAZDA3 SPORT V 2.0 6MT,Incumbent,ces,9162829.065686366,628068.5,0.068545259929822,0,Premium,2014,8,3
2014-04-10,e948a13c8cda336114aaeae9b2217a4ae38d19a668842c834725297df5929ff5,CURICO,Mazda,BT-50 D/C 3.2L 4X4 SDX 6AT,Incumbent,ces,18815488.379977897,1179145.0,0.06266884899223568,0,Premium,2014,4,2
2021-08-25,16dc362df3df3763f38de79178b527bd6471b865072f369f160a0895f5fa4e71,RECOLETA,Suzuki,BALENO 1.4 GL.,Incumbent,propio,8480123.553483317,731930.875,0.08631134562884409,0,Premium,2021,8,3
2014-02-20,d7bafc912fb3f46056cf545187061b408b5712fb1f61af8306771fdf3cfbfc71,PENALOLEN,Suzuki,SWIFT 1.6 SPORT,Incumbent,ces,7353053.374967982,397274.75,0.054028541578719315,0,Mid,2014,2,1
2011-09-16,23005d29a05c6664751f7b494217c82dc1ede50e743ccbbd75357caf3ab15c87,VALLENAR,Mazda,MAZDA5 V 6MT,Incumbent,ces,9842701.182341415,503781.40625,0.05118324704948106,0,Premium,2011,9,3
2017-08-31,0b6f2212bf7b86c9b1d19735e1aa92365461d79276765b8f5ce0ba2d297278c8,LA CRUZ,JAC Cars,S3 SE LUXURY 1.6 MT,Chinese,ces,7452837.087376289,365166.75,0.04899701224095239,0,Mid,2017,8,3
2010-05-07,ae684986a775ddff4c103c5b9af6bedcdf06f5510b0aa277629bbc8b7edeb0c2,CERRO NAVIA,Suzuki,ALTO 800 GL,Incumbent,propio,2994094.9840920474,163872.5625,0.05473191844970609,0,Economy,2010,5,2
2020-12-28,328829ca1d7e29303cdc40d4724f4fbe4e8b825caddfb6f9ee804bb7c10968d2,VILLA ALEMANA,Suzuki,SWIFT 1.2 GL SPORT,Incumbent,ces,8144921.975364146,543865.8125,0.06677360619844178,0,Mid,2020,12,4
2018-12-26,977363a92140b841b738838ddaf5479ae836481c853e372e918bbec9ff9ae4af,NUNOA,Mazda,NEW MAZDA3 SP 2.0L 6MT VOLANTE CUERO,Incumbent,ces,9920831.591296537,492941.375,0.049687505574880775,0,Premium,2018,12,4
2010-03-23,9265cadf9cc9dc120fb8fefe723f5b329275c2613c1273286702a2ecafa3103f,LOS ANDES,Suzuki,ALTO 800 GL,Incumbent,propio,3540363.946077787,241344.5625,0.06816942161197156,0,Economy,2010,3,1
2016-09-30,984c15d33f92c3f8b032f0da2ff1f09cfc19eaf061da3ff619c9bd72b4075389,QUILICURA,Mazda,NEW MAZDA3 SP 2.0 6MT,Incumbent,propio,10697241.445882794,644620.375,0.06026043052885421,0,Premium,2016,9,3
2011-08-09,0cca7f6c3b351abf3b853f49ab0805ad7254f5cf6abf1a6ae93a2505dd1aa5bc,NUNOA,Suzuki,SX4 1.6 CROSSOVER 4WD,Incumbent,ces,7379444.297310899,434240.75,0.05884464093837515,0,Mid,2011,8,3
2014-11-28,d589cde62af8b0173e18607097fca8121721d8d1e40de2e4d44927d1257a405f,SAN JOAQUIN,Great Wall,HAVAL NEW H3 2.0 4X2 LE,Chinese,propio,7078219.220254123,401905.75,0.056780630479762215,0,Mid,2014,11,4
2018-10-23,9969ae464d9e18b6113a95ed22c85a26e24e702ffdf69da61337fba1a0845b7f,PROVIDENCIA,Great Wall,C30 1.5 COMFORT,Chinese,ces,4874218.330812386,371190.4375,0.07615383889423223,0,Economy,2018,10,4
2015-07-31,5d11c3b6fff71325213733fc85ecedd94e780a76edf2195893a211b1a200210e,SANTIAGO,Mazda,NEW CX-5 R 2.0 2WD 6MT I-STOP,Incumbent,ces,12426451.750997704,638503.6875,0.0513826231569873,0,Premium,2015,7,3
2015-02-27,ed714dc90e8f7ca5c0b68287500aa6ebaf27a731350a7085d986ec42999e61e6,GRANEROS,Renault,SYMBOL 1.6 SDN EXPRESSION,Incumbent,ces,4913162.487747465,437142.84375,0.08897382181846313,0,Economy,2015,2,1
2021-09-08,0e1a480335f1c6b5c2845f45294f1f86130099a5623a140960c63ff401ade068,CONCHALI,Changan,NEW CS15 LUXURY MT,Chinese,propio,7064995.012266627,627899.125,0.08887467350080326,0,Mid,2021,9,3
2019-05-27,ff33e8e5300dee4a0a8217e8597792ab206cbd31f7ed82a14872884622f09f1a,CATEMU,Suzuki,BALENO 1.4 GLS,Incumbent,ces,7055886.609231344,518139.125,0.07343359576131923,0,Mid,2019,5,2
2012-06-29,2f5ad24088f6aca9c6297d4ac43876a5ddbc58dd47db2cdad9e9d9d11bc9cd90,LOS ANDES,Great Wall,HAVAL H3 2.0 4X2 LE +,Chinese,ces,7207815.738844515,511820.96875,0.07100916384303271,0,Mid,2012,6,2
2017-11-24,93504c6073dd8b21aaa4a9724fe3b35be3f821114bf07d554e0419e0f4e869de,MAIPU,Changan,CS15 COMFORT MT,Chinese,ces,5729516.309653168,474414.0,0.08280175399809941,0,Economy,2017,11,4
2019-02-28,d5bfe301b20ddeabdf1e1848508f469513d140dbfd33afe72f60e2a4d59d4830,CALAMA,Changan,NEW CS35 LUXURY,Chinese,ces,7057348.72974615,423326.40625,0.05998377329232913,0,Mid,2019,2,1
2013-03-22,8070f86442603ec0d380a9da45f5ed27bb3465720196622ff266f2982873ea88,LOS ANGELES,JAC Cars,J3 TURIN 1.3 VVT BSE,Chinese,ces,3260536.573139816,262391.15625,0.08047483914505636,0,Economy,2013,3,1
2021-06-24,6082a0ca4d50f066fcb6c93f17c3fa763220cd1c817d78b724073e8726f9b81f,SAN BERNARDO,Mazda,ALL NEW MAZDA3 SDN S 2.0 7G 6MT,Incumbent,ces,12770447.595293509,994285.6875,0.07785832721058575,0,Premium,2021,6,2
2022-01-04,0351eb7fa074453d1a3b59b16152d5805d4d20a7e2b31b0f34824d44cc301995,LA PINTANA,Suzuki,BALENO 1.4 GLX,Incumbent,ces,10228885.289617036,866554.625,0.08471642808230606,0,Premium,2022,1,1
2012-07-31,96c12f8cbe71104d6a0cfbe779c86207b0bff06b1ec15328440b4258c5ab1ced,ESTACION CENTRAL,Samsung,SM3 1.6 SEDAN ENTRY DECO,Incumbent,propio,4044233.8900561775,270577.59375,0.0669045364599923,0,Economy,2012,7,3
2021-02-26,f73fae58422d06ebbb736e398dc04e06ff739930aef0852c74ddc1e93dd8ae5f,ARAUCO,Suzuki,ALTO 800 GLX AC,Incumbent,ces,5145881.527759067,369076.28125,0.07172265417675204,0,Economy,2021,2,1
2017-07-29,020e1a9f9275a1ff7a497620f471d55e87edc7173de98fc67479ed0dd9e7ffb4,CONCEPCION,Renault,CLIO IV 1.2 HB EXPRESSION E6 F2 MT,Incumbent,ces,6663891.637690002,631260.5,0.09472850615242337,0,Mid,2017,7,3
2013-07-31,8b3dfe93fe430585ba38bcc2fc9d1b71b51f2344d132819635573505d37cfacf,SANTIAGO,Suzuki,CELERIO 1.0 GA AC,Incumbent,propio,4001803.116011016,256164.796875,0.06401234379824867,0,Economy,2013,7,3
2015-10-09,ac47b88e233a6a6654bbb730a922634bdd8e42fb29cecc9d381d7998bc887f27,CONCEPCION,Suzuki,GRAND VITARA 2.4 GLX SPORT,Incumbent,ces,9341485.470852958,551676.875,0.05905665396807893,0,Premium,2015,10,4
2021-07-29,cadb0de4768d21c0f75f1fe5da443a5b7ec76ba7b03bcb6a668b09529ede58af,QUILPUE,Changan,CS55 COMFORT MT,Chinese,ces,9610267.68974406,730677.75,0.07603094664883984,0,Premium,2021,7,3
2015-12-30,c448083ba54159fd0b0c094c34ea11880ecf24112499ee80abbfd8e5348d8b8e,LA REINA,Mazda,NEW CX-5 R 2.0 2WD 6AT I-STOP,Incumbent,ces,12699816.54884926,531456.625,0.04184758283363988,0,Premium,2015,12,4
2019-10-29,24f4508889792aa0d78019f28b262bfe63ae3db1de9db4c071d2815cfff7bfac,MARCHIHUE,JAC Cars,T8 CE COMFORT 2.0T DIESEL MT 4X2,Chinese,ces,9855054.83860252,590729.4375,0.05994177071304531,0,Premium,2019,10,4
2018-03-29,4310e5409585270d81f01e9b67af45a80209a664e899fe3d5d7321bdefab3cf9,LAS CONDES,Suzuki,GRAND NOMADE 2.4 2WD AT GLX SPORT,Incumbent,ces,8922014.040469792,444651.75,0.04983759810095375,0,Premium,2018,3,1
2013-11-22,5a6843337cea54dc4e0a8cdee63c97c50a8f11fb755ba48f400a0a2d284d6e18,LA PINTANA,Great Wall,HAVAL H3 2.0 4X2 LE,Chinese,ces,6761031.525235232,343025.15625,0.050735624433886274,0,Mid,2013,11,4
2013-01-29,f46360864fd9917a14dbdd7475940bb5d9802b64c843c9380de2187c4d868e88,LA REINA,Mazda,MAZDA2 SPORT V 5MT AC,Incumbent,ces,6434214.04652933,364848.875,0.056704497606324206,0,Mid,2013,1,1
2016-07-27,fd740b6080681dc0ed85b18dc172c62ca2c2bdcd152a9bbe63ca473d8f36bccb,PEDRO AGUIRRE CERDA,Suzuki,S-CROSS 1.6 4WD GL,Incumbent,ces,9553329.06072969,316084.40625,0.03308630993873221,0,Premium,2016,7,3
2014-03-17,ba9325ed64d285705afd164eb0e623c9cc3e18b019504d1b96f4ebd2035f5956,VALPARAISO,JAC Cars,J3 1.3 VVT SPORT BSE CROSS,Chinese,ces,5228131.272979243,283765.6875,0.05427669518678641,0,Economy,2014,3,1
2021-10-04,33f5a84a8f11a557a7a813e6b5f59e069f141689296b2bde6a019183cb9a83e1,MAIPU,Changan,HUNTER 4X2 LUXURY,Chinese,ces,14089184.965432895,803634.0,0.05703906946865099,0,Premium,2021,10,4
2020-10-22,b95a5de73b5348819c8cc17d9499497ffd12f9d560abbd80b366dc4fad9c7c6f,CALERA,Renault,CLIO IV 0.9 HB EXPRESSION E6 F2 MT,Incumbent,ces,9138750.181400783,420335.875,0.04599489718577372,0,Premium,2020,10,4
2018-05-15,92c3b8d543262dfea446262cbe6acdfe1ed2f5a87a4b7d74ec9b508c6da92ee7,TEMUCO,Great Wall,HAVAL NEW H3 2.0 4X2 LE+,Chinese,ces,7197550.35905398,705210.0625,0.09797917726451175,0,Mid,2018,5,2
2013-12-07,5a00f61e97cef82250ceeec567530ec93f093fc9422fddbb27d7044203a0c39b,MAIPU,Mazda,MAZDA3 SPORT V 1.6 4AT SVP,Incumbent,ces,9952669.691887472,521569.03125,0.052404937307940255,0,Premium,2013,12,4
2015-12-30,6ecea7c84e39c41b8a1a357004c529a1868300722cf685bff94c7138a55f6b2d,SANTIAGO,Mazda,NEW MAZDA3 SPORT GT SR 2.0 6AT,Incumbent,propio,13415968.308808714,640941.25,0.047774505369036095,0,Premium,2015,12,4
2018-08-24,5ff8a6c01d718481b1189f6ee224183dc82e45fa912fc9acc207290a9f5ee4b6,PUDAHUEL,Suzuki,CIAZ SEDAN 1.4 GL BT,Incumbent,propio,5628888.38060473,486529.125,0.08643431741805663,0,Economy,2018,8,3
2011-10-04,1a7af902e9160dee121c1265c3e8eb66cf760abd5b0e480ef8de3371fcc02f5f,NUNOA,Suzuki,SWIFT 1.4 GL AC,Incumbent,propio,6704291.948162467,336541.4375,0.050197909056189045,0,Mid,2011,10,4
2012-08-18,f856c08a06a5a1a6c092c0c1861a627348f7312ce05ee15cd246e8aeee48243d,QUILLOTA,Suzuki,ALTO K10 1.0 DLX,Incumbent,propio,3784066.106601351,167647.28125,0.044303475818653695,0,Economy,2012,8,3
2017-01-18,1bc8c7303c866c3ce4aa4ac3129aaaf51a7a849ac2ca3fcd54f370290595d2fc,QUILLOTA,Mazda,MAZDA5 V 2.0 6MT,Incumbent,ces,10224819.969320014,473526.5625,0.04631148166137258,0,Premium,2017,1,1
2020-02-14,5e4142eb285261691c26d163d013fc6086b971a4266119a24e6db153cc44c231,ZAPALLAR,Suzuki,SWIFT 1.2 GLS,Incumbent,ces,7570437.874034384,394649.90625,0.05213039362010984,0,Mid,2020,2,1
2020-09-08,05b10ded143fbc1a0a75d5c4e507bed7921f01a2a8d3e66f8b0e43424ce3372b,CARTAGENA,Suzuki,BALENO 1.4 GLX,Incumbent,ces,7959203.399497473,364173.8125,0.04575505791484022,0,Mid,2020,9,3
2016-07-16,bb6ec98e3399cd28d69843818561c0ffb7c7e8179611b87b36ec469d04f4c9b1,COLINA,Renault,CLIO IV 1.2 HB EXPRESSION E6 K MT,Incumbent,propio,7116308.552123684,524684.625,0.07372988694305856,0,Mid,2016,7,3
2013-12-17,b3585d73cedb8f1a3213d3b0a62c69bb206176fd6d7dcf651ab35190fecd8d16,MAIPU,Renault,DUSTER 2.0 DYNAMIQUE 4X2 MT,Incumbent,propio,8067610.230786628,577817.9375,0.07162194515731583,0,Mid,2013,12,4
2022-02-08,2d1659d6e391e9ebc551be426a5c356e7b6261d096033311332ca2f27104b12c,LA FLORIDA,Haval,HAVAL JOLION 1.5T MT 4X2 ACTIVE,Chinese,propio,10543280.445298703,859831.9375,0.08155260044167781,0,Premium,2022,2,1
2018-08-24,bc73f235ede11cdfdfbcea527c6e097afd696293121e63b78a90a9f5dacaa486,VALPARAISO,Suzuki,BALENO 1.4 AT GLS,Incumbent,ces,6881693.144217784,461512.625,0.06706381922707169,0,Mid,2018,8,3
2019-05-28,dc35037c99b60d75299df2591a800d2b66f4d561e9be56f4fc402bde36b6aaed,CHIGUAYANTE,Renault,"DUSTER ZEN 1,6L 5MT 4X2",Incumbent,ces,6722225.810390808,464435.375,0.06908952303894701,0,Mid,2019,5,2
2020-01-31,c2910cfb7899374ffc5cb100cc2a790c7ab4ee29dd794f15d7d0151caf87da7f,CASTRO,Changan,CX70 LUXURY MT,Chinese,ces,8014510.399479485,711932.8125,0.08883048084212825,0,Mid,2020,1,1
2013-08-30,6fbeaf6d8dc66fea6a6d42ee65634bf46876ca41cf3ac87d7881c880ca48e2a8,LA REINA,Suzuki,SWIFT 1.6 SPORT,Incumbent,propio,7059826.899288704,570756.3125,0.08084565254107083,0,Mid,2013,8,3
2011-02-07,16cce13d05ae6decf9d8da79236927ba2e393f60c63cefa09e2fec06f7554e9b,ANTOFAGASTA,Suzuki,GRAND NOMADE 2.4 2WD GLX SPORT,Incumbent,ces,9012391.401577791,718655.4375,0.07974081522626565,0,Premium,2011,2,1
2021-11-30,8ce54cead47c23324ac83d226eef809a66d91621261ed2a7a30008ee83523587,MAIPU,Changan,CX70 ELITE PLUS TURBO AT,Chinese,propio,11211714.329572964,994285.6875,0.08868275254546829,0,Premium,2021,11,4
2010-10-21,d6761f94789994b1cdee6772586a0214185811548d0dc16c5ee8622d1cfcaa34,EL BOSQUE,Suzuki,SWIFT 1.5 GL,Incumbent,propio,4867970.835041618,312796.0,0.06425593139309056,0,Economy,2010,10,4
2013-09-14,85642446d86e33bf544945e20b8ce54946bed282960f9f7325bfb33dc2fadb14,MAIPU,Suzuki,JIMNY 1.3 JX AC,Incumbent,propio,5555201.319725162,291464.28125,0.05246691604408315,0,Economy,2013,9,3
2021-09-20,12db30e6efb8575e9268c4d296c7aa81dcbb5578ffb7009dccb8d9015fe67c4a,SAN JAVIER,Changan,HUNTER 1.9T MT 4X4 ELITE,Chinese,ces,15265744.54978996,606500.0,0.03972947392260306,0,Premium,2021,9,3
2016-12-28,39ca6e99ceba82cc066238dc74389e73b19da4997f620cb4923b617dc55b380b,SANTIAGO,JAC Cars,S2 1.5 4X2 SE,Chinese,ces,7352861.976285296,306487.3125,0.04168272347400148,0,Mid,2016,12,4
2021-12-14,8a16fe16a7411f359fa4d2d3ecfd4b1e52a96abb90e62d6f9df55cb0e20bec71,LAMPA,Suzuki,SPRESSO 1.0 GLX AC,Incumbent,propio,6079543.560674135,357458.96875,0.058797007568502875,0,Economy,2021,12,4
2020-10-31,9420a0b245ea6df8ed5ff8a7a2206597a4b375604dddd76d86600231cc711466,PUENTE ALTO,Renault,SYMBOL INTENS,Incumbent,ces,7382579.840750114,338824.75,0.04589516907487632,0,Mid,2020,10,4
2011-09-26,b4e8f2d99209043b1a7ee982c81d6280e261ee0ec655e30332bd3057dbc74ca8,CONCEPCION,Suzuki,CELERIO 1.0 GA,Incumbent,ces,3920913.241859104,228739.4375,0.05833830625427025,0,Economy,2011,9,3
2010-09-22,174f610418627d1dab32aef748d82068ca14a08c7ea03199f11d5536c2ca50e2,NUNOA,Mazda,CX-7 2.5L R 2WD AT,Incumbent,propio,12529652.47130105,638391.0,0.05095041554123096,0,Premium,2010,9,3
2022-02-21,df444ea7d92bb9d32bdafa77c351dc9ab8d2727ecb71e8b122649f0544ab2315,MAIPU,Mazda,NEW CX-5 R 2.0 2WD 6AT,Incumbent,propio,17004959.38166371,1019790.9375,0.05997020719729746,0,Premium,2022,2,1
2021-06-29,77a176757fea01d3e8b67a84e8fb31345e941874c5e780d23f48c80dcff574ce,CONCEPCION,JAC Cars,JS4 1.5 LUXURY,Chinese,ces,9357840.858040016,622854.8125,0.06655967139736718,0,Premium,2021,6,2
2014-02-21,bd4c5e79d004ecc2c46fec7fe5bee819f952e432d87bd101025942c75eae1604,LA GRANJA,Suzuki,ALTO 800 DLX,Incumbent,propio,3156988.473871839,186926.28125,0.059210314765814516,0,Economy,2014,2,1
2022-03-10,1e7b92c781d20ae539f09291c3c27e1938c8fe37d338008af4174302928bed1b,CERRILLOS,JAC Cars,S3 CE COMFORT 1.6 MT,Chinese,ces,8839448.115213731,494508.40625,0.05594335752691311,0,Premium,2022,3,1
2014-04-30,ae406643a4e26a902b387882e2508c188fe78de7266e8a3f73bcc8e7ed375969,TALCAHUANO,Renault,FLUENCE 2.0 SDN AUTHENTIQUE MT F2 NEW,Incumbent,ces,6665782.522493267,424302.4375,0.0636538074964519,0,Mid,2014,4,2
2017-12-22,1daed549edba739ab4a9d0b858a75fd71ba7bcdf587afb6953d6607f11a82417,BUIN,Renault,SYMBOL ZEN,Incumbent,ces,5041299.887910685,457166.0,0.09068415094612985,0,Economy,2017,12,4
2021-05-28,9e8e9aaf6c580ab6cc7881e8bec1bbea89a9b0a98050655c0fa076649fc6bd9f,PUERTO MONTT,Suzuki,CELERIO 1.0 GLX AC BT,Incumbent,ces,6858745.012882037,567394.9375,0.08272576636605146,0,Mid,2021,5,2
2013-10-18,77e796268cecbffb3082e42317f73b15ece1dc4ffb15838c8b3986265331f0ab,UNKNOWN,Samsung,SM3 1.6 SEDAN ENTRY DECO,Incumbent,ces,4501710.718182956,369075.59375,0.08198563098673997,0,Economy,2013,10,4
2018-06-28,0a5708ff77e5c56d3030cbd5597bb76476d43ba2a3543e7cd9386faddf3f8186,ESTACION CENTRAL,Changan,CS15 LUXURY PLUS CONNECT,Chinese,propio,5742758.649822041,301516.25,0.05250373006870896,0,Economy,2018,6,2
2018-02-17,cba05f04db618fa77bc54b970d6a2dd3c6a1d02f444b04a616d3b83699018551,OVALLE,Suzuki,VITARA 1.6 GLS,Incumbent,ces,8651490.80973057,493218.125,0.05700961092685482,0,Premium,2018,2,1
2009-07-25,ac4158b9f3ec1f60d687326e0273d6f0b620c4beda5e6c2521981529d443399f,SAN MIGUEL,Suzuki,SWIFT 1.5 GL,Incumbent,propio,6625617.627405203,493445.375,0.07447537765520713,0,Mid,2009,7,3
2013-04-22,c18ed369def20325be726af7bc48818e7441810bc08aefd9024e8c3ebddad9a1,VINA DEL MAR,Suzuki,CELERIO 1.0 GA,Incumbent,ces,3881793.089703872,308571.4375,0.079491984855777,0,Economy,2013,4,2
2021-07-31,a694defafe27aebb7799d46449c7107964502a98dd1b339a7e7e4da4288a6666,COQUIMBO,JAC Cars,T8 XE ADVANCE 2.0T DIESEL MT 4X4,Chinese,ces,13678464.60293356,1035737.8125,0.07572032699327012,0,Premium,2021,7,3
2015-08-03,bec2bc2168bc6bd33667bbdca68aa099673a66f8338e6dcf87b941d17f4dca05,SAN BERNARDO,Renault,SYMBOL 1.6 SDN PRIVILEGE,Incumbent,ces,6064181.960498061,189539.15625,0.03125551929092062,0,Economy,2015,8,3
2012-06-08,bb45adecd4fac28a59295de54d3495e785b4144e201928db04bf013c64d73a02,CURICO,Mazda,MAZDA2 SEDAN V MT,Incumbent,ces,6574681.120503138,339568.875,0.05164796113701313,0,Mid,2012,6,2
2021-09-06,44607e14a6a7bc67733f5cdabc5802d0424027008ad7aa5ab58d2b40db58a562,PROVIDENCIA,Mazda,NEW CX-9 GTX 2.5 T AWD 6AT,Incumbent,propio,27793003.940947805,2238814.0,0.08055314944569648,0,Premium,2021,9,3
2011-12-30,f1eb730613d63020dd79b7bf831114c297cbf66cec8b827fea2e617c30a20557,PUENTE ALTO,Geely,NEW CK 1.3 16V GS,Chinese,propio,3429625.852966048,185803.640625,0.05417606718362914,0,Economy,2011,12,4
2021-10-30,6855588e62390bcd7a86448df03718f7384f596672731d927079488cade17c8f,CHILLAN,Suzuki,SWIFT 1.2 GL SPORT,Incumbent,ces,8727610.437418826,696177.3125,0.07976723038819468,0,Premium,2021,10,4
2014-07-31,1afc4df522c25c9c9385b1a377a48c348b18997eb5b3f7dde44a975026ea731c,PUERTO MONTT,Suzuki,SWIFT SEDAN 1.2 GLA,Incumbent,ces,4830792.855957728,395125.90625,0.08179317930444864,0,Economy,2014,7,3
2009-11-25,77a073fb5ac136af96c0fc4f6b4da54b27c14da7809152fe95e7ba5b7e2a0d63,VITACURA,Samsung,SM3 1.6 SEDAN SE 3,Incumbent,propio,5834662.661053027,373287.71875,0.06397760083744582,0,Economy,2009,11,4
2020-09-11,52f9545ea25f5594601632bc3596ff2e913f8c8cd385f152f761937eeb15b144,RANCAGUA,Great Wall,M4 1.5 EN,Chinese,ces,6177058.713518445,324900.53125,0.052597934764479035,0,Mid,2020,9,3
2021-08-27,8b5c75e896e6f033592f388b24a45958baf6933bd2b32a670e9152e48f8737c3,VINA DEL MAR,Suzuki,SPRESSO 1.0 GLX ADVENTURE,Incumbent,ces,6801821.91373745,322016.6875,0.04734271075954398,0,Mid,2021,8,3
2019-02-12,b1308bafc14a95d83004e7eb91cd8d4b92fdd98a93b4eceb49bccd21fe380fdc,CURICO,Mazda,NEW MAZDA3 SDN S 1.6 4AT,Incumbent,ces,8723941.45967779,532696.3125,0.061061426760155565,0,Premium,2019,2,1
2021-11-26,b1b7646c091b068a31e25da768e45b3569f4a55a4e7618ab1a290913d21d30da,VINA DEL MAR,JAC Cars,JS2 LUXURY,Chinese,ces,7907339.859625422,698487.375,0.0883340525890951,0,Mid,2021,11,4
2020-10-21,2ae477f6a5b0a2bec94013cc98c4339c907c1d6d90113428ed869e611e416e5b,CALAMA,Changan,CX70 LUXURY MT,Chinese,ces,7993347.007615651,515294.15625,0.06446538049193337,0,Mid,2020,10,4
2019-05-16,ba3eee605d5f6b3e101f7bf25e1a875afd4819ab72813edc2375260661c3fefb,RANCAGUA,Changan,CX70 COMFORT MT,Chinese,ces,7039453.964979705,545859.1875,0.07754283076721188,0,Mid,2019,5,2
2011-06-20,024350da18d57b5a41a9b7250a81c34402096f7a23182dde36e8333bb8f954c5,SANTIAGO,Samsung,SM3 1.6 SEDAN ENTRY 3,Incumbent,propio,4790226.05461288,219533.6875,0.045829504703351946,0,Economy,2011,6,2
2009-10-13,166ccdd2f4169c5ade0a63449be4825d923fc6ce1524c1c6022b01e1170b8813,LA FLORIDA,Suzuki,SX4 SEDAN 1.6 GLX,Incumbent,propio,5882145.748892543,258487.796875,0.04394447331123453,0,Economy,2009,10,4
2009-10-30,de456e35b3d6fbc133fddb9638cc114468790da7d6d7c04a1623a621e99fe050,LA FLORIDA,Geely,MK RSI 1.5I 16V 5P GL,Chinese,propio,4539994.6820118185,278090.3125,0.06125344454737757,0,Economy,2009,10,4
2019-03-29,4d5364d919cfabc28a2f4e3cace9b34f7d3b7fca2489b37bd33edd0eb3813450,CONCEPCION,Mazda,NEW BT-50 DC 2.2 SDX HIGH 6MT 4X4 DI,Incumbent,ces,15378342.610633845,1052833.0,0.06846205905648019,0,Premium,2019,3,1
2010-12-31,40c2dce7fd6fc7b72a35e72ce024b0f0125db43f3593ee666cc32b28c8fd904e,CERRO NAVIA,Renault,SANDERO 1.6 HB STEPWAY,Incumbent,propio,6585470.604642015,318482.4375,0.048361378650070314,0,Mid,2010,12,4
2020-05-20,2485f680565d64f2b2c4e974410b1aed97a24cf065ff38e9c4c200bdb26b347b,PUERTO MONTT,Mazda,NEW CX-3 R 2.0 2WD AT,Incumbent,ces,11446997.301222168,601008.5,0.05250359410286851,0,Premium,2020,5,2
2019-08-09,2256fc824dfb3c2438777f9b44bddc34e709f7cbf6dda51e7db2adcd266902ee,LA GRANJA,JAC Cars,T6 DOBLE CABINA 2.0 4X2 SE,Chinese,ces,7868148.144814279,214757.4375,0.027294534056471958,0,Mid,2019,8,3
2016-08-31,bbef55abd2aa031121f511c64fa6d9f143b6cc62173093eb10710499e73d7d10,SAN PEDRO DE LA PAZ,Mazda,NEW CX-5 R 2.0 2WD 6AT I-STOP,Incumbent,ces,13623530.477220597,550777.8125,0.04042842003553596,0,Premium,2016,8,3
2014-03-31,861d2e8625a58d4e085b521603f94f9edc2fcbe100668aa887fdee46bd6db110,CONCON,Renault,LATITUDE 2.0 SDN DYNAMIQUE AT FASE 2,Incumbent,ces,9265820.916405294,507888.53125,0.054813117567465035,0,Premium,2014,3,1
2012-07-20,2297519e675b3f394242492ffefd64a49dc5b285cdd02f303216da5500143c3e,ISLA DE MAIPO,Great Wall,HAVAL H5 2.4 4X2 LX,Chinese,ces,7189247.298452228,473947.75,0.06592453011068852,0,Mid,2012,7,3
2020-09-25,a1be4a672c460f6075d35d4b41b4bf9fe282cd6f55cd1c2c3b4b148c3e3cf01b,SANTIAGO,Mazda,ALL NEW MAZDA6 SDN V 2.0L CA 6MT,Incumbent,ces,12887550.830525547,719908.8125,0.05586079325443425,0,Premium,2020,9,3
2021-03-24,df4aa50e8512ff26b37ca454712688e2799013dfb59ba6f399bfa736f483cd63,LA CISTERNA,Mazda,NEW CX-5 R 2.0 2WD 6AT,Incumbent,ces,15103808.701613989,695125.8125,0.04602321349751464,0,Premium,2021,3,1
2018-08-17,33da29b749b3dc309a40f0ea2077350bc8af66708b0890e67617146ad2a76e41,QUEILEN,Renault,"DUSTER ZEN 1,6L 5MT 4X2",Incumbent,ces,7508597.131977513,541549.375,0.07212390883160541,0,Mid,2018,8,3
2019-12-10,ec1dac03aa14fc76f25b16af8f050cb2bbef325945a33eb1029f4bcea004779c,LA SERENA,Mazda,NEW MAZDA3 SP 2.0L 6MT VOLANTE CUERO,Incumbent,ces,9524110.461725174,498486.375,0.05233941552896536,0,Premium,2019,12,4
2019-07-08,f9d7e8fd38b42a5ce1a18abf31e512d32776394da4f3f1553c5a887b18b0ed45,LA SERENA,Great Wall,M4 1.5 LE,Chinese,ces,5980188.593812846,570756.3125,0.09544118944518061,0,Economy,2019,7,3
2014-04-08,1fb158940eba6de27cbc25043fcfa9603abb4ff7d12a3c8615e3bb5ae451b515,QUILPUE,Suzuki,GRAND NOMADE 2.4 2WD GLX SPORT,Incumbent,ces,7560831.663634885,430063.90625,0.05688050275189514,0,Mid,2014,4,2
2016-01-14,fe1643d53558440199f2889f7eebbbe1ece7aadc25ede1143e89c1b34dcbce3e,QUILICURA,Suzuki,SWIFT 1.2 GL AC,Incumbent,propio,6568811.621739049,291163.09375,0.04432507895133039,0,Mid,2016,1,1
2021-09-29,8dc15a1127e018dee8fc954fc16635ec0986844822e16b8ff34542bff170d0b4,LOTA,Renault,SYMBOL ZEN 2 C,Incumbent,ces,7688210.637491516,454465.375,0.05911198280439953,0,Mid,2021,9,3
2018-06-13,22c287da17865787c35ce6220d917a1fde986b12b487c477010b766fcf1b53e9,RENCA,Suzuki,CELERIO 1.0 GLX AC BT,Incumbent,propio,4554017.356722915,248260.203125,0.05451454917239244,0,Economy,2018,6,2
2018-04-13,0eef444ab36402aeb9ed3a52797d19d22c87956aea5e0672dbfaeafb091a7eb8,LA REINA,Suzuki,SWIFT 1.2 GL AC,Incumbent,ces,5958841.58457546,289986.4375,0.04866490128729613,0,Economy,2018,4,2
2018-10-20,8d66b58eebb0fe093b73ac8c286059cd9e27243ef2d11141f176cac3b3038bf6,RANCAGUA,Great Wall,C30 1.5 COMFORT,Chinese,ces,4823269.339052824,503529.4375,0.10439587800396012,0,Economy,2018,10,4
2013-07-31,c78cacc1c7be11e892a4ad6253854b3b6ad5ed66afe20ab60fa5e9403aa42234,SAN ROSENDO,Suzuki,GRAND NOMADE 2.4 GLX SPORT,Incumbent,ces,8315076.789013167,474832.28125,0.05710497849850321,0,Mid,2013,7,3
2015-01-22,55e4b2fb4cac9d09a894f0ef7b76656b1c856c13600de063cf188175324d4ebe,PUDAHUEL,Suzuki,SWIFT 1.2 GL AC,Incumbent,ces,5404675.637236178,293188.0,0.05424710374477336,0,Economy,2015,1,1
2018-08-10,656b85214a753adaed14903fe6343e9679572b058cf89d1dd1f3e996947d01cb,LA FLORIDA,Great Wall,WINGLE 5 G 2.2 4X2 DELUXE,Chinese,propio,7155516.477812826,327590.0,0.045781461200705954,0,Mid,2018,8,3
2016-11-30,1e61c768a1bec1fcb551a065e540ffb452a439acb72e4b05e6a36973997b48c3,TALCA,Great Wall,HAVAL NEW H3 2.0 4X2 LE,Chinese,ces,8143361.282309384,678319.375,0.0832972222997866,0,Mid,2016,11,4
2011-03-24,d0abe4857d137eb69a0c87cc2e9d0169f3c5a94edd3ce7c9fe6fb2e459e60804,LAS CONDES,Mazda,MAZDA3 SPORT 1.6L V MT,Incumbent,propio,9186368.105285384,503697.625,0.054830986438503065,0,Premium,2011,3,1
2020-10-30,add2c6546cd50c11d7e3a2a2e4bf77c5e5d0c9e42ea1792442f865a6e4275059,IQUIQUE,Mazda,ALL NEW CX-30 GTX 2.0 2WD 6AT 7G,Incumbent,propio,17523768.03815593,1064779.0,0.0607619889558895,0,Premium,2020,10,4
2018-06-15,eb12b8b2961301f9ba522de5941c8d4ca0983ce02ccd5b2cd55d232cb700a7bf,LA SERENA,Renault,CLIO IV 1.2 HB EXPRESSION E6 F2 MT,Incumbent,ces,7234886.4311443325,533797.5,0.07378104757831976,0,Mid,2018,6,2
2017-05-29,b5629cc7da41a6328a7e0a9869a2e2ccea1394d19c263000441b740691075e49,OVALLE,Suzuki,BALENO 1.4 GLX,Incumbent,ces,8257020.577292081,540837.75,0.06550035148118398,0,Mid,2017,5,2
2019-04-18,d091bb6da0676c57dfa19b45bd5797ce6b031a2d7f2a84b59de436f43b558a04,QUINTA NORMAL,JAC Cars,S2 CE COMFORT 1.5 MT,Chinese,propio,4697705.767194842,252314.5625,0.05371016726121302,0,Economy,2019,4,2
2017-12-22,761d192cb7f686331fd986e6ae00ca2a1122e3460f277c84a902a456a2d964ba,SANTIAGO,Suzuki,SWIFT 1.2 GL SPORT AC,Incumbent,ces,5726780.152494074,260025.15625,0.04540512283097794,0,Economy,2017,12,4
2022-03-23,89e657e4862a4803bae7947d92f22ade116d39a57f734b9cb11bbc45464ff691,PADRE HURTADO,JAC Cars,JS3 1.6 LUXURY,Chinese,propio,9782216.191191008,853109.25,0.08721022244102866,0,Premium,2022,3,1
2016-07-22,cf02c5ad0eae8f4bd771eaede433ab8b0ebaa62934c9d3d6d0de94b4448cf5cd,LA REINA,Renault,CLIO IV 0.9 HB DYNAMIQUE E6 MT TURBO,Incumbent,ces,8411355.026562368,629437.9375,0.07483193082592361,0,Mid,2016,7,3
2012-11-29,5529a953c6221f535a27c67b36549baf9167b23dda958b59126b14fb1579eb54,SAN FERNANDO,JAC Cars,J2 1.0 5P SE,Chinese,ces,3689122.173549736,301848.71875,0.08182128553892701,0,Economy,2012,11,4
2018-05-31,deef2b072257f818353393253f3ec1419d1c8f970382e5c6eb2545a43a47ddce,CERRO NAVIA,Suzuki,BALENO 1.4 AT GLX,Incumbent,ces,8129525.265213144,530984.25,0.06531552983445688,0,Mid,2018,5,2
2021-05-30,1b12529c350155e563788c288f6e0d2001f0b80d9b722fca75101e2f2a09f7c6,TOCOPILLA,JAC Cars,JS2 COMFORT BICOLOR,Chinese,ces,6418232.052217247,421176.40625,0.06562187263149828,0,Mid,2021,5,2
2014-03-14,bbd0a54bb8bad43b4bda6f92f155e0ab91fc0ffb09765c466d6256d010d61eb0,SAN PEDRO DE LA PAZ,Suzuki,SWIFT 1.4 GA,Incumbent,ces,5584397.141232759,304580.1875,0.05454128347196377,0,Economy,2014,3,1
2021-04-30,306be0445d2457ea85cd4d52fdba8508647c19ffeab7e7388a65989de8f68b71,LA SERENA,Mazda,NEW CX-5 R 2.0 2WD 6MT,Incumbent,ces,15582900.368365996,1039663.8125,0.0667182480747015,0,Premium,2021,4,2
2011-06-16,db5cd1f15c801c7e70016677e23790db483fbd22d9a26e1da39fb8414aabfc46,LA CISTERNA,JAC Cars,REFINE 2.8 MB 12P SE DIESEL,Chinese,propio,9375521.864519743,465966.25,0.04970030007218899,0,Premium,2011,6,2
2022-02-25,1205ec6c2739d5ad2f8645fa63f81c5f960e37ed447b17f49c959f5d90002f9b,ANTOFAGASTA,Changan,CS35 PLUS COMFORT MT,Chinese,ces,10397537.040609902,846386.5625,0.0814026013270497,0,Premium,2022,2,1
2014-10-21,cc46c9cd78049fcab7f1e6079d23869aecb8fc5400c920369b826b01976525f0,GRANEROS,Changan,CV1 LUXURY,Chinese,ces,3291108.936926863,223772.078125,0.06799291132974514,0,Economy,2014,10,4
2012-04-26,cbc290e38c5eb8987baac5351c4377b4146c1b7a66de001762818a09646decb3,QUILICURA,Samsung,SM3 1.6 SEDAN ENTRY 3,Incumbent,propio,5560163.5584508255,238735.203125,0.042936723104511784,0,Economy,2012,4,2
2021-04-27,ecf708289f6fbdfb1ed38c7b3840a95037c6d342f20c27942d45ea7eeb4e6129,CHILLAN,Suzuki,BALENO 1.4 GLS,Incumbent,ces,8507700.478973689,746084.25,0.08769517119742355,0,Premium,2021,4,2
2021-12-23,1112857aab02b8e6d3febadb538d84b8e7e4c4c0d93eb0f5d52344d8dd5235fa,LAS CONDES,Mazda,ALL NEW MAZDA3 SP GTX 2.5 7G 6AT,Incumbent,ces,18157942.98852592,910603.9375,0.050149069091989906,0,Premium,2021,12,4
2012-11-23,2b5a81a83d80679c64f2a130b789ec6e0c5cbdf7ee7e235b87888c9be04f3909,COPIAPO,Suzuki,SX4 1.6 CROSSOVER,Incumbent,ces,6906741.857406087,385091.875,0.05575593861048486,0,Mid,2012,11,4
2021-11-14,459f746dabb62bcee7d8c525bf9b2aaad14205d1ffdd59da1f3ee90c8ddb8033,LO PRADO,Suzuki,SWIFT 1.2 GL,Incumbent,propio,8807982.90164,686935.625,0.07799011790453138,0,Premium,2021,11,4
2015-01-26,e85705412756af85ad87807db46101bf2f62dbc0f51750c56a88f05f21726c4a,PROVIDENCIA,Mazda,MAZDA2 SPORT S 5MT 1.5,Incumbent,ces,7464564.705108439,331642.09375,0.044428859129995606,0,Mid,2015,1,1
2022-03-17,9ccaec4c547c6f5b2c94583a92b821aea8b0f4b80bea9b294edee3f453ba5c68,SANTIAGO,Suzuki,BALENO 1.4 GLS,Incumbent,ces,9556068.526339104,636302.5625,0.06658622850455481,0,Premium,2022,3,1
2010-11-05,0c8c703240caee83b5a0ecff6ed52094e3879f408c009052b789cd9f0b328b69,RECOLETA,Samsung,SM3 1.6 SEDAN LE P 3,Incumbent,propio,5557534.12141556,349371.5625,0.06286449257301394,0,Economy,2010,11,4
2014-08-22,f57edb0e6235e2d09ce6a6b1982941b62ad62b7bc5c8f581a71e6729c1af9ed6,SANTIAGO,Mazda,MAZDA2 SPORT V 4AT 1.5 GT,Incumbent,propio,6938593.299259545,325743.125,0.04694656552860099,0,Mid,2014,8,3
2018-09-30,4c2840b1b66e9f7a0f3b9e67649208211a35a96df9180dac89ed6d152fdd2f96,MAIPU,Suzuki,ALTO K10 1.0 2AB GLX AC,Incumbent,propio,4321182.691950319,220525.3125,0.051033554519878045,0,Economy,2018,9,3
2020-12-03,71c22b708dcb2b56cb39a5f6231eb63210fb4c77660de5298871a2803026db1c,PENALOLEN,JAC Cars,S2 CE COMFORT SMART 1.5 MT,Chinese,ces,6928141.037623556,350558.90625,0.050599273938892894,0,Mid,2020,12,4
2021-11-08,c6b61c2169081dbe0f11aa48c3664414f27dab2192758371216a06002e5f97f4,BUIN,Mazda,NEW CX-5 R 2.0 2WD 6MT,Incumbent,propio,14501470.797623038,-1134706.25,-0.0782476664495295,1,Premium,2021,11,4
2013-03-20,328829ca1d7e29303cdc40d4724f4fbe4e8b825caddfb6f9ee804bb7c10968d2,VILLA ALEMANA,JAC Cars,J2 1.0 5P CE,Chinese,ces,3124971.862282875,201176.28125,0.06437698965488776,0,Economy,2013,3,1
2013-03-28,36fdf5dfeb4da76dd7f6f025975e38f5af6c3acb44d0162bde9f7dac8b474c5b,SANTIAGO,Suzuki,CELERIO 1.0 GLX AC,Incumbent,ces,4014859.8260356416,358991.59375,0.08941572291565555,0,Economy,2013,3,1
2019-12-15,5bfe3ef9211a94824d3d67d8d896621821fc185cb530d4d534bf6e0c32edb1d3,CONCHALI,Suzuki,S-CROSS II 1.6 AT GL,Incumbent,propio,8607522.37730577,538048.25,0.06250907362362429,0,Premium,2019,12,4
2012-05-31,0c2bb1e4a58d919e19ffd9762eeb627a0a9d742c0e71251831c225ca981a2265,LOS ANGELES,Suzuki,CELERIO 1.0 GLX SPORT AC,Incumbent,ces,4252684.75143191,287453.25,0.06759335967783936,0,Economy,2012,5,2
2017-01-19,7420692db699a01b64d8cd276f0bc593218c0265d4123a56c36be33208c71f0a,LA FLORIDA,Renault,SYMBOL 1.6 SDN EXPRESSION,Incumbent,ces,5074522.311844212,263361.90625,0.05189885669342687,0,Economy,2017,1,1
2020-08-04,d3622f113e0e46b2167ae781334b84bce1a5fd5aceab1bba228a5d56e14f0854,NUNOA,Renault,"DUSTER LIFE 1,6L 5MT 4X2",Incumbent,ces,6846628.684555126,479619.28125,0.07005189025833146,0,Mid,2020,8,3
2017-12-22,4a361a5c6113dd0e3241795f3d467e6be4edb3d71b7361d09b02ac0d6cac2ffe,PUERTO MONTT,JAC Cars,S2 CE COMFORT SMART 1.5 MT,Chinese,ces,6230701.139381344,279218.09375,0.044813270208900434,0,Mid,2017,12,4
2013-10-16,15e4e5b2bafb6ca5804572839cf0da3e45c7741ea611a690af94da8ce862ab3d,MAIPU,Great Wall,HAVAL H3 2.0 4X2 LE,Chinese,propio,6239787.407006843,405210.4375,0.0649397825709538,0,Mid,2013,10,4
2019-08-31,41d377af4989ab9863cc4d96fc3ad9a1281be84a0db60f3d5cb698c6724216c6,PUERTO MONTT,Renault,CLIO IV 0.9 HB DYNAMIQUE E6 F2 MT TURBO,Incumbent,ces,8468348.11176917,466554.4375,0.05509391339871709,0,Mid,2019,8,3
2022-02-22,90f35b3a1c2f5908f3a32b2829e0c36b2fbbdb95d64d7593ce1604a8dbb3f584,MACUL,Great Wall,WINGLE 5 G 2.2 4X2 ELITE,Chinese,propio,9841486.970398612,747732.0,0.0759775430531017,0,Premium,2022,2,1
2019-10-04,1130990077c37e9485d72ab32c8c6f63dd1236d4f3c14155ee3ca9e8f09b2429,LA PINTANA,Great Wall,"H6 1,5T COMFORT",Chinese,propio,7329525.677058763,577352.875,0.07877083735542403,0,Mid,2019,10,4
2018-04-24,6d8744066f505976411d3ab4a2b5c023a111519c1a91f0b83f20d765211b4d62,EL QUISCO,Suzuki,JIMNY 1.3 JLX AB SPORT AC PACK 1,Incumbent,ces,7579448.79359939,444134.5625,0.05859721130051804,0,Mid,2018,4,2
2019-12-26,5eb57ad2fe0e599d20e044d162f7763bc8c12fb15051966286f03d9b3aa58e3c,LA CRUZ,Great Wall,C30 1.5 COMFORT,Chinese,ces,4880244.949634675,439101.09375,0.08997521605608551,0,Economy,2019,12,4
2016-06-30,b7a53809d1da83d72c1378e02353837923f306eeb597da22bc8bfdb3acfc1192,HUALQUI,Suzuki,S-CROSS 1.6 4WD GLX,Incumbent,ces,10601391.716090497,677533.25,0.06390984015538818,0,Premium,2016,6,2
2020-02-17,731423dd49baacc6cd2d9ce293a9be57ad5eb38a1fd44ad63b8ee1f680feb631,LA SERENA,Great Wall,WINGLE 5 G 2.2 4X2 DELUXE,Chinese,ces,7286370.940944271,343600.0,0.047156534135424,0,Mid,2020,2,1
2011-11-10,d0e344245ecc4c8044ebcd62a77408ddc16ccb8ae35aa160f84bdb542d0ec0bb,CONCEPCION,Suzuki,SX4 1.6 CROSSOVER,Incumbent,ces,6301739.551732761,448911.25,0.07123608430890561,0,Mid,2011,11,4
2017-12-27,692332699c280e6d97e9d6faa3bf854bacfd907ec789a14418f1c509d2f2b6a1,QUILLOTA,Renault,SYMBOL ZEN,Incumbent,ces,5345777.209056678,454874.0,0.08509033994708275,0,Economy,2017,12,4
2021-04-30,bdff300c5900d41696079af4cbbddd77523da20b4b1e5def346823528e9f6df7,PALENA,JAC Cars,T8 CE COMFORT 2.0T DIESEL MT 4X4,Chinese,ces,12668571.73893324,915569.75,0.07227095278517133,0,Premium,2021,4,2
2017-06-30,a739f79013daf4062735398364a9c2e77b4e41978aed76cac2b43ec20f1dadbb,PENALOLEN,Suzuki,SWIFT 1.6 SPORT,Incumbent,ces,8360328.949281668,330250.875,0.03950213885165076,0,Mid,2017,6,2
2017-08-04,826854bce7be4c433de0456dc7d1d2252f40b0f7a00c845579474e881893b655,TEMUCO,Suzuki,SWIFT 1.2 GL AC,Incumbent,ces,5881314.108676782,266104.4375,0.04524574484253656,0,Economy,2017,8,3
2012-03-16,8e363ea2167ba07a7e66a0b177e7eb5c73b5ba1492b792d08dedd7bcffdd39f2,COQUIMBO,Geely,LC 1.3 GX,Chinese,ces,3613443.867793531,195030.078125,0.053973462785265505,0,Economy,2012,3,1
2016-02-18,4bd713fc76579e510815092baac7bdc0bb241bac2c99923a6210e0bce093723e,LA REINA,JAC Cars,SUNRAY 2.8 15 A. LES EXECUTIVE DIESEL,Chinese,propio,17265174.47837978,787500.75,0.04561209334931098,0,Premium,2016,2,1
2013-01-22,833a151eb383a0c63cc18d5b32afce52598f7b6371cac7ad58a1c4f9705bbed6,SAN BERNARDO,Mazda,MAZDA2 SPORT S 5MT AC,Incumbent,propio,6077778.5423465725,320374.09375,0.05271236711206437,0,Economy,2013,1,1
2021-10-04,d9cbe60e8cb54a59210951519704c51bca7d4d15ce02ce9fabb82ebffd081b62,PUENTE ALTO,Haval,HAVAL H6 3GEN 2.0T AT 2WD DELUXE,Chinese,propio,12777348.847684173,-924475.8125,-0.07235270974600935,1,Premium,2021,10,4
2013-11-29,a78790d9fd4e3930c8884eeb9b161658f9b96e9628b46188d1ec558e4de62264,SANTIAGO,Mazda,NEW MAZDA6 2.0 6MT,Incumbent,propio,10773621.45096129,609660.875,0.05658829556755981,0,Premium,2013,11,4
2020-07-28,65fc44504d70b553b971fc79cf4ed4008f407056d95ecac384f146c93a42cf52,TEMUCO,JAC Cars,S2 PLUS 1.5 MT,Chinese,ces,6296161.458797512,401008.40625,0.06369093436917476,0,Mid,2020,7,3
2021-08-27,81fe7c7a9d2afaa349ce4dd5c105749228a2a15f31fc30728feb158583507c56,RECOLETA,Suzuki,BALENO 1.4 GL.,Incumbent,propio,8510883.026940392,714164.875,0.08391195986825091,0,Premium,2021,8,3
2017-05-31,ec3c78c8f06059d0dbdf4fa6ac38aa0d76d2207658c0baa4f6714cee272df04d,SANTIAGO,Suzuki,BALENO 1.4 AT GLX,Incumbent,ces,8526018.279011037,585547.25,0.06867769113766428,0,Premium,2017,5,2
2015-07-14,f346354fdf99a18bf15a15b0d169f39d91a5b804c5c72752508dead27f537aa0,LINARES,Geely,GC7 1.5 GL,Chinese,ces,5758486.323854907,217835.0,0.0378285173827025,0,Economy,2015,7,3
2013-03-16,c24cee20f45d24622de9c3be65a73054c8ebc9b2dad720dcac92d0d7939a7114,PENAFLOR,Suzuki,ALTO 800 GL2,Incumbent,propio,3086780.306876613,150043.203125,0.04860831941642863,0,Economy,2013,3,1
2020-01-14,f158773326155a69e284472e3d6081c84e815bbbc5ceba307e3c73e0aae563dd,INDEPENDENCIA,Suzuki,VITARA II 1.6 GLX,Incumbent,propio,11116204.50376711,729370.6875,0.06561328439512133,0,Premium,2020,1,1
2017-12-27,cc63fd2009dc2ccffec621ec0e2a05c18ac3d5e224d04f8c9d73b44649b772bd,SAN MIGUEL,Great Wall,C30 1.5 COMFORT AMT,Chinese,ces,5570746.010960778,408548.53125,0.07333820828416089,0,Economy,2017,12,4
2018-07-31,90bb7e3c0fbdc3b1f4c2bdff805f81b305b5d8c7a6864e38719d33f3223ddc2f,LAS CABRAS,Suzuki,ALTO 800 2AB GL,Incumbent,ces,2494604.469606631,301848.71875,0.12100063253618634,0,Economy,2018,7,3
2016-06-24,7075d1f42aac110693c902d13796088ae8b16046ebad8f5dbae9c32d36aa8b61,VINA DEL MAR,Suzuki,SWIFT 1.2 GL AC,Incumbent,ces,6144420.067022466,314503.4375,0.05118521098320768,0,Mid,2016,6,2
2011-05-20,9586f22761b013c4dce12889dfd18b13a2fafbff29ed63c44b59e41deaa53863,PEDRO AGUIRRE CERDA,Suzuki,CELERIO 1.0 GA AC,Incumbent,propio,4396981.777692554,202226.796875,0.04599218443455194,0,Economy,2011,5,2
2021-02-26,7d0ea6132c2006e29c60a9adb2b24ea7b76575b3040abb447b832fdb2656b6f2,MAULE,Haval,NEW H2 1.5T AT 4X2 ELITE,Chinese,ces,11238959.104879236,838571.1875,0.07461288716104912,0,Premium,2021,2,1
2016-05-31,1dd92776fe84af68dd79801375f032148f3f64a10624765f7020751528462247,QUILICURA,Mazda,NEW MAZDA2 SDN V 1.5L 6MT,Incumbent,propio,9025972.859642228,521417.71875,0.05776858925439623,0,Premium,2016,5,2
2014-12-26,35c71304ef744ef21a3a02772b42eba5c267ab857a74b339233276c83aa15936,DALCAHUE,Suzuki,ALTO 800 DLX,Incumbent,ces,3449305.8419815246,291764.71875,0.08458650294181792,0,Economy,2014,12,4
2021-08-16,52e3d26723e228919535b43b33cf97d585427f171479f56aa31163b3e7899c15,CORONEL,Changan,CX70 LUXURY MT,Chinese,ces,9451325.04253498,750836.625,0.0794424719942353,0,Premium,2021,8,3
2022-03-03,5715dc41c6b47a1e2588f655dae0acc45a1237f4d753f8a1f8c50f666108bb0a,COLINA,Great Wall,POER 2.0 TD 4X4 DELUXE,Chinese,propio,17332746.38199364,1383200.0,0.07980270232517543,0,Premium,2022,3,1
2018-11-29,b9cd843a039a73083f41f839311e6f5d6abcc00c3f393a9782206f695837044c,QUILICURA,Renault,"DUSTER ZEN TECH 2,0L 6MT 4X4",Incumbent,propio,7879947.114410441,532171.3125,0.06753488377184569,0,Mid,2018,11,4
2016-07-26,30191d443c630dbc0e0e622263436ff3ba5f1b44ac7cbbd694eec7bb228cabf7,MOSTAZAL,Great Wall,M4 1.5 EN,Chinese,ces,6128974.281744122,383264.875,0.06253328165229866,0,Mid,2016,7,3
2012-10-31,64762636881ca0d00559be09f629c44888a20d7017add1c62de5649cfe767717,SAN ANTONIO,Suzuki,SWIFT 1.4 AT GL AC,Incumbent,ces,7032307.015051366,417982.96875,0.05943753136138453,0,Mid,2012,10,4
2018-10-19,87480f7f5ef62a3ac2b33244f4930aca85d1463537313e0645dc92024b6b45fd,CHILLAN,JAC Cars,SUNRAY ESCOLAR 28 PAS. (27+1) 2.7T D MT,Chinese,ces,17646354.85412366,876701.875,0.04968175480133957,0,Premium,2018,10,4
2013-07-23,0b5e41d751b3fe61a1318bafcf680cda4675876a8f3ecf91014a623dbbca16aa,SANTIAGO,JAC Cars,SUNRAY 2.8 MB 17P LE DIESEL,Chinese,propio,16844669.78224118,1343200.0,0.07974035806959509,0,Premium,2013,7,3
2021-10-13,aa6690a24eb3c988539d26f470c41a19ab77c4c3900a106aac4f264dd9ef8577,LA FLORIDA,Suzuki,SWIFT 1.2 GL SPORT,Incumbent,propio,8846327.356038528,720518.9375,0.08144836930640734,0,Premium,2021,10,4
2017-11-23,0c69e17f5ed528d788b1d68662b0856da1d7ed54594a64fccb5135d3fdca7b4e,BUIN,Renault,"DUSTER ZEN 1,6L 5MT 4X2",Incumbent,ces,7486587.245225022,553641.375,0.07395110173238346,0,Mid,2017,11,4
2019-01-09,a4e99f293697efdcf557b9b5a0e2823fcde1cefa52bcc67a3745bd2f2652f077,PROVIDENCIA,Mazda,NEW CX-9 R AWD 2.5L TURBO CA 6AT,Incumbent,propio,19917992.219738413,869230.4375,0.04364046475721617,0,Premium,2019,1,1
2017-01-12,dd78a856939f50f57c6f417e321e3b937a0d9dcf030b2931520fc51f7ccb4458,CALERA DE TANGO,Suzuki,SWIFT 1.2 GLS AC,Incumbent,ces,6404404.998988377,367451.96875,0.05737488007208191,0,Mid,2017,1,1
2019-12-28,363c3a359c84a495122b7080ebf0d4ac265839217da8e355bf067a267c33ac28,QUILICURA,Changan,CX70 LUXURY MT,Chinese,propio,7377762.979534154,406994.09375,0.055164972753800556,0,Mid,2019,12,4
2015-07-31,97a2814ee401407a296eaf27f443f078bf6af1a3e7c5eebdd6058b1f8669f9ad,PUDAHUEL,Renault,KOLEOS 2.5 EXPRESSION 4X2 MT FASE 3 E5,Incumbent,propio,9657062.824195797,526955.375,0.054566837204342494,0,Premium,2015,7,3
2017-08-04,57d370ca47f4f81ecabad39d7ec6d108675d3b7a8d70e9fae772429dce3c895e,NUNOA,Mazda,NEW MAZDA3 SP 2.0 6AT,Incumbent,ces,10504379.369793044,755957.6875,0.07196595447360482,0,Premium,2017,8,3
2015-02-27,6be239e9d0917587be4fd957c94ff4913687a461312de386bf3702515cbe258a,VALPARAISO,Suzuki,SWIFT 1.2 GLS AC,Incumbent,propio,5911608.111135666,266431.53125,0.045069214034692905,0,Economy,2015,2,1
2018-12-29,42ee1120684f62515ef90901306191d3bee7d06f636030acf12f8fcbca9ca50f,CHILLAN VIEJO,Changan,NEW CS35 LUXURY,Chinese,ces,7060482.609562092,470190.40625,0.06659465538704333,0,Mid,2018,12,4
2017-07-10,82afce350c5a9b051c3d2f2f34e08b95dbebed31c136119ea5af0ed04b6e3116,SANTIAGO,Great Wall,HAVAL NEW H3 2.0 4X2 LE,Chinese,propio,7609045.308272837,642707.375,0.08446623051399427,0,Mid,2017,7,3
2011-12-09,04ad95ade1bb3920be5e101641d7ec41b39a78cec900d3f42c992036a4673326,SANTIAGO,Mazda,MAZDA 2 SPORT S 5MT AC,Incumbent,propio,5738006.441933523,-428824.0,-0.0747339697749625,1,Economy,2011,12,4
2019-02-27,c4eb146e2506dc5d4cc94e01190537a96ccdc3028b66f9fe1876c884ff32e654,SAN PEDRO DE LA PAZ,Changan,CS15 LUXURY PLUS,Chinese,ces,5671751.2007190045,313613.4375,0.055293934166266566,0,Economy,2019,2,1
2020-01-31,b107c2bb49d7877b978db3c3831e5ea93efef48a48ef159a6ac2d2647b304712,RANCAGUA,JAC Cars,S3 CE COMFORT SMART 1.6 CVT,Chinese,ces,8787884.123032795,384433.5625,0.0437458615882759,0,Premium,2020,1,1
2022-03-24,535fab14e0906e1e3adf9771e03979deb78b4b8a7565ddcac77682f99d46e4a1,LAMPA,Suzuki,XL7 1.5 GL,Incumbent,propio,12684079.513393749,1038859.375,0.08190262240969215,0,Premium,2022,3,1
2012-12-14,6976cf46b1b4f755a201d1d96656ccd96e5fb9423d99eb6d742a7742f21e015a,COLINA,Mazda,CX-7 2.5L R 2WD AT,Incumbent,propio,10248040.879439492,873277.25,0.08521406776899618,0,Premium,2012,12,4
2010-12-31,19b3fff61ff299fdbfb05088cee59a2531d8b0ed6429896ca0abb9e046262d3f,MAIPU,Mazda,MAZDA3 SEDAN 1.6L V MT,Incumbent,propio,8217676.176879614,540887.625,0.06582002178691153,0,Mid,2010,12,4
2021-11-17,458ff7416163370dfd54a8eb52357843a97ca3be3c553ce7494774c6f45265d9,LA PINTANA,Suzuki,ALTO 800 GL,Incumbent,propio,4659621.721133939,410688.46875,0.0881377273368142,0,Economy,2021,11,4
2017-01-31,82966f0ebb1c53abd3639261f6cbd0a7cca2ea17057b431c0dcd924ddb0b8796,MACUL,JAC Cars,S3 1.5 4X2 6MT CE,Chinese,propio,7309942.491023673,380266.3125,0.05202042464314218,0,Mid,2017,1,1
2021-05-30,ca96e9a12976c06cd0c96c262165987cba99991855c55d81298219a794b5c6ce,LA GRANJA,Suzuki,ALTO 800 GLX AC,Incumbent,propio,5050846.047830673,446879.28125,0.08847612400341001,0,Economy,2021,5,2
2017-06-28,b8da26053b9a309be65943142a296c297bf899f67f489f7e9e2f934819cff71b,PUERTO VARAS,Great Wall,HAVAL NEW H3 2.0 4X2 LE+,Chinese,ces,7792931.494676205,452887.09375,0.05811511291474754,0,Mid,2017,6,2
2011-08-10,033de62b5c411ee91aa8cc2f84314a461c7502eca39263dff3363088ea32452b,MAIPU,Suzuki,GRAND NOMADE 2.0 2WD GLX,Incumbent,propio,8006920.5090976255,271073.625,0.03385491646782313,0,Mid,2011,8,3
2020-10-30,29d17e155cade1b19bf860fd5c686e45061925219b67856a4d22595097432c2e,LO BARNECHEA,Mazda,NEW CX-5 R 2.0L 2WD CA 6AT IPM,Incumbent,propio,15276416.655042589,490030.71875,0.03207759580112302,0,Premium,2020,10,4
2018-06-15,3c11509ba6c75574ff3d8585236ab3fe6af5dba88d38ea3612a141cae2892e7e,HUALPEN,Suzuki,DZIRE SEDAN 1.2 GL SPORT,Incumbent,ces,6007409.715942631,305209.96875,0.050805585632027944,0,Economy,2018,6,2
2021-09-29,0fce6ed3dab69537e367baea25380199b9bc9251142c7b7e7f58eeb0decc0908,CALAMA,Changan,NEW CS15 ELITE MT,Chinese,ces,8380120.047950945,681680.625,0.08134497132492516,0,Mid,2021,9,3
2013-11-26,41faa38c2ba7293fb2ba1581d8333f90a3a6d929255893b865613c0b3709c9fa,COPIAPO,Changan,CM10 1.3,Chinese,ces,4763565.673142694,349603.0,0.07339103184219448,0,Economy,2013,11,4
2011-04-15,323d41085b4e84b0e9f22f5f3eee2fb4a15a5a6707a455d8ca44477396d8f2a5,ISLA DE MAIPO,Suzuki,ALTO K10 1.0 GL AC,Incumbent,propio,3665027.591989245,153736.0,0.04194675105203168,0,Economy,2011,4,2
2013-04-23,9505e8e2b4fde3c3eef039fa6e15b411d3c1b8b0eee5c57dadf0709b7a31c054,CHIGUAYANTE,JAC Cars,J2 1.0 5P AE,Chinese,ces,2963147.827657546,241344.5625,0.08144870810943977,0,Economy,2013,4,2
2019-09-30,f2360ea9f12427518b7ba48e6d9c51caca1fd8289c28abe5c6db034cc57dc938,QUILPUE,Great Wall,M4 1.5 EN,Chinese,ces,4725751.977647476,500248.53125,0.10585585820333898,0,Economy,2019,9,3
2012-08-21,ae803bdb2471801341ee153ab2d40dc576bd6f0dbee6fe3b722921c40c18a334,TALCA,Samsung,SM3 1.6 SEDAN ENTRY 3,Incumbent,ces,4880532.844133011,220675.484375,0.04521544909594831,0,Economy,2012,8,3
2019-07-31,76e0ef303da04f7b32efdb79c981459068b99419429b46a066bc4a4e4df44d83,ALGARROBO,JAC Cars,T6 DC 2.0 DIESEL 4X4 CE,Chinese,ces,9758329.163151875,414526.4375,0.042479243174669744,0,Premium,2019,7,3
2018-02-13,5ed96fa277c7c9c1d2403dcb8653e529e55954e123370f191a8ed75962a3e439,COPIAPO,Suzuki,JIMNY 1.3 JX AB AC,Incumbent,ces,6457171.196717772,460001.03125,0.07123878510203074,0,Mid,2018,2,1
2011-05-09,6ca580e88fca353213175c2f8b01bea22de728c8122e671af35fc493e2b3d953,GRANEROS,JAC Cars,A 137 1.3 VVT SPORT SE,Chinese,propio,3899323.477344299,239017.15625,0.06129708336298037,0,Economy,2011,5,2
2014-01-30,28874bf4f6b0fd05ddf69dd6bd47f4ffe2dc8fdde3cc0f77b1e1b1919c23400d,ANTOFAGASTA,Mazda,NEW MAZDA6 2.0 6AT CUERO,Incumbent,ces,13984133.358190851,1001680.625,0.07162979638014472,0,Premium,2014,1,1
2011-08-10,8ddc2daebc99c235baaf6e130d75122ab1819e99fff56ac9284098007c0893bb,PUENTE ALTO,JAC Cars,A 137 1.3 VVT SEDAN BE,Chinese,propio,3694636.6626326535,172529.640625,0.04669732273540049,0,Economy,2011,8,3
2009-12-11,eaf8480bf134c01fd538f7c41cf55aaf5df09edd535bbecd0a2573231d113222,PROVIDENCIA,Mazda,CX-9 3.7 GT AWD AT,Incumbent,propio,19908868.303926382,866460.0,0.04352130853309822,0,Premium,2009,12,4
2017-06-15,7380749fa79e7181af075bc476203f4c622723aa56347882646feed464755660,FREIRINA,Renault,SYMBOL INTENS TECH,Incumbent,ces,6607482.566534296,411933.25,0.06234344863600056,0,Mid,2017,6,2
2013-12-23,f40e4f282ca0e525e899067e2588387397a24ae95544e6fda16020903468f37a,SAN ANTONIO,Geely,LC 1.3 GA,Chinese,ces,3120346.4684925457,232333.203125,0.07445750190594741,0,Economy,2013,12,4
2014-03-24,28ecb10e88c262ff33bb0917b72afa3964cd7d8926872a5a38cc0854b0b83ca1,HUALPEN,Great Wall,HAVAL H3 2.0 4X2 LE,Chinese,ces,6834805.832881169,418108.15625,0.061173377338467734,0,Mid,2014,3,1
2010-06-16,36473809ee3f3d72f80dc507492b07bbf605830a59f489b005b4cc98d4cee34d,SANTIAGO,Suzuki,CELERIO 1.0 GA,Incumbent,propio,3746332.635447164,269196.53125,0.07185601425322143,0,Economy,2010,6,2
2018-04-25,045c7fb6f1ac8e95f0af8dbab0f49e792c42acb968735735ab6182492a05a32b,VALPARAISO,Mazda,NEW CX-3 R 2.0L 2WD 6MT,Incumbent,ces,10036245.786467522,653953.25,0.06515915053433274,0,Premium,2018,4,2
2018-06-11,96e75f4d23f409fd20459769337f736eaf5d36e775521c9dd157e248c0cb6d5e,RANCAGUA,Renault,SYMBOL ZEN BLACK,Incumbent,ces,4958148.165234453,469916.0,0.09477651420241076,0,Economy,2018,6,2
2021-11-22,a21e1e9af966ef994e5b01e4a00a69ba46b530c3e82458128de28e970c00567d,TALCA,Suzuki,SWIFT 1.2 AMT GL SPORT,Incumbent,ces,9616274.585159369,729999.75,0.07591294773618425,0,Premium,2021,11,4
2018-06-30,34d7f4e063699824649e98ad93b985a3410be5036a10185555a1c8d03d5412e5,CHILLAN,Suzuki,GRAND VITARA 2.4 GLX NAV,Incumbent,ces,8856665.891359065,575433.375,0.06497178306809755,0,Premium,2018,6,2
2018-02-21,285b728ff3151cee0f9129b66dc85ceb32b1da4d384f8dd41d899a9b4c473788,VICTORIA,Suzuki,DZIRE SEDAN 1.2 GL,Incumbent,ces,5375702.837393818,355630.4375,0.06615515184846273,0,Economy,2018,2,1
2017-06-22,120cdd6a35a0d2c641efaff6ba8e55c72aac6c3fe0581693506e62a1e0ffb256,LOS ALAMOS,Mazda,NEW CX-5 GT 2.5 AWD 6AT I-STOP (C.N),Incumbent,ces,16531981.462639498,1315930.75,0.07959909421468093,0,Premium,2017,6,2
2014-05-13,1ee290f75805ac159e29f8a9cb267deefc328d325ad8646e5302b9ea855f6d3e,MACHALI,Mazda,NEW MAZDA6 2.0 6AT,Incumbent,ces,11914850.521090398,864874.25,0.07258792281691591,0,Premium,2014,5,2
2011-09-06,3a2c1e4b53eac0e5bbbef7b6880002efbd44175fcd8a865b37a99cdaab5dcf00,PUENTE ALTO,Renault,FLUENCE 2.0 SDN AUTHENTIQUE MT,Incumbent,propio,6416544.389210168,-43681.55859375,-0.006807645353035093,1,Mid,2011,9,3
2018-11-10,0e49f71d57a50a9a989782c8dc7976555d27dc3459d47ed6c0f695a1c54cef4a,CONCEPCION,Suzuki,CIAZ SEDAN 1.4 GLX,Incumbent,ces,7163942.168686952,424761.28125,0.0592915564152094,0,Mid,2018,11,4
2016-11-11,092cf66b6cafc51864872275171175669bc2567669d53c7ee173b4923195b0d1,SANTIAGO,Renault,SYMBOL 1.6 SDN DYNAMIQUE MT NEW,Incumbent,propio,6044158.363987291,361737.71875,0.05984914639320668,0,Economy,2016,11,4
2015-06-22,03c1f7d353f3d8999485ccfc1c0af52b740a51dffa973d42cbd9aa6d2b449e29,RANCAGUA,Geely,NEW CK 1.3 16V GS,Chinese,ces,4009757.221993013,244705.515625,0.06102751415542594,0,Economy,2015,6,2
2019-08-30,225725af341fcfe77fb38560a903a526d19b47aa478749e326d859a30832db99,PUENTE ALTO,Suzuki,SWIFT 1.2 GLX,Incumbent,propio,7336111.955056673,439428.625,0.05989938917127735,0,Mid,2019,8,3
2019-12-27,dc63a973059d89727a6ea6d53019ca9f8a7b108ba7bc561a16e32874f743d37d,SAN PEDRO DE LA PAZ,Mazda,ALL NEW CX-5 R 2.0L AWD CA 6MT,Incumbent,ces,15110894.06682534,608067.5,0.04024033901044675,0,Premium,2019,12,4
2015-05-26,ce5141401a72a321c8daa87c0c5eaf1c905cbde49178968de543d5f63fcf58c5,SAN VICENTE,Changan,MD201 A/C E5,Chinese,ces,4863652.63953891,391200.0,0.08043337569376398,0,Economy,2015,5,2
2019-12-03,42c682c4cf0de671a2e4aca0998ff568acad78502cc1ffeaaf5ae9a18677dfd9,CALERA DE TANGO,Suzuki,BALENO 1.4 GLX,Incumbent,ces,7498834.492229651,551474.625,0.07354137840639664,0,Mid,2019,12,4
2019-08-22,6f23e6834150bff1fcfd5bb95718caaf5e1f3993dff7bab99ee19002a6d621b7,RANCAGUA,JAC Cars,T6 DOBLE CABINA 2.0 4X2 SE,Chinese,ces,9054352.509258568,397159.4375,0.04386392479129599,0,Premium,2019,8,3
2012-12-26,59755f64ca23a230fffbe0d2afa6cedeb3a0eb3c9b5704bc7a598a3bfd87a722,LA FLORIDA,Mazda,MAZDA2 SPORT S 5MT AC,Incumbent,propio,5816269.865447393,286889.09375,0.0493252721051196,0,Economy,2012,12,4
2013-04-12,32cd896d77baca7d7e01a516149e86c0a167e7555eba3cc1585a5236688116b7,TALCA,Mazda,BT-50 D/C 2.2L 4X2 SDX 6MT,Incumbent,ces,14511586.158365076,794459.0,0.054746530898143145,0,Premium,2013,4,2
2015-07-31,00eca06d0d829cdfce75ca860d290c18daca2ca3e6e3d27fa90474b0dee2695d,SANTIAGO,Renault,KOLEOS 2.5 DINAMIQUE 4X2 AT FASE 3 E5,Incumbent,propio,11279223.053259715,836163.25,0.07413305385057949,0,Premium,2015,7,3
2014-08-29,7caae82b45bb6e807bd8bdc55e9079bd9f028dbd89d158eeb1315748db477474,MACUL,Geely,LC 1.3 GA,Chinese,propio,2713211.5899057663,205535.28125,0.07575350260726939,0,Economy,2014,8,3
2018-11-27,6c16e5f8ffb3aa63b0e94152f0c272c6af5d7965403175be55fcdda2892d7622,VALDIVIA,Changan,CX70 LUXURY MT,Chinese,ces,7611036.0679879645,638824.0,0.08393390785347808,0,Mid,2018,11,4
2021-06-29,635962a36b8c76c023dae6bf8fbee0e12fbf74a4279a9248c4e4c575a5d493c5,LA GRANJA,Great Wall,M4 1.5 SR,Chinese,propio,7208714.473873159,524399.5625,0.07274522585137794,0,Mid,2021,6,2
2019-11-30,26f6df689c9ad83f770c5dc5af5efe603067ce5255716fce3498d595b68f1ad3,CORONEL,Suzuki,S-CROSS II 1.6 GLX,Incumbent,ces,10011628.017577456,623897.9375,0.062317331047919464,0,Premium,2019,11,4
2014-02-28,5ca816d83ee3147e5ee06105e176f33c89d54da331e758e3a947d92166496754,LOS ANDES,Suzuki,ALTO 800 GL,Incumbent,ces,3424873.685355584,205939.5625,0.060130557042315715,0,Economy,2014,2,1
2022-01-18,64dae201e4f0223d991225155017085f294ffa1f4f5ed7c68c432f226064380c,SAN BERNARDO,Changan,M201 E5,Chinese,ces,5700281.519583679,487200.0,0.08546946292497896,0,Economy,2022,1,1
2017-01-20,748bfa8340f6dd4baac1ccfa4a7801d3429de28cd33ee988b7b1c5b141541c4e,SANTIAGO,JAC Cars,S2 CE COMFORT 1.5 MT,Chinese,propio,6276086.626170052,322721.8125,0.05142086649255497,0,Mid,2017,1,1
2012-12-24,7c8a79de3c942c24abb70d3d3c03d02a4f6a6a88aeffd219523cb0610e31941a,LA FLORIDA,Great Wall,HAVAL H3 2.0 4X2 LE,Chinese,propio,6529817.557913857,355185.875,0.05439445617734451,0,Mid,2012,12,4
2019-10-29,abc83e1ed25111c3fc7a368a16ab2a017425f79dc3821dfddaffd4b1b25ff07f,PUENTE ALTO,Suzuki,SWIFT 1.2 GLS,Incumbent,propio,7003080.197957107,523675.125,0.07477782778394615,0,Mid,2019,10,4
2014-05-14,09f155054f2679b9933ec9873bfda85f80e44fda88e9eedfe702132675bde199,LAS CONDES,Mazda,MAZDA2 SPORT V GT 5MT,Incumbent,ces,7305537.627238165,374537.96875,0.05126768047207949,0,Mid,2014,5,2
2015-01-21,8b75075a04a962f53e9f6939c37392242a7414b8c6fa551c3b41f33d6c02290a,CHILLAN,Mazda,NEW MAZDA3 SPORT GT SR 2.0 6AT,Incumbent,ces,12205956.115229134,642437.125,0.05263308494108411,0,Premium,2015,1,1
2019-04-12,716ba08c3012f9b2fce1f7c9136f24f506cadc5ec5c1ad87f80fe0e6e37c83d9,LO BARNECHEA,Suzuki,BALENO 1.4 AT GLX,Incumbent,propio,7670452.789652192,411496.8125,0.05364700413189804,0,Mid,2019,4,2
2015-11-29,2d3126caf402450d099de99dd065f25de5a83b668f60e7c175b9ac5a530c2d21,SAN PEDRO DE LA PAZ,Suzuki,GRAND VITARA 2.4 GLX NAV,Incumbent,ces,9251320.278151415,522612.59375,0.0564905957244005,0,Premium,2015,11,4
2013-09-24,dc78405aa25bcac758127e5517ff12f4853a8ef47d2b761cde2abf1524568c41,SANTIAGO,Samsung,SM3 1.6 SEDAN ENTRY 3,Incumbent,ces,4778038.087127663,275116.40625,0.05757936651680969,0,Economy,2013,9,3
2017-07-21,e2c8cecfba6d5310b2f7cd612f2f7707dc96c22c57fd59db1b43060ab9dcbfc9,PUENTE ALTO,JAC Cars,S2 1.5 4X2 CE SPORT 2,Chinese,propio,5836164.897263552,363470.15625,0.06227893876343745,0,Economy,2017,7,3
2021-05-31,a202c2553bbd02540636e51a924685b6ec057951f7fe3839e22213e5988c0e39,COLINA,Changan,CX70 COMFORT MT,Chinese,propio,8442015.977893814,684142.0625,0.08104012883788518,0,Mid,2021,5,2
2013-08-31,ffe263b31a7aaa8f568996690c307037372c3973281683132b165e59f1b1ee1e,LA REINA,Mazda,MAZDA3 SPORT 1.6L V MT,Incumbent,ces,9020886.67162422,559421.75,0.06201405364726475,0,Premium,2013,8,3
2018-03-09,45c616d6eb1d699ab6c091c042cd09cc880773e5c23995f97481537edd1e3839,MAIPU,Changan,CX70 LUXURY MT,Chinese,propio,7501992.691438289,475505.0,0.06338382607899284,0,Mid,2018,3,1
2014-02-19,b3cf6585d1421266181dabe62db780edbd01525fa0814dafeb963d495d837ede,SANTIAGO,Mazda,BT-50 D/C 2.2L 4X4 SDX HI 6MT,Incumbent,ces,15960497.873588951,829752.0,0.05198785191864558,0,Premium,2014,2,1
2020-11-27,832e5b6f0d333692b471043c09785b49ce46f3cf9414fa072335e4cf8c7eac7c,SANTIAGO,Suzuki,JIMNY 1.5 GLX,Incumbent,propio,11578013.967499644,732562.75,0.06327188342114276,0,Premium,2020,11,4
2012-10-06,dde3376ae602a88d97e8643970e9ef29fae612b1cb5e5c108afc9346d36eea97,RANCAGUA,Great Wall,C30 1.5 SE,Chinese,ces,4895958.821788665,389243.6875,0.07950305581977825,0,Economy,2012,10,4
2018-04-06,6ed35fb1ec4dcc79c9bd6d9f8cc5d4beea1fc81fe97be164c4d6a082d04bcef2,SANTIAGO,Suzuki,ALTO 800 2AB DLX AC,Incumbent,ces,3328833.805149097,209366.875,0.06289496179597423,0,Economy,2018,4,2
2015-06-12,242bef60ac4cbc12b3511b68f4c5b9a19a390ab682720007940fefdd5cf86f15,CONCEPCION,Renault,SYMBOL 1.6 SDN EXPRESSION,Incumbent,ces,5332718.1381777385,373150.84375,0.06997385462369678,0,Economy,2015,6,2
2014-05-29,436bca0d4189be56cc4b7e8f1cc0c2396e92a7e7013797b91a843d7956b4fb70,SAN BERNARDO,Great Wall,VOLEEX C50 1.5T LE,Chinese,ces,5899625.68433661,364275.71875,0.061745564590164566,0,Economy,2014,5,2
2021-01-13,a16690ddbfca28c100d360a2952bf39d67e6c232120a311d01414aba915f4300,PENCO,Changan,MD201 PICK UP XL 1.5 EPS A/C,Chinese,ces,6766394.468632848,565141.0,0.08352173415544112,0,Mid,2021,1,1
2020-07-31,a7369238fb1096f49c598ac378f5f4949bbbb23e6c757f842442e2411e2089f9,TALAGANTE,Suzuki,CELERIO 1.0 AT GLX AC BT,Incumbent,ces,7155074.864746964,281979.6875,0.039409746624638864,0,Mid,2020,7,3
2018-11-26,ecb9bfa2acac6213177a69f42810a0e38e98c0cbec7e7be3ca871968f5e065bb,RECOLETA,Suzuki,S-CROSS II 1.6 GL,Incumbent,propio,8621296.021850824,541379.5,0.06279560504915552,0,Premium,2018,11,4
2017-09-29,43711057319457933a4c4279c0fb8d939105bb9eb31c65a7908c6f7bed3ed8ee,RANCAGUA,Mazda,NEW BT-50 DOB CABINA 2.2 SDX 6MT 4X2 DI,Incumbent,ces,12697487.394725984,1253857.0,0.0987484343178636,0,Premium,2017,9,3
2009-12-11,8701ecfc0e8a24df508d192181c41d7ae380c5898cc52f67295d0aaaf04bfcdf,SANTIAGO,Mazda,MAZDA3 SPORT 1.6L V MT,Incumbent,propio,8616079.007124122,369411.53125,0.04287466850577341,0,Premium,2009,12,4
2014-05-23,430a3e71c10d09c63a35fe2725c174ee487068a2c9535b0a40d0bed2a9c22ef1,SAN BERNARDO,Suzuki,SWIFT 1.2 GL AC,Incumbent,ces,5336373.94347466,322956.5625,0.060519852229417435,0,Economy,2014,5,2
2021-12-22,96346af0777c1144446620e68911a020570921ea8c7e6bdcf6b0a53922ef6d29,PENAFLOR,Great Wall,WINGLE 5 G 2.2 4X2 ELITE,Chinese,ces,8508378.06946766,725541.0,0.08527371422334958,0,Premium,2021,12,4
2018-07-23,cb5fd08207d2293b81718b8561b2178445cf490a0b0eeddfac10757200265abe,ESTACION CENTRAL,Suzuki,DZIRE SEDAN 1.2 AT GL SPORT,Incumbent,ces,6202178.1968913935,400318.40625,0.06454480886257741,0,Mid,2018,7,3
2011-05-31,a9c8b099b00cf3f47317932e6fc03993036eaf499fb57aaf40fb537ec8786db1,LO BARNECHEA,Mazda,MAZDA3 SPORT 1.6L V AT,Incumbent,propio,9454035.125556748,291928.3125,0.03087869979569262,0,Premium,2011,5,2
2015-12-07,49c4428adca32030c6d3f5b2a29d1dbcf442a773d8169d5c7e16761271b8300d,SAN BERNARDO,Mazda,NEW CX-5 R 2.0 2WD 6MT I-STOP,Incumbent,ces,12407506.69554844,807597.125,0.06508939667062597,0,Premium,2015,12,4
2018-09-28,2b083736c89721b013006a5fae1b2f95b80bec5edeaf9d8d9304eef8a0929abe,MAIPU,Suzuki,VITARA 1.6 AT GLS,Incumbent,ces,9580026.445893103,419776.0,0.043817833110466546,0,Premium,2018,9,3
2015-05-25,031086cf77243f72df2732d36d8b88f46dfba4b5cbfa266ec49c0d2df62cf94a,CONCON,Suzuki,CELERIO 1.0 AT GLX AC BT,Incumbent,ces,5794989.430042688,353204.625,0.06095000331991946,0,Economy,2015,5,2
2019-09-14,9db798a8a4dbea684c758f733f7eecf47cc6540ab5c7a53d6c8623f12f467e0d,CALERA DE TANGO,Haval,HAVAL H2 1.5T 4X2 DELUXE,Chinese,ces,8725841.545428257,501176.09375,0.05743584628952859,0,Premium,2019,9,3
2022-03-18,43fa8785e94ffffaec2b3b1764a3eb75b34d2e5f9d86d61e03984a3e6cc19b65,RECOLETA,Mazda,ALL NEW MAZDA3 SDN V 2.0 7G 6AT,Incumbent,propio,16135416.658930574,1192844.0,0.07392706523880119,0,Premium,2022,3,1
2019-06-22,d18ce28f6b9b14d39fdb25fe15100081735dd6cfb4e86dbd36dd17400a572d6d,SAN CLEMENTE,Renault,"OROCH ZEN 1,6L MT 4X2",Incumbent,ces,8477404.612229275,537051.0,0.06335087501017289,0,Premium,2019,6,2
2010-05-18,93440fb186c1ca60a3a7a34cedd1dbf1612577be289f4063879124a3aada3d24,PENALOLEN,Suzuki,SWIFT 1.5 GL,Incumbent,propio,6358704.559850686,367624.0,0.057814291659531426,0,Mid,2010,5,2
2011-03-28,9a36687276d65edc0fca3424c6fe14ed27fe823b9bdc76cda97ac2a0347c032a,TEMUCO,Suzuki,ALTO 800 GL2,Incumbent,ces,3027695.944574062,225050.125,0.07433049061723408,0,Economy,2011,3,1
2020-09-09,f5225c2c4cb539ec96a44b4a7803fcb14a356c6933c74d81db83156448940749,CONCHALI,Suzuki,CIAZ SEDAN 1.4 GL BT,Incumbent,ces,5930756.367294668,187611.921875,0.03163372599650047,0,Economy,2020,9,3
2021-08-27,6ecfb5ef8854c900e432bb04df8b628ae6555b7a210e6bd86356e10eed3039ae,SAN ANTONIO,Renault,KWID 1.0 HB INTENS 4X2 MT,Incumbent,ces,6205397.200575614,333057.96875,0.05367230460591716,0,Mid,2021,8,3
2011-09-30,c47208563a51deb7e449fb94acfaa7132a4003cae482fe863155433dc5924228,QUILICURA,Samsung,SM3 1.6 SEDAN ENTRY 3,Incumbent,propio,4834179.3567113215,251191.40625,0.051961540463174874,0,Economy,2011,9,3
2021-05-18,eb8e83220c4b0d096a3910c19891d5f85446f5fcc6eb2af0578a5b265d6ee3a0,MAIPU,Renault,KWID 1.0 HB INTENS 4X2 MT,Incumbent,ces,4937622.460752267,557310.9375,0.11287030183654247,0,Economy,2021,5,2
2017-12-29,14a38483009f3857613965e3658783a7cbddc95a6b2362b80b3326acb16a589c,MAIPU,Mazda,NEW MAZDA3 SDN 2.0 6MT,Incumbent,propio,10037709.768607505,662500.9375,0.0660012047341658,0,Premium,2017,12,4
2019-05-08,19d467e33df46c3eaa13aab02222dd9bad22b0a8ce9e2dd680ee403316d1e531,QUILICURA,Changan,CS15 COMFORT MT,Chinese,propio,4894772.732710904,301871.71875,0.06167226452264973,0,Economy,2019,5,2
2014-07-23,dff5ae83863cb52ffd5478ec3c1de681d5a5f7f4222d96f66e9b1be4225e5897,LO PRADO,Great Wall,HAVAL NEW H3 2.0 4X2 LE,Chinese,ces,7276348.240239051,347938.6875,0.04781776187894068,0,Mid,2014,7,3
2018-01-08,53d5be562b0a2f83b10d525578c2c845f8c3aefd71cc6809d2a71797996074e8,NUNOA,Mazda,ALL NEW CX-5 GT 2.0 AWD 6AT (C.N.),Incumbent,ces,17063278.799543772,1027380.0625,0.06021000269464445,0,Premium,2018,1,1
2016-05-30,c844b598256ee0a49439a5530cffd96c9ee890c2f5fca9019ded2e1cd1815442,SAAVEDRA,Great Wall,HAVAL NEW H3 2.0 4X2 LE+,Chinese,ces,7898703.429988052,540672.0625,0.0684507359077815,0,Mid,2016,5,2
2014-12-26,d0d92e2844c3688347d74010caa9bfd72a14c4a528f6b22dc17fcd5e38128542,TALCA,Suzuki,SX4 1.6 GLX SPORT AC,Incumbent,ces,6688427.197726142,343529.25,0.051361738693483774,0,Mid,2014,12,4
2016-03-31,58feec7386939efe12386028008081dbcf65f511a79b3e7144bc8ad20fe1f95f,LEBU,Suzuki,ALTO K10 1.0 2AB GLX AC,Incumbent,ces,4012136.321944209,247655.3125,0.061726544819890546,0,Economy,2016,3,1
2020-08-13,ed0f56d1b09c33137dcb0791f4f30050063ff4e33b9e60917aa360ae91cfb834,PAINE,Great Wall,M4 1.5 EN,Chinese,ces,5664819.387244485,363317.53125,0.06413576610546219,0,Economy,2020,8,3
2018-10-16,f89c56250e3cd30220ec0c78bf8f97d34af11b6294c1e2132470291938a9f2bf,LONCOCHE,Changan,MD201 CARGO BOX E5 EPS,Chinese,ces,4489942.3500545,275200.0,0.06129254643918971,0,Economy,2018,10,4
2018-06-30,f1530bc67d42484338c812c42c930f93f219ad730cf66e33ef55bbfc3dc51346,ANTOFAGASTA,JAC Cars,S2 1.5 4X2 CE SPORT 2,Chinese,ces,6029120.197636024,202846.71875,0.03364449738944246,0,Economy,2018,6,2
2012-11-29,a55ae831caf11339c619b5c74a800c6c87d2cee1ea5f20818813b85fea302f1c,SANTIAGO,Suzuki,GRAND VITARA 1.6 GLX SPORT,Incumbent,ces,8076407.070591661,377772.625,0.046774837090068216,0,Mid,2012,11,4
2019-05-25,dd253944abdc4fdfeb08386e288e1900b4c5558b16af707f52a057b670f14265,SAN MIGUEL,Renault,"NEW KOLEOS 2,5 PRIVILEGE 4X2 6CVT 2",Incumbent,propio,15622581.446130233,664801.5,0.042553882806907924,0,Premium,2019,5,2
2016-07-28,489882a73e21b23b59c05d8b036ccf75b9d01b9dca27b5caa6c7f83d5b4caa5b,RANCAGUA,Changan,CS1 CROSS 1.4,Chinese,ces,5148719.009471135,449747.90625,0.08735141797846861,0,Economy,2016,7,3
2016-12-22,26d8e976899b876e416ef66a2d16ef6e740cca2707427d50c1e57c38734f4c59,QUILPUE,Great Wall,WINGLE 6 2.0 TD 4X2 ELITE,Chinese,ces,10384992.9759513,489408.0,0.04712646422903995,0,Premium,2016,12,4
2016-04-11,9d6bd1191fa64260878dc54e460014f42ef930ac3ff89c2e27bb4804dac32082,YUMBEL,Renault,DUSTER 1.6 DYNAMIQUE 4X2 MT E5,Incumbent,ces,7320597.313652879,584201.6875,0.079802461803283,0,Mid,2016,4,2
2020-12-29,20d6dbdaf83141b78ee9f1fd7b19ddd6f6a0c82cfa94b2c8f1389d32b5a4d796,ARICA,Changan,CS55 ELITE AT,Chinese,ces,11708123.006730424,728738.3125,0.06224211276915046,0,Premium,2020,12,4
2018-01-09,356ac75ccb76c2e85034af874158a7596f7de38995b5a617f1ac2be08c5ed5e1,SANTIAGO,Suzuki,BALENO 1.4 GLX,Incumbent,propio,7684574.091154538,451808.71875,0.05879424329710897,0,Mid,2018,1,1
2018-03-09,e7fc691ac30a2323d6a7902cac6074e10ddefdece26a97fc94aa710b33283c7c,VITACURA,Suzuki,SWIFT 1.2 AT GLS,Incumbent,ces,7087305.163207996,342598.1875,0.04833969747465008,0,Mid,2018,3,1
2012-12-21,35908e7c2e7dfdeb2c057328392ae207a150a6bb56b0bc288a47b2d684485a37,SAN MIGUEL,Suzuki,ALTO K10 1.0 DLX AC,Incumbent,propio,3187054.798838526,221886.71875,0.06962124367326952,0,Economy,2012,12,4
2014-09-30,ad9de489da73be86af316a5259386639fd8da3d74f88af76766d872ab5ae070b,LO BARNECHEA,Geely,LC 1.3 GB HB,Chinese,propio,3343929.047059684,284039.71875,0.08494190957782315,0,Economy,2014,9,3
2011-08-03,8db2385af57d040e04b9e087893074be02c8f78ac08ab49b4b342191fca41355,DONIHUE,Changan,S100 1.0 C/S,Chinese,ces,3014809.255438118,239200.0,0.07934166964909327,0,Economy,2011,8,3
2020-09-15,4776d872748ec7c6ee097a343a78651bc36f3dde5848dcba6cc75ae52b147314,MELIPILLA,Great Wall,GREAT WALL 3 2.0 4X2 LE,Chinese,propio,6492858.259876249,287860.71875,0.04433497655861141,0,Mid,2020,9,3
2013-12-31,bfab43274bb6f7c9cae95d7795c5c40b9a93b1cabc40bf9eefec549ef8c3a736,CONCON,Mazda,MAZDA2 SPORT S 5MT AC,Incumbent,ces,6747912.887574714,275210.09375,0.04078447637591155,0,Mid,2013,12,4
2019-12-20,e819dbad3e08e83de40f130a1ec5456f566775b7c09b3a6efb8ab6f5dab6ffb7,VALDIVIA,JAC Cars,S3 CE COMFORT 1.6 MT,Chinese,ces,6335920.996685236,293445.4375,0.046314566998787055,0,Mid,2019,12,4
2021-11-29,4f06c7ce6c0ebd60dcc53a9be12330c0569c8f89d9dd0f0d158f8c3fb997dd94,TALCAHUANO,Mazda,ALL NEW MAZDA3 SDN V 2.0 7G 6MT,Incumbent,ces,14425292.501933845,854897.875,0.05926381561312486,0,Premium,2021,11,4
2020-05-30,7ef5af2826e1c7c4a3c51ea45f8b8d4f3eac5fd3cbf645cd1220611236548190,TALCA,Suzuki,SPRESSO 1.0 GLX AC,Incumbent,ces,5190043.855316542,231554.921875,0.044615214886440956,0,Economy,2020,5,2
2019-01-23,5235932017ec3c24ca133fc461f86b3492816c12c0740004b1e53750a5201461,TEMUCO,Suzuki,ALTO K10 1.0 2AB GLX AC ABS,Incumbent,ces,3917033.167909248,379159.6875,0.0967976709021282,0,Economy,2019,1,1
2012-04-30,014b7d7278cdbad0f8b3255e289ec5cbf6075e04e5f2a537e3bba4850d9772c6,SAN PEDRO DE LA PAZ,Great Wall,FLORID CROSS 1.5 HATCHBACK,Chinese,ces,4811479.121430732,247336.046875,0.05140540790738226,0,Economy,2012,4,2
2020-10-19,9075342f389099a3a8c05d673fbf1d127a8e02f400e6ec120b2fc0e6d675a602,SAN JOAQUIN,Suzuki,IGNIS 1.2 AT GLX,Incumbent,propio,8517377.21419692,627022.375,0.07361683758174613,0,Premium,2020,10,4
2018-05-23,87844d0078c2fee3b1045fe9554215f7a14de98396a21343ecc308b5ff466048,SAN MIGUEL,Suzuki,ALTO K10 1.0 2AB GLX AC,Incumbent,ces,3849977.7293571658,223886.3125,0.058152625349701045,0,Economy,2018,5,2
2021-02-11,5087f13cc690c2daeb8329287268f2b4d5328a28d863d793ccaa1e259de4b0e1,ANGOL,Changan,CS55 ELITE AT,Chinese,ces,11235391.59837987,676210.3125,0.06018573599139247,0,Premium,2021,2,1
2012-11-29,67da2323de83f8d85583deebe6217b34bc58ca3e865cbb4f88709813145d1f5d,TRAIGUEN,Suzuki,SWIFT SEDAN 1.2 GAA,Incumbent,ces,5324936.261114084,409411.75,0.07688575598355478,0,Economy,2012,11,4
2013-07-30,9efe725b5b1e835b7e8408e7d71d3020aa60f5418113c429d5f3f418b37c4108,VALPARAISO,JAC Cars,J3 1.3 VVT SPORT BBE,Chinese,ces,3301767.2909012414,187287.359375,0.056723367479928774,0,Economy,2013,7,3
2013-06-27,8475ded65e2c9987eef7eebd0b3c5952e1608aef46403b39fab04555fb50fff8,TALCA,JAC Cars,J2 1.0 5P CE,Chinese,ces,2928406.47706421,153432.28125,0.052394461783809174,0,Economy,2013,6,2
2017-05-15,43f4b2f8826ffc0e040e7417b6b2ae7dfa5a26d4b72a65dd265d06c32e9b0cae,TALCA,Suzuki,ERTIGA 1.4 GL,Incumbent,ces,7237098.611734135,331671.1875,0.04582930332913148,0,Mid,2017,5,2
2019-06-14,eb0af5f0365c03bf690993e6b7e97de07c84fd43976140a05c4017cf9540e7b3,VALPARAISO,Great Wall,M4 1.5 EN,Chinese,ces,5249487.111023011,398158.875,0.07584719546485513,0,Economy,2019,6,2
2017-07-19,3a0bd85e22f152df77be3de3cd25bc4fa5a0f4a682223914e6febf45f716b43a,SAN JOAQUIN,Mazda,ALL NEW CX-5 GT 2.0 AWD 6AT (C.N.),Incumbent,ces,17016925.808793843,725294.0625,0.04262192070704037,0,Premium,2017,7,3
2014-01-31,30ac7c04f7450c8dd60f70224f6bb5f5c3fc6f8cbc85941657a9b6027b77276f,OSORNO,Suzuki,SWIFT SEDAN 1.2 GLA,Incumbent,ces,4989427.6098861545,257310.84375,0.051571214950620586,0,Economy,2014,1,1
2015-11-05,d461e4b0652c5af741315e1b5373b0590235b94a99b0394f1f9d7d6957c199f3,LA SERENA,Suzuki,GRAND NOMADE 2.4 GLX NAV,Incumbent,ces,9681500.607509488,427375.03125,0.04414346996151662,0,Premium,2015,11,4
2021-11-26,829638588471bb7dadf0a239675f0a65d4ac3d6eb88723f52f7d2db03d4454b7,RECOLETA,Changan,ALSVIN LUXURY MT,Chinese,propio,6526650.898882842,575591.0625,0.08819087636486321,0,Mid,2021,11,4
2019-03-17,50a6ae34fca54b0a294333f6e68db6cf94143fb34e357699fc1cfb87c9f7c08f,SAN FELIPE,Mazda,NEW CX-3 GT DIESEL 1.8L AWD 6AT,Incumbent,propio,14711463.427723937,780022.25,0.05302139068843677,0,Premium,2019,3,1
2013-10-31,b76617e55a473ba9a190033b4759019f6b6a0d47e0f9a9eb6087f1f2ef94e7a5,CHILLAN,Suzuki,CELERIO 1.0 GLX SPORT AC,Incumbent,ces,4319236.626287937,331175.3125,0.07667450087924925,0,Economy,2013,10,4
2018-12-03,633e87ce7dbd89d5cf066e10eb376cd8e9c368e1c8791b98a3f13d8495466bd4,SAN VICENTE,Suzuki,BALENO 1.4 GLS,Incumbent,ces,6359273.455684408,281681.125,0.044294545117919366,0,Mid,2018,12,4
2020-07-07,2d097d740a3f30d6247a01d2cb72e9173f73c8dc28b110a343455a0c2f5c1240,LAS CONDES,Mazda,NEW CX-3 R 2.0 2WD AT,Incumbent,propio,11990346.476150012,518855.125,0.04327273828425678,0,Premium,2020,7,3
2022-03-10,683ed90c1f3ac6304bde01d3c8d3a72782bdeed9e6a3ed74adbd90fe3873e339,SAN VICENTE,Suzuki,JIMNY 1.5 AT GL,Incumbent,ces,13937070.900112128,888403.0625,0.063743886277629,0,Premium,2022,3,1
2016-12-29,71b2ef12d5fed9f501678674d9c2c8eb7e8daaac3bcd18bf4d3458f61f99c8d8,LA REINA,Suzuki,BALENO 1.4 GLX,Incumbent,ces,8040559.478983168,492681.71875,0.06127455683125,0,Mid,2016,12,4
2012-07-23,5eb52669cc4d75ccbb559076ebdbca9ace5774f73e61bc321a7f29acd4e87be0,SAN CLEMENTE,Changan,S100 EIV,Chinese,ces,3132555.6551889265,190560.0,0.060832119513773555,0,Economy,2012,7,3
2017-07-21,9dddb7eec921afdf14f08d728c29d5a8f712dcebaf10bd4c30e9ba13cd708a1c,SAN VICENTE,Suzuki,ALTO K10 1.0 2AB GLX AC,Incumbent,ces,5125702.221155009,365714.3125,0.07134911407662521,0,Economy,2017,7,3
2012-02-04,0587d91ec6f053b7d145524e789d4e5ac727a085053583f3fe0c864298dbeddf,ANTOFAGASTA,Suzuki,JIMNY 1.3 JLX,Incumbent,ces,5673294.37283591,490084.0,0.08638437701145088,0,Economy,2012,2,1
2021-07-06,45c66607c50eb11cfe4e010d721308ff50e46b93b3068d47b79b33376e31577a,BUIN,Suzuki,SWIFT 1.2 AMT GL SPORT,Incumbent,ces,9332118.203575104,795966.375,0.08529321614197598,0,Premium,2021,7,3
2020-10-23,39ffd40292bedaf66dd3c0315068cc1f1982429a1405a5db133ad4602ac52e2a,SAN BERNARDO,JAC Cars,S2 CE COMFORT 1.5 MT,Chinese,ces,6960352.03321593,414891.125,0.059607778891077955,0,Mid,2020,10,4
2018-02-02,efd229d402547922bcff954df829be5849f00958abc0da424c25210cf06a9a15,LOS ANDES,Great Wall,C30+ 1.5 ELITE,Chinese,ces,5635911.584765964,351764.8125,0.062414891931738374,0,Economy,2018,2,1
2017-04-28,e2118745f29d7fdc527598a0b57190e65533cf9d45ed1e7d8061a986636c8b37,PENALOLEN,Suzuki,ALTO K10 1.0 2AB GLX AC,Incumbent,propio,4437530.720775798,197028.3125,0.04440043909500062,0,Economy,2017,4,2
2010-07-01,b46e80b107c192468c34f6d21f8315d0576fcc15430a51f45b542a81d27f0a00,VALPARAISO,Suzuki,GRAND NOMADE 2.0 AT GLX,Incumbent,ces,9394132.51281449,626872.75,0.06673024349453087,0,Premium,2010,7,3
2021-03-31,e7888b0eb49abc7498f7bb94a215a4fc033d30a3951c6dcba98c2e3aeb0f1a95,COQUIMBO,Suzuki,SPRESSO 1.0 GLX AC,Incumbent,ces,5613472.157225095,465349.59375,0.08289870880557393,0,Economy,2021,3,1
2019-08-21,565d654a696cce4e26d8a801ddbf730f57a66cfa46f039e00fb51f4a70df2baa,COPIAPO,JAC Cars,S2 CE COMFORT SMART 1.5 MT,Chinese,ces,6018596.64604029,496806.71875,0.08254527557962459,0,Economy,2019,8,3
2020-04-09,07328276c2642b77f2e4187dfe1cffbff82ece4acca07b26c70c560867cc0605,QUILPUE,Changan,CX70 ELITE TURBO MT,Chinese,ces,10599681.73716282,663109.375,0.06255936653976295,0,Premium,2020,4,2
2012-04-26,29ab043c84cfc97acd54c1ac9fac97273c81fdcce7120b9554be28dfcfef1515,VALPARAISO,Suzuki,SWIFT 1.4 GL AC,Incumbent,ces,6767268.012442144,297235.4375,0.04392251599220095,0,Mid,2012,4,2
2015-06-30,bc73f235ede11cdfdfbcea527c6e097afd696293121e63b78a90a9f5dacaa486,VALPARAISO,Suzuki,CELERIO 1.0 AT GLX AC BT,Incumbent,ces,5540350.740817452,446223.625,0.0805406816056851,0,Economy,2015,6,2
2013-01-31,69da8fdf7523b26705e3cab1ea058b56e6850d1b50aaf8510ca8118e52658389,MAULE,Suzuki,CELERIO 1.0 GA,Incumbent,ces,4010075.6350426553,197059.078125,0.04914098786640564,0,Economy,2013,1,1
2011-04-15,45ebfaade34b4e0ba78fb7f4c3a7a9d5611b842e7ac026983959305d1e6092c4,QUILICURA,Samsung,SM3 1.6 SEDAN LE AT 3,Incumbent,propio,6099880.146654879,321000.4375,0.052624056503148484,0,Mid,2011,4,2
2018-07-17,92b8db62a2ad14f4d3919e73659211dad9bab31429e7ebd99a619df95b6caf83,MACHALI,Mazda,NEW MAZDA3 SP 2.0 6AT,Incumbent,ces,10584012.935706908,974117.6875,0.09203670606010446,0,Premium,2018,7,3
2012-09-05,20ce88600625d3f64075fefaec24640e6dc35114579d162726d8661bd86a808b,COLINA,Suzuki,ALTO K10 1.0 GL AC,Incumbent,propio,3132123.014059437,155262.921875,0.04957114429352156,0,Economy,2012,9,3
2011-09-07,afdbf5cd53fdf48b84dddf7c6e1d51b6314bf6056f32e6d911042ffd3d71e2bd,CALAMA,Great Wall,FLORID 1.5 LE,Chinese,ces,3988992.136199822,272615.875,0.06834204372729397,0,Economy,2011,9,3
2015-10-20,98fd30c519d34cf51530ca78b679a3cbb41dd5e6969bbad828cf6a43cd981b04,LA REINA,Renault,CAPTUR 1.5 DIESEL EXPRESSION MT,Incumbent,ces,9702585.939871987,502686.71875,0.0518095610660092,0,Premium,2015,10,4
2019-02-13,ae81126d3469fb828c9514bc4be067be07b4af8c73725b36d019d99fe7fdd713,SANTIAGO,Mazda,NEW MAZDA2 SPORT V 1.5L 6MT 6 AIRBAGS,Incumbent,propio,8820758.945398381,250618.15625,0.02841231211524521,0,Premium,2019,2,1
2011-09-30,9e980f3d884e3f8ec415f72545bdfc44e025fc818b0c48b0d2eed5d649647d86,LAS CONDES,Samsung,SM3 1.6 SEDAN ENTRY 3,Incumbent,propio,4796579.242588147,379929.40625,0.07920840812482795,0,Economy,2011,9,3
2013-12-30,bf0ff0e63e2491ecb8e2f3b600d2f3c633cf211134af8bc4db012d3033fddf5b,LO BARNECHEA,Suzuki,KIZASHI SEDAN 2.4 AT LIMITED,Incumbent,ces,10779630.415018428,859831.9375,0.0797645099503655,0,Premium,2013,12,4
2012-12-18,d05ee98de04c152c39b205f00a885c351e1910655e3ec91968a89fa718fdc26d,PADRE HURTADO,Great Wall,HAVAL H3 2.0 4X2 LE,Chinese,propio,6298452.524125879,268571.875,0.04264093028743967,0,Mid,2012,12,4
2019-04-18,dc081f145f6c5b7e358aa21fa290c834fe1a6f9c45fda7e0f5ed3a39205a989e,LA FLORIDA,Suzuki,BALENO 1.4 GLS,Incumbent,propio,5897105.336860809,509388.125,0.08637934985084755,0,Economy,2019,4,2
2021-07-28,6ecdde35e864bca0ab2ac3ea1369b371b607e7be52047b9bb1895805c549c48a,COPIAPO,Suzuki,SPRESSO 1.0 GLX AC,Incumbent,ces,6482495.652920859,427899.59375,0.06600846597671046,0,Mid,2021,7,3
2015-12-16,0f9233f9bec475aad2fe3cb27567b44e8dfa33258ea8167fa5d2bf6d42b45e50,LA REINA,Suzuki,ALTO K10 1.0 2AB GLX AC,Incumbent,propio,4137512.8637915193,248543.3125,0.06007070447443655,0,Economy,2015,12,4
2021-02-26,26b8981eaecd1b537d7a04a6953920bd5797fde017c6320701fdfc60a53165c1,COPIAPO,Suzuki,BALENO 1.4 GLS,Incumbent,ces,8838294.209201299,755630.25,0.0854950324252993,0,Premium,2021,2,1
2021-05-27,a47fedd532175184cae3ee9125d84a6ec05daea0e618bd3f44cb8e278213857f,TEMUCO,Suzuki,BALENO 1.4 GLS,Incumbent,ces,9146277.878941605,755630.25,0.08261614833939865,0,Premium,2021,5,2
2011-03-11,dfbff46f1f41b9e7202b3612a290bec381529a0dea169b337b738d5d34bd097d,VILLARRICA,Suzuki,ALTO K10 1.0 DLX,Incumbent,ces,3335808.512450761,274958.0,0.08242619412167429,0,Economy,2011,3,1
2014-02-20,09af9ea3e044dea5892e584e51c252374d36e8c72ef19c656249b3ef56372035,COQUIMBO,Suzuki,GRAND NOMADE 2.4 AT GLX SPORT,Incumbent,ces,9296816.3247444,640587.875,0.06890400462091649,0,Premium,2014,2,1
2018-02-26,5aa14aef90cbde8094e97574e1df4298b0a3e4843b5fb487e686778a5cc1f630,VALPARAISO,Mazda,NEW MAZDA3 SDN 2.0 6MT,Incumbent,ces,9372938.702929365,570167.9375,0.06083128841137124,0,Premium,2018,2,1
2018-04-30,53450c50adacf34ed9abeea24d313c203ce36319394e6c268a711b2ac93501f4,LA PINTANA,Suzuki,SWIFT 1.2 GL AC,Incumbent,propio,5664805.1475375965,290347.4375,0.05125462040405918,0,Economy,2018,4,2
2017-11-07,fb6c38ee167763fc73571d496802d499f84ab8d4180f76d212dbf114ad9999f4,SAN CLEMENTE,Suzuki,CIAZ SEDAN 1.4 GL BT,Incumbent,ces,6635817.272913501,366160.125,0.0551793562029828,0,Mid,2017,11,4
2012-02-09,16a548fcf6974bc46d6ed1c67f46ac8fc045ddd8ffdd938864cf8c1a3e7b8879,MAIPU,Suzuki,CELERIO 1.0 GLX AC,Incumbent,ces,4649174.654711745,274146.6875,0.05896674310184578,0,Economy,2012,2,1
2017-02-15,87027f9a07bdfb4bf156e70dd85e2695aa86120f4fee3c5b116b344db4693755,SANTIAGO,Renault,CLIO IV 1.2 HB EXPRESSION E6 F2 MT BC,Incumbent,propio,7087720.5729604885,414264.46875,0.05844819423756781,0,Mid,2017,2,1
2016-01-19,0af83d0ba4344c0a5697abdd3f5af6f2eb64307f07bb9e820254e57d7467421e,QUILICURA,JAC Cars,S3 1.5 4X2 6MT CE,Chinese,propio,6056092.626509217,379553.3125,0.06267297016538166,0,Economy,2016,1,1
2021-04-29,3e1436b248bbedfa3e83ce1d3bc940f8f6a12e821b3d088a62cbfd49c531ce5f,VILLARRICA,JAC Cars,JS2 COMFORT,Chinese,ces,7068784.37541595,394285.75,0.05577843785577332,0,Mid,2021,4,2
2013-10-11,d1af8dba1fd93ef2b63bd4da6dd1b8129502321c020aa8cbafba7fef7df5e75a,COQUIMBO,JAC Cars,J2 1.0 5P SE,Chinese,ces,3011454.1419651224,184454.078125,0.06125083412514946,0,Economy,2013,10,4
2018-04-13,af80b9eedf22c6e4686ff11bf41092220a45e0972eb9f765160b2296e9dd800c,SAN JOSE DE MAIPO,Suzuki,GRAND NOMADE 2.4 GLX NAV,Incumbent,propio,9187432.772102648,505267.84375,0.05499554187587962,0,Premium,2018,4,2
2016-08-04,f0b9574268e9cfff5d22b53a7f480beaa089917f443c338631fb17401395a9c7,SANTO DOMINGO,Suzuki,CELERIO 1.0 AT GLX AC BT,Incumbent,ces,5548687.535213482,341699.71875,0.0615820798308574,0,Economy,2016,8,3
2017-05-09,ddcf6b7507a4cd50947ccc3a680672a2a6d407826ff433f401bc40114ba3abad,NUNOA,Suzuki,BALENO 1.4 AT GLS,Incumbent,ces,7361536.68591706,446386.90625,0.06063773438825043,0,Mid,2017,5,2
2019-02-04,4895aa22cf9cfcde341c3d5c940cbecb57bf67f7302cb6707b1eb21f74858083,ANTOFAGASTA,JAC Cars,J4 CE COMFORT SMART 1.5 MT,Chinese,ces,4677177.444817175,429579.84375,0.09184595812716524,0,Economy,2019,2,1
2017-09-13,2469c0f1e2c169f871f7052661d09ae881cf079019684292a116c7652029f895,VILLA ALEMANA,Renault,CAPTUR 1.5 DIESEL EXPRESSION MT,Incumbent,ces,10654796.968409834,785041.75,0.07367965361776038,0,Premium,2017,9,3
2019-09-16,719ff00b3163feb56a74cf8deeac891bd41bfc610e252ddf4c2776618fffbb89,TALCA,Haval,HAVAL H6 AT 2.0T 4X2 DELUXE,Chinese,ces,12521045.118560242,687112.625,0.054876619203414315,0,Premium,2019,9,3
2020-08-31,715afb9b1180d9628f9cf8441105765a619c2b2f7a6625155bc512bd20ddc422,BULNES,Suzuki,ALTO 800 GLX AC,Incumbent,ces,3606748.470893859,325582.6875,0.09027041672781551,0,Economy,2020,8,3
2014-08-19,9c3e6b34022dfe243d70d5c1f9d0992b23c7b2103157e8259eac866bfa97ed1c,COPIAPO,Great Wall,HAVAL H5 2.4 4X2 LX,Chinese,propio,7536359.6360640945,501500.90625,0.06654418452247744,0,Mid,2014,8,3
2013-05-14,5d88026ddeae2b2462243c3df2bd000d7095e5507b94595bc2fcb4835e74ee49,NUNOA,Mazda,NEW MAZDA6 2.0 6MT,Incumbent,ces,10483977.3251879,633722.875,0.06044679946774323,0,Premium,2013,5,2
2013-04-24,1236290345585461cca5e076c9cbaa94509dea4edac14a2b47b4cef80c91f88e,SANTIAGO,Renault,CLIO III 1.6 HB DYNAMIQUE MT PACK,Incumbent,propio,5786451.924182799,352437.0,0.060907271782055544,0,Economy,2013,4,2
2018-08-23,64bdb349b262e8e8ba0a0e620b162cdc70162ec2114e05c34498711cc5819250,LA SERENA,Suzuki,CELERIO 1.0 GLX BT,Incumbent,ces,4598890.609282877,258150.484375,0.056133208268516394,0,Economy,2018,8,3
2018-12-13,4e6604168dc6a34bab532673a0cefe0f33ceb481091074970b5855c07de38ede,LAS CONDES,Mazda,ALL NEW CX-5 R 2.0L 2WD 6AT,Incumbent,propio,13546824.570983976,810123.625,0.05980173587950704,0,Premium,2018,12,4
2013-08-27,7cfab4d82b83ada8d203530d88bd59150d6203f81d171eece2d95b3dc0e0f35a,MAIPU,Suzuki,CELERIO 1.0 GLX SPORT AC,Incumbent,propio,4231182.985585138,137143.3125,0.032412522211216585,0,Economy,2013,8,3
2011-01-24,ab2bc9e2fbb7d9871ee39d5e13b62774364540aca9e46b6ee044ee63678f7c4b,LA SERENA,Great Wall,HAVAL H5 2.4 4X2 LX,Chinese,propio,7315364.226495257,389062.75,0.053184330670900504,0,Mid,2011,1,1
2011-04-28,1a1c535e017c0a4465769a92f29ee9f785ef11380610c72c37764f2127f5a91b,TALCAHUANO,Suzuki,SWIFT 1.5 GL,Incumbent,ces,5742932.515145169,385890.0,0.06719389423127246,0,Economy,2011,4,2
2011-10-31,d7c47cc9b686fe7095cf0bb3f9ffc666e18dc6c4f55e6d03b612705682f595ae,NUNOA,Suzuki,GRAND NOMADE 2.4 AT LIMITED,Incumbent,propio,10664228.361596506,215309.796875,0.02018990869047432,0,Premium,2011,10,4
2021-11-29,5c521d84e0655a28cd86d149cd89cfdb7326b2266639625bd15106fb09d631e9,TALAGANTE,Suzuki,BALENO 1.4 GLS,Incumbent,propio,7986146.244583304,623082.0625,0.07802036719808539,0,Mid,2021,11,4
2020-11-17,ebb66051365ab7d082e2286dba9e3df1cc370a259f6ac890c68c2e3403395b1a,COPIAPO,Changan,CS35 PLUS LUXURY MT,Chinese,ces,9242701.088305904,562352.9375,0.060842921579656296,0,Premium,2020,11,4
2021-09-30,06dbad1eba861e093648639774f5181a40c156e50f170734a376e698a26cae96,COPIAPO,Changan,CS35 PLUS LUXURY MT,Chinese,ces,9857298.753432373,792605.0625,0.08040793754211924,0,Premium,2021,9,3
2012-11-29,b1bf6c57880956622b58a47fed75a75476b86f992c91cbf2b3ce73f50d0ecec2,CALDERA,JAC Cars,J3 TURIN 1.3 VVT BSE,Chinese,ces,4374416.359930102,317865.15625,0.07266458656328707,0,Economy,2012,11,4
2019-03-10,f372ae34bd9521ac77572efd821bf490a3677ff6c0b185089e161df3111dc62a,MAIPU,Suzuki,DZIRE SEDAN 1.2 GL,Incumbent,propio,6118697.457940594,413396.15625,0.06756277117665156,0,Mid,2019,3,1
2017-08-18,f35dc26d8467eb63b35eef56281f3bcf3a483611cbe3c5651c580a363e8f64ff,LAS CONDES,Renault,SYMBOL INTENS,Incumbent,ces,5686845.220796659,416617.4375,0.07325985169711317,0,Economy,2017,8,3
2018-08-24,3dae5291383e8603147f709436cf2744f75f204eee590d0d8fca417853809b84,PROVIDENCIA,Suzuki,BALENO 1.4 GLX,Incumbent,ces,7367327.965164099,691764.75,0.09389628821615677,0,Mid,2018,8,3
2018-12-21,7dac44e31f63a1e4b0aca62cf8f5334d0aeec3f691a8f8757680c0922288ed7b,SAN JOSE DE MAIPO,Mazda,MAZDA5 V 2.0 5AT,Incumbent,ces,9991646.691993477,627900.0,0.06284249427105443,0,Premium,2018,12,4
2010-06-18,6e81692cdb31c3f52e2e033756d04fc89d6080d06b6b8490d74e265e932d649c,EL BOSQUE,Mazda,MAZDA3 SEDAN 1.6L V MT,Incumbent,propio,6882729.915286903,-599412.0,-0.0870892810523735,1,Mid,2010,6,2
2021-06-03,3ba4d31346d1a137d286bb457bd28f55b285a74bbd82db0ea498e2585bfc8104,SAN FERNANDO,Haval,HAVAL JOLION 1.5T AT 4X2 DELUXE,Chinese,ces,12325735.650206927,1061512.625,0.08612164459183247,0,Premium,2021,6,2
2019-05-08,85a249c5cbaaf7928de0f64ef7cb40f874bc71712ce92019ba679ce4a72c1a0f,MAIPU,Mazda,ALL NEW CX-5 R 2.0L 2WD CA 6AT,Incumbent,propio,13200189.376978444,672130.9375,0.05091827990530333,0,Premium,2019,5,2
2011-08-31,ed1da08324d4107723a102cb4449a2520962e512ae744d805780fe0eef474e23,LA FLORIDA,Suzuki,GRAND NOMADE 2.0 2WD GLX,Incumbent,propio,6288840.31208273,-638772.375,-0.10157236363161083,1,Mid,2011,8,3
2018-07-09,fa08338041cb0bbf71a76fc6d216a006e06cb7dfec54fc4a536be138941e4bb3,MAIPU,Suzuki,GRAND NOMADE 2.4 2WD GLX SPORT,Incumbent,propio,8051632.957855815,650930.625,0.08084454773424565,0,Mid,2018,7,3
2021-03-31,46cf67f544adfb8e63088662d72148971447f37c0116d165713c042490b3926b,COPIAPO,Changan,NEW CS15 ELITE MT,Chinese,ces,7872848.649204643,451428.625,0.057339934389009965,0,Mid,2021,3,1
2010-12-13,a1302a4917690cdce49df0caf2634019df3882f4d4d2d8851a5719e555932244,TALAGANTE,Suzuki,ALTO 800 GL2,Incumbent,propio,2570692.932156694,156427.484375,0.0608503187674634,0,Economy,2010,12,4
2015-06-02,6b38feb9dfc3bd28e255b59e89203c3614292789f70780a8ae5ea96bdfd17374,COQUIMBO,Suzuki,ALTO 800 DLX,Incumbent,ces,3383097.0065343794,294941.09375,0.08718079711587566,0,Economy,2015,6,2
2010-02-20,8701ecfc0e8a24df508d192181c41d7ae380c5898cc52f67295d0aaaf04bfcdf,SANTIAGO,Mazda,MAZDA3 SPORT 1.6L V MT,Incumbent,propio,8893420.754933346,512928.53125,0.05767505500799217,0,Premium,2010,2,1
2019-05-17,c034431f6711d048fb5d35a96d36e14fbb8861640f1fa86a22f5108911a48fe7,LAS CONDES,Renault,SYMBOL ZEN,Incumbent,propio,5315339.965361191,186302.71875,0.03505000996438433,0,Economy,2019,5,2
2018-11-13,857315a6293464945801644089cc38f28e97523e4edc1220de44306ed072a0bc,LA SERENA,Mazda,ALL NEW MAZDA6 SDN V 2.0L 6MT,Incumbent,ces,9983811.264510855,742184.6875,0.07433881388946333,0,Premium,2018,11,4
2011-03-01,e615f4c0f17c9534937363e801b4a4932779eda3a1c311fa38ffc5ccf7cc3f99,LAS CONDES,Suzuki,CELERIO 1.0 GLX AC,Incumbent,propio,4764279.274435271,348907.59375,0.07323407668862095,0,Economy,2011,3,1
2014-10-20,a493908265c803dc6991b8c0b1a015da6bd8221d40d603544f8fb277b21bb8de,NUNOA,Renault,DUSTER 2.0 DYNAMIQUE 4X2 MT PACK,Incumbent,propio,7686245.6552281,658151.25,0.08562714223846499,0,Mid,2014,10,4
2011-04-21,b48db9eaf4a067cc9f09df50c4fc432b00cdcead90e7a5e10502d4d7525cf001,NOGALES,Samsung,SM3 1.6 SEDAN ENTRY DECO,Incumbent,ces,4266111.720540798,288949.25,0.06773128997272744,0,Economy,2011,4,2
2020-02-22,b37edd8e8a658b3d1879a5396daa4e1ce75ce9f53098e9b1bc3e2d1b62769699,PUTAENDO,Great Wall,WINGLE 5 G 2.2 4X2 ELITE,Chinese,ces,6404618.324123196,293469.0,0.045821465877933704,0,Mid,2020,2,1
2022-02-02,549654ebe8593b0f98d42559c62ce9645363344622a35d7d96af8dfb73a7dd38,MAIPU,Suzuki,DZIRE SEDAN 1.2 GL SPORT,Incumbent,propio,7719572.646916056,718116.4375,0.09302541349706517,0,Mid,2022,2,1
2021-10-19,d62b54571224a54f5197f76476d448e9d73605353fe4efff45f0d2e04c85d449,QUILICURA,Haval,HAVAL JOLION 1.5T MT 4X2 ACTIVE,Chinese,propio,9554502.105794031,804747.125,0.08422700796852471,0,Premium,2021,10,4
2014-08-22,4df53d47e34d0ffa64f07f9dabb5bf8674a78ddf999ac6358cf5919e07fecbac,LA REINA,Mazda,CX-5 R 2.0 2WD 6AT I-STOP,Incumbent,ces,12659331.97502775,844706.9375,0.06672602781618328,0,Premium,2014,8,3
2017-11-29,04adec61f942deb683c837de26266cfaaa56b58f6b997e2a39d1137af4042470,PUERTO MONTT,Renault,SYMBOL ZEN,Incumbent,ces,5593945.492160271,469916.0,0.08400439379657376,0,Economy,2017,11,4
2014-01-09,2ae842c530579adf7cdedee63f268b8559afb145bcc08c198fa2b39d35bedbc0,SAN BERNARDO,Changan,CV2,Chinese,propio,3529906.606888033,232529.078125,0.0658740029187338,0,Economy,2014,1,1
2013-01-26,c73246ac50dc8e18aa6009ee562c0e79514ef6fe401d4d59e7bed23c1b492002,SAN FELIPE,JAC Cars,J2 1.0 5P AE,Chinese,ces,2981606.2388765644,135351.5625,0.04539551894384248,0,Economy,2013,1,1
2014-07-25,dcd2b8dd08ffa20378f3fb907780d0901a309f608205727df1c3fe2671798e28,TALCA,JAC Cars,J3 1.3 VVT SPORT BSE CROSS,Chinese,ces,3860349.422707556,314873.6875,0.08156611047897193,0,Economy,2014,7,3
2020-03-05,a21d8de0461063c6198c7e8fb26aaa75a88c745eca651bbd4b2d861e75fa3262,NUNOA,Suzuki,SWIFT 1.2 AT GLX,Incumbent,propio,9262777.698955216,598445.9375,0.06460761090784906,0,Premium,2020,3,1
2013-11-20,4ed370a226d8fb535dd2fba4d03587d35fcb25d6859124d2367cbeaaca480607,LOS ANGELES,Changan,S200 EIV,Chinese,ces,3649023.697508056,267217.0,0.07322972448287589,0,Economy,2013,11,4
2018-12-21,4d54171f63269ff6f3869a12e8b5ff72f72aeff334c36516f987ab4bc60b5d3c,PUDAHUEL,Mazda,NEW MAZDA3 SDN 2.0 6AT,Incumbent,propio,10690864.83811025,387510.8125,0.036246909709177245,0,Premium,2018,12,4
2017-02-20,51570d2fbebe47b867a02f23687b0b280986858a7436defbb4bdaf4cd14ad040,RETIRO,JAC Cars,S2 CE COMFORT 1.5 MT,Chinese,ces,6244018.251081957,150066.796875,0.024033689659538806,0,Mid,2017,2,1
2019-01-29,a9331e9d897856f98524e3a8cc7dafc2048e3b7f8e74dd31db8af1fddb2e3d27,SAN VICENTE,Suzuki,SWIFT 1.2 GLS,Incumbent,ces,7015805.8957046885,443025.40625,0.06314675930832622,0,Mid,2019,1,1
2011-11-03,4664daeeab3503d4392ada22d47a150fdb60857617de6260398069c92b5096ea,PENALOLEN,Suzuki,ALTO K10 1.0 GL AC,Incumbent,propio,2718304.561637331,117929.4375,0.04338345274635707,0,Economy,2011,11,4
2021-09-30,274e96f72d3c9dd3fd82608df7231ad137d6ed8eb2d9a2383bfdf1538457a74b,RANCAGUA,Suzuki,VITARA II 1.6 AT GLX,Incumbent,ces,14022443.828984812,1216134.5,0.08672771414396495,0,Premium,2021,9,3
2017-12-29,660446dbc7acdf64c3b4b33e5be104761dd6f6db9fa97905a5b8e4d14a4401b6,ISLA DE MAIPO,Suzuki,DZIRE SEDAN 1.2 GLX,Incumbent,propio,7045817.597100927,439538.6875,0.06238292170391307,0,Mid,2017,12,4
2019-11-28,3b8d669c5fb448adb85816a8d2ab9e9b55e495d7114ad1f505e0808f06730dab,CHIGUAYANTE,Mazda,ALL NEW CX-5 GT 2.0L (CN) AWD CA 6AT,Incumbent,ces,17186821.754717514,761510.9375,0.044307839364830626,0,Premium,2019,11,4
2013-05-22,acfa5d8bc95c5bbe4b3ab901f28458ff60be1e5d90e096beab8cba83eccfb8f3,VILLARRICA,Samsung,SM3 1.6 SEDAN ENTRY DECO,Incumbent,ces,4792648.791621457,382521.03125,0.07981411696987395,0,Economy,2013,5,2
2020-02-29,76ae54394bb2c19b2b6831090e2fa3a97ce255d4f14ec4437dcce2523340f24e,PUDAHUEL,Great Wall,M4 1.5 EN,Chinese,ces,6163568.176338043,272109.53125,0.04414805246977381,0,Mid,2020,2,1
2019-12-23,317eed8e6e5687122799d8920ad4093d5c4d51375bcc6cfbe3261813f8b4818c,LOS ANGELES,Changan,CS55 LUXURY MT,Chinese,ces,8842277.989731962,546877.0625,0.061847983419550646,0,Premium,2019,12,4
2014-12-31,e1defe6c96124d75a296b2b83347058aadff6a31815648d1717e4293c086fecd,INDEPENDENCIA,Great Wall,VOLEEX C30 1.5 EN,Chinese,propio,4880087.532205651,262855.03125,0.05386276977929483,0,Economy,2014,12,4
2021-10-13,a47cab46d8a2e9e991c540771a370db351c51f6b87e6d5456723254712039cf8,CURICO,JAC Cars,JS2 COMFORT SMART,Chinese,ces,6864185.743466294,514602.1875,0.07496915245771524,0,Mid,2021,10,4
2022-03-25,a75bca5dba662ed67a3302095b4621df63d3e4fbc8d23ed945965c28bb87a103,LA REINA,Suzuki,BALENO 1.4 GLS,Incumbent,ces,9364507.85565032,557475.5,0.059530677809579984,0,Premium,2022,3,1
2017-07-06,6fff656449ccaa9948b5ba5e9ccd774dbeaa8243aad4494312660bd36e89819b,TILTIL,Suzuki,ALTO 800 2AB DLX,Incumbent,ces,3352009.0112330616,286174.15625,0.08537392211386946,0,Economy,2017,7,3
2015-07-03,2c8a238ea6561c1c9ba3213012e43f25fd52ba5269a224162886ef2273dcdec2,LO ESPEJO,Suzuki,SWIFT 1.2 GL AC,Incumbent,ces,5992566.499634358,450799.375,0.07522642844722807,0,Economy,2015,7,3
2021-04-08,ca256ef1fa13d5071060beafc492cff831bb60c4262a52b71aa38dc177c613f6,ANTOFAGASTA,JAC Cars,T8 CE COMFORT 2.0T DIESEL MT 4X2,Chinese,ces,11823738.873048756,1002931.125,0.08482351782024714,0,Premium,2021,4,2
2018-09-30,2eba44588b1525aa8ce5ea8d13eb49e7941a7e6cc17c8c12611972f70ae7a11a,CURICO,Suzuki,BALENO 1.4 GLX,Incumbent,ces,7233360.222413033,469282.71875,0.06487755404409382,0,Mid,2018,9,3
2017-10-12,02490e175d3590f5297af3fcc515941b166445695b2e06354a003c367150f120,SANTIAGO,Suzuki,BALENO 1.4 GLX,Incumbent,ces,8411401.959824767,691764.75,0.08224131402875097,0,Mid,2017,10,4
2018-08-08,57d1df8f7e191df996646377a663700a724d67c00571ba745948860cbdfcd7c1,LAS CONDES,Suzuki,VITARA 1.6 GLS,Incumbent,propio,8487973.529666228,550188.75,0.06481980040077187,0,Premium,2018,8,3
2017-08-22,b444e655c205cc5a9c8e1c717337278cf472a6e141c2633789779d322a64b1f9,SAN FELIPE,Renault,FLUENCE 2.0 SDN PRIVILEGE AT FASE 3 E5,Incumbent,ces,10476960.168799816,601111.75,0.05737463351155034,0,Premium,2017,8,3
2015-03-31,4decb7a71395358361b3d5d59b21ddd9f06fbf28a11e4a66ba021f41caf76441,LA CISTERNA,Renault,SYMBOL 1.6 SDN DYNAMIQUE MT NEW,Incumbent,propio,5127211.525366628,255763.0,0.049883450045824146,0,Economy,2015,3,1
2022-02-28,48e90162f82946ccc41e31e0742681dbbe4fa779cb1365452a77688a2ed74a56,TEMUCO,Haval,HAVAL H6 3GEN 2.0T AT 2WD DELUXE,Chinese,ces,17728968.486255977,1229663.75,0.06935901267765644,0,Premium,2022,2,1
2020-02-21,f6f4dc8f91189fad70545f20ba8a5989071846c028a4b6490fc1cd6ce182422d,LAS CONDES,Mazda,ALL NEW CX-30 S 2.0 2WD 6AT 7G,Incumbent,propio,11460617.690708429,-885104.5,-0.077230086884199,1,Premium,2020,2,1
2018-10-30,55e274120f128058b83c228d8b1d33f151b2337cea9a828f3d9f68f73cc07ba8,ANGOL,Mazda,NEW CX5 GT 2.2L DIESEL CN AWD 6AT,Incumbent,ces,19850671.655827563,986218.5625,0.04968187372191388,0,Premium,2018,10,4
2017-09-08,60d5c60092a158b0d8d780deae891943a75374aa9880d2ee6fca376d40806cbf,LA CISTERNA,Suzuki,GRAND VITARA 2.4 AT GLX SPORT,Incumbent,ces,9740845.984335523,565431.5,0.058047473587949476,0,Premium,2017,9,3
2018-12-27,f22723e47c4322708a769e85a48eb29e7bb864cb8fc6cd928ea44030702cce6d,QUILLOTA,Suzuki,IGNIS 1.2 GL,Incumbent,ces,5804160.716936483,331514.96875,0.05711677965474709,0,Economy,2018,12,4
2011-06-17,2b69a40d80767ac162a7f17b7dcf3d0e91f6f9a88c2021c1927f6efb893eefba,LOS ANGELES,Suzuki,SWIFT 1.4 GA AC,Incumbent,propio,6139135.115116257,340425.0,0.055451622030891455,0,Mid,2011,6,2
2018-10-18,91caad33574743fbd350544f8a191c57b5d8781b647e3ca1396219b349a381d1,QUINTA NORMAL,Mazda,NEW MAZDA3 SP 2.0L 6MT VOLANTE CUERO,Incumbent,propio,9492983.90971069,583308.375,0.06144626184432003,0,Premium,2018,10,4
2021-01-29,e3adced9a7a41a5e3d066e8530ef6f23d10f7639ba2ade6331772b426fe86503,VITACURA,Suzuki,BALENO 1.4 AT GLS,Incumbent,ces,9193786.092299946,792605.0625,0.08621095319629299,0,Premium,2021,1,1
2017-07-29,646fbf247bf984909ccb7e9cc5ac5aade42adac0348760a644d42a663c3d28c6,PUENTE ALTO,Mazda,ALL NEW CX-9 GTX AWD 2.5L TURBO 6AT,Incumbent,ces,25304335.208439533,2029579.875,0.08020680481355195,0,Premium,2017,7,3
2018-03-29,21772a9c5d76bc605be25a2d01faf9407c6bef34ace193376ca816666540cf97,VALPARAISO,JAC Cars,S2 CE COMFORT 1.5 MT,Chinese,ces,5786389.105109538,376639.5625,0.06509060411568539,0,Economy,2018,3,1
2020-12-29,d4020f0c6f366a560172a66baccce6c96d548ae2c188b4b076ae840013861aea,CONCEPCION,Mazda,ALL NEW CX-30 S 2.0 2WD 6AT 7G,Incumbent,ces,13430991.125198562,969074.1875,0.0721520979700352,0,Premium,2020,12,4
2018-12-15,15516548e38617e907cdedef7510175aff6cd7c1cadd768c4d59cabbc55f082b,PUENTE ALTO,Suzuki,BALENO 1.4 GLS,Incumbent,ces,6213636.135052222,184883.125,0.029754417700296538,0,Mid,2018,12,4
2013-07-12,7a3532974103a3cf12097bdd607192cb8154f136b448fb419d021ad0c98a0399,PUDAHUEL,Mazda,NEW MAZDA6 2.0 6AT CUERO,Incumbent,ces,11996127.86612416,673697.625,0.05615959020430695,0,Premium,2013,7,3
2020-12-30,fa634ae84c5e35276021f4c6925ebcdb2c3abff84817a7876371ef2d0448a798,NUNOA,Suzuki,BALENO 1.4 GLS,Incumbent,ces,8637226.653428098,568871.8125,0.06586278620744726,0,Premium,2020,12,4
2016-06-24,2b8329afa419d931151361c7fcaf3cc24682e8eafd1f4f65193fbc3baf53fed6,PENALOLEN,Suzuki,S-CROSS 1.6 4WD GL,Incumbent,ces,8552624.540048933,495454.40625,0.05793010133087934,0,Premium,2016,6,2
2019-11-20,5864996bb5778220d01ce42061d1be886f9f2292b429eaea09c5f15b0bbc9530,LOS ANGELES,Suzuki,JIMNY 1.5 GLX,Incumbent,ces,10335319.952307044,687562.5,0.06652551669157787,0,Premium,2019,11,4
2015-08-27,bf8aa736c2b1e7b3025451f2507163322c98ef9149d88c5e45b8529da3f3f2b1,LAS CONDES,Suzuki,JIMNY 1.3 JLX AB SPORT AC,Incumbent,ces,6799064.509050135,438952.6875,0.06456074757280454,0,Mid,2015,8,3
2020-11-30,2faec96e8db6cc41ec613681bca2c5c6285f886aa1a6b790d021c46c1815fa22,LA FLORIDA,Mazda,ALL NEW CX-30 V 2.0 AWD 6AT 7G,Incumbent,ces,14889934.580523204,801708.625,0.05384232017034352,0,Premium,2020,11,4
2020-08-19,0f0e35a6dc1b5b59ab093fb777bba08a0e112688a602da77cd4f5660df18e0db,GRANEROS,JAC Cars,GRAND S3 CE COMFORT 1.6 MT,Chinese,ces,6972828.056018208,384245.90625,0.055106178320051866,0,Mid,2020,8,3
2016-11-30,f7958714f3848b7e7481ac6763d18e04f5fcc70fcf5cd968f484234cd30d7f82,TEMUCO,Suzuki,BALENO 1.4 GLX,Incumbent,ces,8112362.703805931,424806.71875,0.052365350793635135,0,Mid,2016,11,4
2016-05-26,2dc1d330fe28ff002b40bb0407f9be75f2d9f9d79f8df6b596acdd09ec8986a1,MAIPU,Great Wall,HAVAL NEW H3 2.0 4X2 LE,Chinese,ces,7720737.223348569,423130.375,0.054804400507298144,0,Mid,2016,5,2
2013-11-27,82de5d58bc790df05c22d8e02fd23851dfd0f9259bed7ebded78454f3c0096f9,SANTIAGO,Suzuki,GRAND NOMADE 2.4 AT GLX NAV,Incumbent,propio,9267394.481544573,453307.59375,0.048914243874341734,0,Premium,2013,11,4
2018-09-28,9bf6c60770cdcba3ef719e921c660aff1d037ebf8a8055667dc200e7af8b597a,LOS ANDES,Renault,"CAPTUR ZEN 1,5 F2 DIESEL MT.",Incumbent,ces,10698914.773975672,594226.4375,0.05554081419037119,0,Premium,2018,9,3
2020-01-28,1a1f37939b217192b6cf68412b3a1a0270916f0d5626ccbf1ffb7ee379c1ebcf,CONCEPCION,Suzuki,DZIRE SEDAN 1.2 GL SPORT,Incumbent,ces,5729887.591977798,369577.3125,0.06449992370137093,0,Economy,2020,1,1
2016-07-28,ee705f7d306b5f984d20f66921d52e9c5595b27621f795e6d8838497767be48b,HUALPEN,JAC Cars,S3 1.5 4X2 CVT SE,Chinese,ces,7929956.409439409,657838.0,0.08295606760422336,0,Mid,2016,7,3
2019-05-29,da059c1030fc051335c48a6de565ee0d014d208eee926adb54d8cf7fd5b9adc7,PUENTE ALTO,Suzuki,CELERIO 1.0 AT GLX AC BT,Incumbent,propio,5745350.220189101,279287.0,0.04861096178586092,0,Economy,2019,5,2
2012-07-09,4f980d078934115c8d0bcb8b2f8ac27534b6bf378f5d6a6e0fb3d8c76d14cc6f,LA GRANJA,Suzuki,CELERIO 1.0 GA,Incumbent,propio,3332890.735141062,250058.4375,0.07502749335987952,0,Economy,2012,7,3
2011-11-16,83dfc7b6558cf140a2979d84cd337adb36836b313a10f04c57319480161468f1,ANTOFAGASTA,Mazda,MAZDA2 SEDAN V MT,Incumbent,ces,6325791.965888398,425824.8125,0.06731565230033563,0,Mid,2011,11,4
2019-04-29,d87ea1b6ddb450b458c064d02d0acd8abd808ce6d3217c0d3db5873d187a03ca,LA SERENA,Suzuki,ALTO 800 2AB DLX,Incumbent,ces,3596659.6372363744,213501.796875,0.05936113461073897,0,Economy,2019,4,2
2016-07-08,ad26eb7dc369a42dfbeaf7b72fa5a5e83c7eb9ffd727c0b8bb2c5cee9ae1c7c4,INDEPENDENCIA,Suzuki,SWIFT 1.2 AT GLS AC,Incumbent,propio,7544498.00548934,312305.125,0.04139508351288161,0,Mid,2016,7,3
2014-10-30,211f514ab3cb28856106dc68df80588df5bb2b6374d605943c17964fe4732764,QUILICURA,Suzuki,GRAND NOMADE 2.4 2WD GLX SPORT,Incumbent,propio,8348229.840574927,558652.0,0.06691861755947134,0,Mid,2014,10,4
2014-05-29,24d99531fcca3924971b5274fcdd110cc2171a90da752860809db8a0c9637572,CHIGUAYANTE,Renault,SYMBOL 1.6 SDN DYNAMIQUE MT NEW,Incumbent,ces,6026577.127468898,393084.375,0.06522514632864103,0,Economy,2014,5,2
2017-12-30,4fe47c100bcdd71796faaa4d7e8a92349ff5bf32026e03fe2708500b1dd0c83a,SANTIAGO,Suzuki,SWIFT 1.2 AT GL SPORT AC,Incumbent,ces,6315272.521388776,-45950.6015625,-0.007276107469135017,1,Mid,2017,12,4
2021-01-27,3aa1788700893998f823e84b3b497ed4ac9fb9d146857e1df8ed82c9f8865151,LA REINA,Haval,HAVAL H6 AT 1.5T 4X2 ELITE,Chinese,ces,12114768.233875751,697840.25,0.05760244327651882,0,Premium,2021,1,1
2019-10-13,fe9e66da7e686207070d94140a4ef7a6ad6ae3bebfa70c3a395c21b34a55c6a0,HUECHURABA,Suzuki,BALENO 1.4 GLX,Incumbent,propio,7138134.9101299485,370973.625,0.05197066596115182,0,Mid,2019,10,4
2014-05-22,5d741ebc5eca9c4a09a691071f318e4feec1012bdfa72907ed295dce7f7a848b,LOS ANGELES,Renault,FLUENCE 2.0 SDN EXPRESSION AT F2 NEW,Incumbent,ces,7313536.305380203,428625.46875,0.058607143090912354,0,Mid,2014,5,2
2010-06-30,63481c1dffc692960b0e41116707a640e6b4d7e14bfb43bce91f2fe1e72869b5,SANTIAGO,Suzuki,GRAND VITARA 1.6 GLX,Incumbent,propio,7869980.914057739,266208.84375,0.033825856333969624,0,Mid,2010,6,2
2017-03-20,1173c7330784e8c711f00277bbbde81568bba98d92ea0040a71c14f55a2e2a59,RANCAGUA,Mazda,NEW CX-5 R 2.0 2WD 6AT I-STOP,Incumbent,ces,14300827.24735476,848907.625,0.059360735593601645,0,Premium,2017,3,1
2013-08-28,31e627db41d664ef01bc1fa5301c10c875be7c4ceb3dbf54706cabfb82874265,RANCAGUA,Samsung,SM3 1.6 SEDAN ENTRY 3,Incumbent,ces,4723220.8589668935,243277.6875,0.05150673550192864,0,Economy,2013,8,3
2019-12-31,2c519ccb56bb481d59b62bf676e0e04c6b660d5c8196ff21d59cefdb1a821eaa,PENALOLEN,Haval,HAVAL H2 1.5T AT 4X2 ELITE,Chinese,ces,8884379.247678988,682030.25,0.07676734986050691,0,Premium,2019,12,4
2019-12-30,65b01d41d816c734f7b70e08d67b4f120505da2875f5526b001f506df0bd0d0d,ESTACION CENTRAL,Suzuki,SWIFT 1.2 GLS,Incumbent,propio,7012876.135521414,420037.125,0.05989512959917263,0,Mid,2019,12,4
2019-08-06,05e5f13e589d6c70aba95c20f3314cfad38ae01b3443d1edec54d6cdd12a4b77,MACUL,Suzuki,S-CROSS II 1.6 GL,Incumbent,ces,9202760.746991243,471749.40625,0.05126172669481102,0,Premium,2019,8,3
2014-05-31,cd0c238545a4926dd2b22cd9f42eafde3147a1fb37a283844ed0f83968e81817,LA REINA,Renault,KOLEOS 2.5 DYNAMIQUE 4X2 AT PACK FASE 3,Incumbent,ces,11457761.783629611,20167.6796875,0.0017601762079147753,0,Premium,2014,5,2
2021-09-27,6fb58b4841c8aacd611c6a77c136a6c7c1272ab9ac41ed534654cc1f8166f081,VILLARRICA,Mazda,NEW CX-5 R 2.0 2WD 6MT,Incumbent,ces,16437351.030520424,1296806.75,0.07889390131001794,0,Premium,2021,9,3
2022-02-28,dce12a4e2ff5caf6362f636b521c16a298dc2e4b89c077e13211f5f19320e261,LAS CONDES,Mazda,NEW CX-5 R 2.0 2WD 6AT,Incumbent,ces,19010867.190416828,1478319.375,0.0777618064548473,0,Premium,2022,2,1
2016-11-10,4eb9226ae44fb11a7d794d14e3f97f17a8047a9ca61d9ca2cd008a45751865b3,PUENTE ALTO,Mazda,ALL NEW CX-3 R 2.0L 2WD 6AT,Incumbent,propio,11388657.399882946,375342.6875,0.03295758879390452,0,Premium,2016,11,4
2020-11-23,cdaf3f7ef54280dc0e94795175d842c6640eed04178b1f89cafc46bc30e33ac2,SAN MIGUEL,Suzuki,SPRESSO 1.0 GLX AC,Incumbent,propio,6102665.900562915,420007.4375,0.0688236001025811,0,Mid,2020,11,4
2019-12-24,a8c256be386da3ce9822d5ef6cf205ae7e1917b2611c898cbaf472352296bafc,TOME,Suzuki,ALTO 800 GLX AC,Incumbent,ces,4297939.288154531,301928.59375,0.07024961813261059,0,Economy,2019,12,4
2012-01-12,87a059e5a7399ec5486a7a7be37dab28b44f0418adb6b8c384a583c217648824,RANCAGUA,Renault,MEGANE III 2.0 HB DYNAMIQUE MT,Incumbent,ces,7495843.920597593,637983.1875,0.08511158906963179,0,Mid,2012,1,1
2019-06-28,64763393c96b2dee3339732092c3eff881a572715f7be849a5f0a02aaa42971a,PROVIDENCIA,Mazda,NEW MAZDA3 SDN 2.0 6AT,Incumbent,ces,10730570.687867716,741446.8125,0.0690966803227251,0,Premium,2019,6,2
2021-07-30,c8f249c21d3fdbf7714358114111d74a346a96853008dee3659d9dc270da8cca,SAN ANTONIO,Mazda,NEW CX-3 R 2.0L 2WD 6MT IPM,Incumbent,ces,11113781.602168417,521745.84375,0.04694584277670184,0,Premium,2021,7,3
2013-07-23,a2ae569777f731808a5d81b55c4f80bd3a8d6e86705a73c31f1dba3ed8fa4bef,NUNOA,Mazda,MAZDA2 SPORT V 5MT AC,Incumbent,ces,5926366.02543342,348318.875,0.05877444516676237,0,Economy,2013,7,3
2011-10-26,8820f5e9fca71a3b7f7891e385e0b20abd2fb112512754bbd73be44fe12efe33,LA SERENA,Mazda,MAZDA2 SEDAN V MT,Incumbent,ces,6245069.692540145,416374.8125,0.06667256459881749,0,Mid,2011,10,4
2020-09-30,49a41d650a44396f4ae74bfdfc62d30029a5446f6082893978587e2bc09fd531,COQUIMBO,Suzuki,ALTO 800 GL,Incumbent,ces,4403100.263012904,274957.59375,0.06244636218250799,0,Economy,2020,9,3
2021-10-26,18f5b67558e8d2be53d336ecb0ca78ff7bee68cde85cdae61773bd8cdeda19bf,ALGARROBO,JAC Cars,T8 PRO DIESEL LUXURY 4X2,Chinese,ces,14416505.977846922,1179559.5,0.081820068039549,0,Premium,2021,10,4
2010-07-31,d080594726f86aa5c24b1b19a49e767032be26178690037983f9f7cb7dc27d45,LAS CABRAS,Suzuki,SX4 1.6 GLX SPORT,Incumbent,propio,6271732.460173601,407899.53125,0.0650377760595211,0,Mid,2010,7,3
2020-07-29,6772cd9a434749d2d4c29fa55325ac81b6a7c53b669c9846a09567b14d357f94,QUINTA DE TILCOCO,Mazda,NEW BT-50 DOB CABINA 2.2 SDX 6MT 4X4 DI,Incumbent,ces,16925380.15632501,939402.0,0.055502564274690504,0,Premium,2020,7,3
2011-10-17,dc881e2a42cdf36fc73c8eebc62f083a9a2080d45fe605c44e146355309e2766,MACUL,Suzuki,CELERIO 1.0 GLX SPORT AC,Incumbent,propio,4318906.4561706185,202148.3125,0.04680543895809123,0,Economy,2011,10,4
2018-03-27,466f55b34293fa4c8beae909ac27801dddd4084c676c6088d0e97d83ee1538be,CONCON,Renault,"NEW KOLEOS 2,5 PRIVILEGE 4X4 6CVT",Incumbent,ces,14976684.399343794,1357311.0,0.09062827017036366,0,Premium,2018,3,1
2022-02-28,3afde454a3a75509e69cbc28c47673dcaaba8b136be7a24f58c5817dada4f2a2,RANCAGUA,JAC Cars,S3 CE COMFORT SMART 1.6 MT,Chinese,ces,9287039.090813149,612773.125,0.06598153825002875,0,Premium,2022,2,1
2012-01-31,aac254d700fbabe1b6dfbe426ad095f4cb63f1790d923fcd738c69a7487db687,PUENTE ALTO,Suzuki,APV FURGON 1.6,Incumbent,propio,5896477.849751147,305809.0,0.0518629947898314,0,Economy,2012,1,1
2015-02-24,b61813ff99edcc6b0b569370f405f395cddf295725d560218cfc0453bad61bbe,LA REINA,Mazda,MAZDA6 SEDAN V 2.0 6MT E5,Incumbent,ces,10850158.528598854,576186.625,0.05310398216590909,0,Premium,2015,2,1
2015-08-24,7059dc4a9ca0216ab7b9e62eeba1f96c81440a2f0c432710ce42c3b108e635b2,LAS CONDES,Mazda,NEW MAZDA3 SEDAN V SR 2.0 6AT,Incumbent,propio,10629770.696765505,448238.625,0.0421682308853937,0,Premium,2015,8,3
2015-08-14,ba177cc14177f11a3aa178f83955853692c7713af116355fd8617700efadc272,RENGO,Changan,CS35 LUXURY,Chinese,ces,6695476.950116653,577478.9375,0.08624911142288956,0,Mid,2015,8,3
2022-03-25,4b6a45caf0c6758f2590d86f3fcd582c8179f9e5e4d56c258d0dcd62de33b93f,MAIPU,Changan,CX70 COMFORT MT,Chinese,propio,9080026.787625458,806050.375,0.0887718058385588,0,Premium,2022,3,1
2021-07-22,88020537da5e6b2cbd32e11c71333337a9bbcc9943249c0c1676304655bc4728,ANTOFAGASTA,JAC Cars,JS2 COMFORT BICOLOR,Chinese,propio,6715801.997834948,581301.375,0.08655725335371724,0,Mid,2021,7,3
2019-01-29,a5357319172bac7fc1380cdc451233c2d18b58cfcc03e9af1d8a3cc97f180542,CALAMA,Suzuki,SWIFT 1.2 AT GLX,Incumbent,ces,8480704.74464761,560672.5,0.06611154578325049,0,Premium,2019,1,1
2013-08-31,430b8105fa3545c59741fa508de291d52e37bc86763376ce2f576a6c9913df7d,PUDAHUEL,Mazda,MAZDA3 SEDAN 1.6L V MT,Incumbent,propio,8544619.43856521,393764.375,0.04608331334486208,0,Premium,2013,8,3
2018-11-26,901e25e20e93ea36dc969fcc713e06cde7e46fe31bf34cb703020a68315dbde6,RIO BUENO,Great Wall,M4 1.5 LE,Chinese,ces,5431801.287078277,418938.3125,0.07712695850943833,0,Economy,2018,11,4
